Device_ID,Device_Type,Manufacturer,Model,Age,Maintenance_Frequency,Maintenance_Cost,Downtime,Failure_Event_Count,Risk_Score,Risk_Category,Equipment_Status,Predicted_Status,Failure_Probability,Normal_Probability,Risk_to_Failure_Probability,Prediction_Confidence,Recommended_Action
MD05408,PET Scanner,ImagingTech,Model-350,7,3,6225.36,2.66,2,22.07289473643432,Low Risk,Risk to Failure,Normal,0.0,96.67,3.33,96.67,Routine Monitoring
MD03630,PET Scanner,UltraMed,Model-650,11,3,3527.32,2.81,0,22.51855488432324,Low Risk,Normal,Normal,0.67,96.67,2.67,96.67,Routine Monitoring
MD01095,PET Scanner,UltraMed,Model-350,8,3,3566.57,2.68,1,19.472530498372382,Low Risk,Normal,Normal,1.0,96.0,3.0,96.0,Routine Monitoring
MD02078,CT Scanner,ImagingTech,Model-200,5,4,6992.89,4.2,0,15.418116608277998,Low Risk,Normal,Normal,0.0,95.67,4.33,95.67,Routine Monitoring
MD02025,PET Scanner,UltraMed,Model-500,6,3,4406.03,2.32,0,13.61522971378156,Low Risk,Normal,Normal,1.33,95.67,3.0,95.67,Routine Monitoring
MD00137,PET Scanner,UltraMed,Model-200,11,3,5757.87,3.89,0,25.14112338476572,Low Risk,Normal,Normal,0.33,95.33,4.33,95.33,Routine Monitoring
MD03151,X-Ray Machine,ScanPro,Model-100,5,1,5518.14,4.53,0,14.64851402038197,Low Risk,Normal,Normal,0.0,95.33,4.67,95.33,Routine Monitoring
MD04233,X-Ray Machine,CardioSync,Model-200,3,4,4738.01,4.34,1,12.768306529445832,Low Risk,Normal,Normal,0.0,95.33,4.67,95.33,Routine Monitoring
MD04881,X-Ray Machine,ImagingTech,Model-350,8,3,3679.9,4.14,0,18.40361742615963,Low Risk,Normal,Normal,0.33,95.33,4.33,95.33,Routine Monitoring
MD04012,MRI Scanner,UltraMed,Model-350,4,5,4410.28,3.5,0,11.071863824828425,Low Risk,Normal,Normal,0.67,95.33,4.0,95.33,Routine Monitoring
MD05076,CT Scanner,UltraMed,Model-650,3,1,5590.86,2.17,0,8.88532642216769,Low Risk,Normal,Normal,0.67,95.0,4.33,95.0,Routine Monitoring
MD05234,Infusion Pump,UltraMed,Model-150,7,4,4908.7,4.02,2,22.369820771302138,Low Risk,Risk to Failure,Normal,0.67,94.67,4.67,94.67,Routine Monitoring
MD04640,PET Scanner,ScanPro,Model-100,6,3,1817.95,5.69,1,17.342410120635403,Low Risk,Normal,Normal,0.67,94.67,4.67,94.67,Routine Monitoring
MD05472,Infusion Pump,CardioSync,Model-150,6,2,2895.67,2.13,0,12.339388462989644,Low Risk,Normal,Normal,0.0,94.67,5.33,94.67,Routine Monitoring
MD04750,CT Scanner,RescueTech,Model-350,11,5,4021.36,3.38,1,25.904957663260983,Low Risk,Normal,Normal,0.33,94.67,5.0,94.67,Routine Monitoring
MD04289,Infusion Pump,UltraMed,Model-200,6,1,1914.33,4.04,1,15.888611450998813,Low Risk,Normal,Normal,0.33,94.67,5.0,94.67,Routine Monitoring
MD03488,Defibrillator,UltraMed,Model-550,11,1,2501.62,2.48,0,21.466494586037044,Low Risk,Normal,Normal,0.67,94.33,5.0,94.33,Routine Monitoring
MD01398,PET Scanner,UltraMed,Model-550,11,3,6849.11,3.78,0,25.83452786172785,Low Risk,Normal,Normal,0.33,94.33,5.33,94.33,Routine Monitoring
MD02407,MRI Scanner,RescueTech,Model-450,4,3,897.56,2.54,0,7.626028300502299,Low Risk,Normal,Normal,2.0,94.33,3.67,94.33,Routine Monitoring
MD04698,PET Scanner,UltraMed,Model-650,11,2,2385.69,2.29,1,23.706543026452337,Low Risk,Normal,Normal,1.0,94.33,4.67,94.33,Routine Monitoring
MD03952,Defibrillator,ScanPro,Model-350,2,2,4894.91,5.65,0,9.77440706820119,Low Risk,Normal,Normal,0.67,94.33,5.0,94.33,Routine Monitoring
MD03685,Infusion Pump,UltraMed,Model-300,5,3,3043.59,2.17,1,13.165917209609976,Low Risk,Normal,Normal,1.67,94.0,4.33,94.0,Routine Monitoring
MD01418,CT Scanner,MedEquip,Model-550,5,3,963.06,1.5,0,8.531337963881091,Low Risk,Normal,Normal,0.0,94.0,6.0,94.0,Routine Monitoring
MD02130,X-Ray Machine,ScanPro,Model-150,7,5,2022.24,2.32,0,13.696739424361818,Low Risk,Normal,Normal,0.67,94.0,5.33,94.0,Routine Monitoring
MD00703,PET Scanner,UltraMed,Model-550,9,2,4195.95,3.7,0,20.191355283624056,Low Risk,Normal,Normal,0.0,94.0,6.0,94.0,Routine Monitoring
MD02931,MRI Scanner,UltraMed,Model-350,7,5,4914.13,4.91,0,18.19582104599715,Low Risk,Normal,Normal,1.0,94.0,5.0,94.0,Routine Monitoring
MD02680,PET Scanner,CardioSync,Model-350,5,1,2636.09,3.28,1,13.894285902551236,Low Risk,Normal,Normal,0.0,94.0,6.0,94.0,Routine Monitoring
MD00348,Infusion Pump,UltraMed,Model-550,8,3,4047.45,1.6,1,18.825330991303527,Low Risk,Normal,Normal,0.33,93.67,6.0,93.67,Routine Monitoring
MD04130,Defibrillator,UltraMed,Model-100,8,2,7293.5,1.79,1,21.36568145240464,Low Risk,Normal,Normal,0.33,93.67,6.0,93.67,Routine Monitoring
MD02869,CT Scanner,ScanPro,Model-350,5,3,4382.19,4.57,0,13.857881615045638,Low Risk,Normal,Normal,1.33,93.67,5.0,93.67,Routine Monitoring
MD00626,CT Scanner,CardioSync,Model-650,6,3,4250.51,6.55,3,24.908947807681333,Low Risk,Risk to Failure,Normal,0.0,93.67,6.33,93.67,Routine Monitoring
MD01521,Infusion Pump,UltraMed,Model-350,5,5,2338.91,3.84,0,11.695021542288451,Low Risk,Normal,Normal,2.67,93.67,3.67,93.67,Routine Monitoring
MD03853,PET Scanner,ImagingTech,Model-150,6,2,2920.74,6.55,1,18.9401651261006,Low Risk,Normal,Normal,0.67,93.67,5.67,93.67,Routine Monitoring
MD03858,CT Scanner,UltraMed,Model-100,8,2,4515.38,4.8,0,19.621898939140397,Low Risk,Normal,Normal,1.33,93.67,5.0,93.67,Routine Monitoring
MD02955,Infusion Pump,ScanPro,Model-150,4,2,5611.43,2.27,1,13.310858717126662,Low Risk,Normal,Normal,0.0,93.67,6.33,93.67,Routine Monitoring
MD00251,PET Scanner,MedEquip,Model-200,5,3,4157.99,5.82,0,14.849100938377966,Low Risk,Normal,Normal,0.0,93.33,6.67,93.33,Routine Monitoring
MD01706,MRI Scanner,UltraMed,Model-500,5,3,5406.75,1.88,0,12.119702517555842,Low Risk,Normal,Normal,1.67,93.33,5.0,93.33,Routine Monitoring
MD00478,MRI Scanner,UltraMed,Model-100,5,5,2772.83,4.15,1,14.79747707279179,Low Risk,Normal,Normal,1.67,93.33,5.0,93.33,Routine Monitoring
MD01049,X-Ray Machine,MedEquip,Model-400,4,2,4785.56,2.5,0,10.42162275103761,Low Risk,Normal,Normal,0.33,93.33,6.33,93.33,Routine Monitoring
MD01725,X-Ray Machine,RescueTech,Model-150,8,5,4771.4,1.73,2,21.972827085513327,Low Risk,Risk to Failure,Normal,0.33,93.33,6.33,93.33,Routine Monitoring
MD00114,Infusion Pump,UltraMed,Model-550,10,2,1588.92,4.11,0,20.488921641228742,Low Risk,Normal,Normal,0.0,93.33,6.67,93.33,Routine Monitoring
MD00528,MRI Scanner,CardioSync,Model-350,10,5,2623.64,3.92,0,21.06725774985799,Low Risk,Normal,Normal,0.67,93.0,6.33,93.0,Routine Monitoring
MD01286,MRI Scanner,RescueTech,Model-450,2,2,6387.58,2.47,1,10.424675823144463,Low Risk,Normal,Normal,0.33,93.0,6.67,93.0,Routine Monitoring
MD04901,Infusion Pump,MedEquip,Model-650,5,2,5498.29,2.6,3,20.35141715213744,Low Risk,Risk to Failure,Normal,0.33,93.0,6.67,93.0,Routine Monitoring
MD04598,CT Scanner,UltraMed,Model-350,7,2,4165.42,3.26,1,18.626345562793503,Low Risk,Normal,Normal,0.0,93.0,7.0,93.0,Routine Monitoring
MD00640,Defibrillator,RescueTech,Model-450,2,1,5264.17,2.74,0,7.35561765804356,Low Risk,Normal,Normal,1.33,93.0,5.67,93.0,Routine Monitoring
MD02334,MRI Scanner,UltraMed,Model-100,11,2,2563.65,1.54,0,20.643458950210047,Low Risk,Normal,Normal,0.33,93.0,6.67,93.0,Routine Monitoring
MD04070,PET Scanner,UltraMed,Model-550,8,2,5209.5,3.22,1,21.16822936604588,Low Risk,Normal,Normal,0.33,93.0,6.67,93.0,Routine Monitoring
MD02469,PET Scanner,RescueTech,Model-600,9,2,971.54,1.44,2,20.754824485872145,Low Risk,Risk to Failure,Normal,0.33,93.0,6.67,93.0,Routine Monitoring
MD01354,X-Ray Machine,UltraMed,Model-350,6,3,5603.89,2.85,0,14.97744349270623,Low Risk,Normal,Normal,1.0,92.67,6.33,92.67,Routine Monitoring
MD05485,Defibrillator,ScanPro,Model-100,6,4,23770.53,28.36,1,54.27465085004316,High Risk,Normal,Failure,92.67,1.67,5.67,92.67,Inspect Immediately
MD03386,Infusion Pump,CardioSync,Model-200,5,3,3737.07,6.76,0,15.41067300035948,Low Risk,Normal,Normal,0.0,92.67,7.33,92.67,Routine Monitoring
MD02729,CT Scanner,ImagingTech,Model-150,5,4,4829.21,2.94,0,12.678009020007089,Low Risk,Normal,Normal,0.0,92.67,7.33,92.67,Routine Monitoring
MD02807,Infusion Pump,ImagingTech,Model-200,3,3,1575.8,2.46,0,6.228075769310141,Low Risk,Normal,Normal,0.33,92.67,7.0,92.67,Routine Monitoring
MD03432,PET Scanner,ScanPro,Model-550,6,3,4066.3,1.71,0,12.80430120640746,Low Risk,Normal,Normal,0.67,92.67,6.67,92.67,Routine Monitoring
MD02611,CT Scanner,UltraMed,Model-200,11,2,3123.38,2.12,1,24.086955582015147,Low Risk,Normal,Normal,0.0,92.67,7.33,92.67,Routine Monitoring
MD01833,X-Ray Machine,CardioSync,Model-300,4,2,4786.69,5.36,1,15.564071610241893,Low Risk,Normal,Normal,0.33,92.67,7.0,92.67,Routine Monitoring
MD03530,X-Ray Machine,UltraMed,Model-100,12,2,1369.93,6.14,3,33.340743612914,Medium Risk,Risk to Failure,Normal,0.67,92.33,7.0,92.33,Routine Monitoring
MD02946,MRI Scanner,CardioSync,Model-500,8,3,4697.93,1.38,2,21.59602582911622,Low Risk,Risk to Failure,Normal,0.67,92.33,7.0,92.33,Routine Monitoring
MD00340,X-Ray Machine,UltraMed,Model-650,11,3,4730.73,1.22,1,24.42668394823201,Low Risk,Normal,Normal,1.0,92.33,6.67,92.33,Routine Monitoring
MD00787,X-Ray Machine,UltraMed,Model-650,12,3,4200.09,1.59,0,23.700025243389717,Low Risk,Normal,Normal,0.0,92.33,7.67,92.33,Routine Monitoring
MD04511,PET Scanner,CardioSync,Model-650,7,3,7030.46,0.77,0,15.913747819435166,Low Risk,Normal,Normal,0.33,92.33,7.33,92.33,Routine Monitoring
MD03730,CT Scanner,UltraMed,Model-150,4,2,3648.72,1.11,0,8.309529142543173,Low Risk,Normal,Normal,0.33,92.33,7.33,92.33,Routine Monitoring
MD04167,Infusion Pump,UltraMed,Model-300,4,5,7010.88,2.61,3,19.644445057972987,Low Risk,Risk to Failure,Normal,2.0,92.33,5.67,92.33,Routine Monitoring
MD04307,X-Ray Machine,UltraMed,Model-150,2,4,8001.64,2.58,2,14.202174426023475,Low Risk,Risk to Failure,Normal,0.0,92.33,7.67,92.33,Routine Monitoring
MD00728,PET Scanner,UltraMed,Model-350,8,2,2738.83,5.24,0,18.734025769728134,Low Risk,Normal,Normal,1.0,92.33,6.67,92.33,Routine Monitoring
MD04917,PET Scanner,MedEquip,Model-200,6,3,4111.88,3.64,0,14.620143254944129,Low Risk,Normal,Normal,0.33,92.33,7.33,92.33,Routine Monitoring
MD03450,CT Scanner,CardioSync,Model-550,7,3,7011.0,4.85,0,19.66804345384202,Low Risk,Normal,Normal,1.0,92.0,7.0,92.0,Routine Monitoring
MD05047,PET Scanner,ScanPro,Model-400,8,4,21280.35,24.66,1,52.67934595986396,High Risk,Normal,Failure,92.0,0.0,8.0,92.0,Inspect Immediately
MD01383,PET Scanner,ScanPro,Model-650,5,2,1549.95,7.64,0,14.630089559920131,Low Risk,Normal,Normal,1.67,92.0,6.33,92.0,Routine Monitoring
MD01078,Defibrillator,CardioSync,Model-300,6,3,5195.1,1.53,0,13.460414248685003,Low Risk,Normal,Normal,0.33,92.0,7.67,92.0,Routine Monitoring
MD05164,X-Ray Machine,UltraMed,Model-200,6,4,3538.34,3.47,0,14.04528014962641,Low Risk,Normal,Normal,1.0,92.0,7.0,92.0,Routine Monitoring
MD01815,X-Ray Machine,CardioSync,Model-350,10,1,2785.18,4.79,0,21.98851656375361,Low Risk,Normal,Normal,1.0,92.0,7.0,92.0,Routine Monitoring
MD00282,PET Scanner,RescueTech,Model-350,9,1,5503.53,3.37,1,23.33916883967258,Low Risk,Normal,Normal,0.33,92.0,7.67,92.0,Routine Monitoring
MD03081,PET Scanner,ImagingTech,Model-100,6,4,1755.94,5.37,1,17.00166722369449,Low Risk,Normal,Normal,0.0,92.0,8.0,92.0,Routine Monitoring
MD04073,Defibrillator,MedEquip,Model-350,2,3,5381.92,3.02,0,7.700023228359395,Low Risk,Normal,Normal,0.0,92.0,8.0,92.0,Routine Monitoring
MD04235,X-Ray Machine,ScanPro,Model-550,8,3,6320.28,4.39,1,23.05813540757877,Low Risk,Normal,Normal,0.67,92.0,7.33,92.0,Routine Monitoring
MD01113,Infusion Pump,RescueTech,Model-200,3,2,6409.0,3.53,2,15.7375268794082,Low Risk,Risk to Failure,Normal,1.33,92.0,6.67,92.0,Routine Monitoring
MD01363,Infusion Pump,UltraMed,Model-550,5,2,7490.32,2.55,1,16.756496506700508,Low Risk,Normal,Normal,2.0,91.67,6.33,91.67,Routine Monitoring
MD02963,X-Ray Machine,ImagingTech,Model-650,8,3,5723.01,5.0,0,20.68642753975931,Low Risk,Normal,Normal,0.33,91.67,8.0,91.67,Routine Monitoring
MD02240,PET Scanner,MedEquip,Model-350,8,1,3736.26,5.15,0,19.377559376832828,Low Risk,Normal,Normal,0.67,91.67,7.67,91.67,Routine Monitoring
MD03470,Infusion Pump,MedEquip,Model-650,2,1,2706.77,4.19,2,11.831750473802042,Low Risk,Risk to Failure,Normal,0.67,91.67,7.67,91.67,Routine Monitoring
MD03539,MRI Scanner,RescueTech,Model-350,5,1,2880.45,2.99,0,11.304453332418,Low Risk,Normal,Normal,1.33,91.67,7.0,91.67,Routine Monitoring
MD03057,Infusion Pump,CardioSync,Model-550,9,2,4128.99,1.07,1,20.213385453637137,Low Risk,Normal,Normal,0.0,91.67,8.33,91.67,Routine Monitoring
MD04808,CT Scanner,MedEquip,Model-200,3,3,680.43,7.55,1,12.777122945103429,Low Risk,Normal,Normal,1.33,91.67,7.0,91.67,Routine Monitoring
MD03910,PET Scanner,ScanPro,Model-300,9,2,22722.7,18.02,5,59.415323893303935,High Risk,Failure,Failure,91.67,3.0,5.33,91.67,Inspect Immediately
MD02155,PET Scanner,UltraMed,Model-550,7,4,2370.65,3.08,0,14.652538405044751,Low Risk,Normal,Normal,0.0,91.67,8.33,91.67,Routine Monitoring
MD02380,X-Ray Machine,CardioSync,Model-200,3,3,7429.66,3.68,1,14.119659208606446,Low Risk,Normal,Normal,0.33,91.67,8.0,91.67,Routine Monitoring
MD04338,CT Scanner,CardioSync,Model-200,6,3,6074.73,3.94,0,16.327239848920726,Low Risk,Normal,Normal,0.0,91.67,8.33,91.67,Routine Monitoring
MD04487,Infusion Pump,CardioSync,Model-150,12,3,3102.67,3.46,2,29.627734189740984,Medium Risk,Risk to Failure,Normal,0.33,91.67,8.0,91.67,Routine Monitoring
MD02255,MRI Scanner,CardioSync,Model-300,9,1,3260.12,1.53,1,20.005260948404374,Low Risk,Normal,Normal,0.33,91.67,8.0,91.67,Routine Monitoring
MD04274,PET Scanner,MedEquip,Model-350,3,3,6368.78,4.26,1,13.88248632493402,Low Risk,Normal,Normal,0.0,91.67,8.33,91.67,Routine Monitoring
MD00580,Defibrillator,CardioSync,Model-100,6,2,5017.66,2.01,2,18.77449292616363,Low Risk,Risk to Failure,Normal,0.33,91.33,8.33,91.33,Routine Monitoring
MD03670,Defibrillator,ImagingTech,Model-200,6,4,7818.25,4.74,1,20.836369736751237,Low Risk,Normal,Normal,0.67,91.33,8.0,91.33,Routine Monitoring
MD05375,CT Scanner,RescueTech,Model-350,6,1,5807.85,3.94,0,16.13280869010359,Low Risk,Normal,Normal,1.67,91.33,7.0,91.33,Routine Monitoring
MD04415,X-Ray Machine,RescueTech,Model-500,5,3,4431.14,3.68,0,13.07149902026848,Low Risk,Normal,Normal,0.33,91.33,8.33,91.33,Routine Monitoring
MD04099,Infusion Pump,UltraMed,Model-200,11,2,4447.85,5.1,1,27.80434008748581,Medium Risk,Normal,Normal,0.67,91.33,8.0,91.33,Routine Monitoring
MD00217,MRI Scanner,ScanPro,Model-150,3,3,3001.7,2.68,1,9.970094396518167,Low Risk,Normal,Normal,0.0,91.33,8.67,91.33,Routine Monitoring
MD00265,CT Scanner,ScanPro,Model-600,10,5,2705.18,3.77,1,23.488115615684656,Low Risk,Normal,Normal,0.67,91.33,8.0,91.33,Routine Monitoring
MD05475,X-Ray Machine,RescueTech,Model-450,5,4,4629.68,6.95,0,16.236462361315944,Low Risk,Normal,Normal,0.67,91.33,8.0,91.33,Routine Monitoring
MD01216,MRI Scanner,RescueTech,Model-450,8,5,4002.33,2.7,0,17.308469388612345,Low Risk,Normal,Normal,0.33,91.33,8.33,91.33,Routine Monitoring
MD04121,PET Scanner,CardioSync,Model-450,10,3,612.37,6.42,0,21.911092435264624,Low Risk,Normal,Normal,1.33,91.33,7.33,91.33,Routine Monitoring
MD02159,X-Ray Machine,MedEquip,Model-350,5,5,4061.8,4.06,1,15.653407487606122,Low Risk,Normal,Normal,0.0,91.33,8.67,91.33,Routine Monitoring
MD03720,X-Ray Machine,UltraMed,Model-500,3,3,3826.63,3.85,1,11.651748988905831,Low Risk,Normal,Normal,1.67,91.0,7.33,91.0,Routine Monitoring
MD04903,Defibrillator,MedEquip,Model-400,2,1,7345.7,1.45,1,10.180580610204588,Low Risk,Normal,Normal,0.0,91.0,9.0,91.0,Routine Monitoring
MD01057,PET Scanner,UltraMed,Model-250,7,3,2785.4,2.86,0,14.75149591871189,Low Risk,Normal,Normal,3.0,91.0,6.0,91.0,Routine Monitoring
MD03769,Defibrillator,UltraMed,Model-500,11,2,3674.85,3.11,1,25.403129104109464,Low Risk,Normal,Normal,0.67,91.0,8.33,91.0,Routine Monitoring
MD01705,X-Ray Machine,ScanPro,Model-650,7,4,21201.1,26.1,4,59.63347708181168,High Risk,Failure,Failure,91.0,3.67,5.33,91.0,Inspect Immediately
MD00344,Infusion Pump,UltraMed,Model-100,9,3,7118.25,1.32,0,20.122074383378088,Low Risk,Normal,Normal,0.33,91.0,8.67,91.0,Routine Monitoring
MD01820,MRI Scanner,ImagingTech,Model-450,4,3,6781.14,5.68,0,14.812662785602278,Low Risk,Normal,Normal,0.33,91.0,8.67,91.0,Routine Monitoring
MD05386,PET Scanner,CardioSync,Model-450,2,3,4173.9,1.13,0,5.074249908340315,Low Risk,Normal,Normal,0.0,91.0,9.0,91.0,Routine Monitoring
MD03429,PET Scanner,ImagingTech,Model-200,4,2,4141.41,5.08,2,17.335342489226097,Low Risk,Risk to Failure,Normal,0.0,91.0,9.0,91.0,Routine Monitoring
MD02389,Infusion Pump,CardioSync,Model-100,9,3,5597.02,2.34,0,19.95592480524513,Low Risk,Normal,Normal,0.67,91.0,8.33,91.0,Routine Monitoring
MD05153,Infusion Pump,ScanPro,Model-500,11,5,6403.42,2.55,0,24.37374379124725,Low Risk,Normal,Normal,0.33,91.0,8.67,91.0,Routine Monitoring
MD02066,X-Ray Machine,UltraMed,Model-550,11,2,8042.25,2.25,0,25.290593600479998,Low Risk,Normal,Normal,0.33,91.0,8.67,91.0,Routine Monitoring
MD02506,X-Ray Machine,UltraMed,Model-150,8,4,5298.41,1.1,0,16.774875246799603,Low Risk,Normal,Normal,0.0,91.0,9.0,91.0,Routine Monitoring
MD03083,MRI Scanner,ScanPro,Model-150,8,4,1174.32,7.31,2,24.506172825487905,Low Risk,Risk to Failure,Normal,2.33,91.0,6.67,91.0,Routine Monitoring
MD01514,Infusion Pump,CardioSync,Model-450,7,2,1334.79,2.56,0,13.417583590294685,Low Risk,Normal,Normal,0.33,91.0,8.67,91.0,Routine Monitoring
MD04256,X-Ray Machine,UltraMed,Model-450,7,5,3702.59,1.42,0,14.089650773918205,Low Risk,Normal,Normal,0.67,91.0,8.33,91.0,Routine Monitoring
MD03294,X-Ray Machine,ImagingTech,Model-350,2,5,5989.61,4.69,0,9.685233750699322,Low Risk,Normal,Normal,1.0,91.0,8.0,91.0,Routine Monitoring
MD00666,PET Scanner,UltraMed,Model-100,9,2,6975.69,5.45,1,26.33286974613596,Low Risk,Normal,Normal,0.0,91.0,9.0,91.0,Routine Monitoring
MD01770,PET Scanner,ImagingTech,Model-150,8,4,7535.27,2.3,0,19.51287823532152,Low Risk,Normal,Normal,0.0,91.0,9.0,91.0,Routine Monitoring
MD00258,X-Ray Machine,UltraMed,Model-150,8,3,4567.25,4.57,0,19.447249575026863,Low Risk,Normal,Normal,0.67,91.0,8.33,91.0,Routine Monitoring
MD02201,MRI Scanner,UltraMed,Model-550,11,5,7514.84,2.52,0,25.15574171031544,Low Risk,Normal,Normal,0.0,90.67,9.33,90.67,Routine Monitoring
MD00263,CT Scanner,MedEquip,Model-200,10,4,1894.76,4.84,2,26.385997569144624,Low Risk,Risk to Failure,Normal,0.0,90.67,9.33,90.67,Routine Monitoring
MD00011,Defibrillator,RescueTech,Model-450,9,3,3718.5,1.0,0,17.349674352031027,Low Risk,Normal,Normal,0.67,90.67,8.67,90.67,Routine Monitoring
MD03602,MRI Scanner,ImagingTech,Model-450,4,5,4388.31,2.85,0,10.455488474317203,Low Risk,Normal,Normal,0.0,90.67,9.33,90.67,Routine Monitoring
MD01329,PET Scanner,ImagingTech,Model-150,7,3,2706.22,6.45,1,20.50969729464636,Low Risk,Normal,Normal,1.0,90.67,8.33,90.67,Routine Monitoring
MD00836,X-Ray Machine,CardioSync,Model-450,7,5,2743.44,4.1,1,18.366246828346277,Low Risk,Normal,Normal,0.67,90.67,8.67,90.67,Routine Monitoring
MD01099,PET Scanner,MedEquip,Model-250,5,3,1304.1,2.1,1,11.83398439761726,Low Risk,Normal,Normal,0.0,90.67,9.33,90.67,Routine Monitoring
MD02841,PET Scanner,ImagingTech,Model-350,4,4,3061.59,3.64,1,12.718607624448104,Low Risk,Normal,Normal,0.0,90.67,9.33,90.67,Routine Monitoring
MD00397,MRI Scanner,UltraMed,Model-650,9,1,5924.5,1.57,0,19.48329822902253,Low Risk,Normal,Normal,0.67,90.67,8.67,90.67,Routine Monitoring
MD00713,Infusion Pump,RescueTech,Model-450,4,5,4022.35,4.22,0,11.454268253631938,Low Risk,Normal,Normal,0.67,90.67,8.67,90.67,Routine Monitoring
MD05168,MRI Scanner,MedEquip,Model-100,9,5,3687.64,4.76,0,20.80009819616565,Low Risk,Normal,Normal,0.67,90.67,8.67,90.67,Routine Monitoring
MD03415,Defibrillator,ScanPro,Model-600,3,2,3761.62,5.91,0,11.007096351978838,Low Risk,Normal,Normal,1.33,90.67,8.0,90.67,Routine Monitoring
MD03173,Infusion Pump,UltraMed,Model-650,5,3,24323.83,24.84,2,52.10833537712058,High Risk,Risk to Failure,Failure,90.67,1.33,8.0,90.67,Inspect Immediately
MD03102,Defibrillator,RescueTech,Model-350,10,4,4634.99,4.33,0,22.911289228946217,Low Risk,Normal,Normal,0.33,90.67,9.0,90.67,Routine Monitoring
MD02089,Infusion Pump,CardioSync,Model-350,6,2,3824.38,3.78,0,14.540000069496209,Low Risk,Normal,Normal,0.33,90.67,9.0,90.67,Routine Monitoring
MD04426,CT Scanner,ScanPro,Model-100,4,3,6192.35,2.18,1,13.65095062024857,Low Risk,Normal,Normal,0.33,90.67,9.0,90.67,Routine Monitoring
MD02918,CT Scanner,UltraMed,Model-200,3,3,6309.58,5.92,0,12.87260834257482,Low Risk,Normal,Normal,1.0,90.67,8.33,90.67,Routine Monitoring
MD03953,PET Scanner,UltraMed,Model-650,3,2,6296.54,1.12,0,8.429610722029729,Low Risk,Normal,Normal,0.67,90.33,9.0,90.33,Routine Monitoring
MD01478,CT Scanner,UltraMed,Model-400,11,5,4573.6,1.06,0,21.664426146697217,Low Risk,Normal,Normal,0.67,90.33,9.0,90.33,Routine Monitoring
MD00110,CT Scanner,CardioSync,Model-100,7,5,6239.43,2.51,0,16.944598412042946,Low Risk,Normal,Normal,0.0,90.33,9.67,90.33,Routine Monitoring
MD04704,Defibrillator,UltraMed,Model-200,5,1,978.33,4.47,0,11.285689279326512,Low Risk,Normal,Normal,0.33,90.33,9.33,90.33,Routine Monitoring
MD05210,PET Scanner,UltraMed,Model-200,2,3,6913.34,4.61,1,12.78431085385362,Low Risk,Normal,Normal,0.33,90.33,9.33,90.33,Routine Monitoring
MD01007,X-Ray Machine,ScanPro,Model-300,8,3,4098.85,4.38,0,18.930511629994484,Low Risk,Normal,Normal,0.67,90.33,9.0,90.33,Routine Monitoring
MD05180,X-Ray Machine,UltraMed,Model-550,9,3,3262.54,5.17,0,20.869092966246026,Low Risk,Normal,Normal,0.0,90.33,9.67,90.33,Routine Monitoring
MD01687,CT Scanner,RescueTech,Model-100,7,1,2119.41,5.81,2,21.99105324241253,Low Risk,Risk to Failure,Normal,0.33,90.33,9.33,90.33,Routine Monitoring
MD00371,CT Scanner,UltraMed,Model-200,7,5,3016.79,3.38,1,17.900366971720263,Low Risk,Normal,Normal,0.0,90.33,9.67,90.33,Routine Monitoring
MD02714,Defibrillator,UltraMed,Model-200,11,3,2086.32,1.13,1,22.41701322595045,Low Risk,Normal,Normal,0.0,90.33,9.67,90.33,Routine Monitoring
MD05413,Infusion Pump,CardioSync,Model-100,3,1,2184.97,7.46,1,13.790103438253382,Low Risk,Normal,Normal,0.0,90.33,9.67,90.33,Routine Monitoring
MD01185,Defibrillator,CardioSync,Model-600,2,2,3281.25,3.05,0,6.1973230316388825,Low Risk,Normal,Normal,0.67,90.33,9.0,90.33,Routine Monitoring
MD01276,PET Scanner,ImagingTech,Model-350,6,4,6918.02,0.86,0,14.096777715047851,Low Risk,Normal,Normal,0.33,90.33,9.33,90.33,Routine Monitoring
MD02852,Infusion Pump,UltraMed,Model-650,4,1,6068.54,4.84,0,13.517647375160848,Low Risk,Normal,Normal,1.0,90.33,8.67,90.33,Routine Monitoring
MD04623,Defibrillator,CardioSync,Model-250,6,2,22060.4,30.93,5,65.4025314421494,High Risk,Failure,Failure,90.33,2.67,7.0,90.33,Inspect Immediately
MD01482,Defibrillator,ImagingTech,Model-150,3,1,6474.18,3.66,0,10.90508661834984,Low Risk,Normal,Normal,1.0,90.33,8.67,90.33,Routine Monitoring
MD02194,Defibrillator,ScanPro,Model-600,5,2,1404.36,6.14,0,13.13855431189305,Low Risk,Normal,Normal,0.33,90.33,9.33,90.33,Routine Monitoring
MD02100,PET Scanner,CardioSync,Model-500,12,2,6799.25,3.45,0,27.311582018089727,Medium Risk,Normal,Normal,0.0,90.33,9.67,90.33,Routine Monitoring
MD02557,PET Scanner,CardioSync,Model-350,9,4,7371.87,1.3,0,20.288372274707967,Low Risk,Normal,Normal,0.0,90.33,9.67,90.33,Routine Monitoring
MD04904,Defibrillator,ImagingTech,Model-150,8,4,5209.43,2.19,1,20.21682368886164,Low Risk,Normal,Normal,0.0,90.33,9.67,90.33,Routine Monitoring
MD02420,Infusion Pump,CardioSync,Model-200,11,5,1012.69,7.34,1,27.37067468625343,Medium Risk,Normal,Normal,0.67,90.33,9.0,90.33,Routine Monitoring
MD04186,MRI Scanner,UltraMed,Model-550,8,4,2484.91,5.62,1,21.400021633463687,Low Risk,Normal,Normal,1.0,90.33,8.67,90.33,Routine Monitoring
MD04925,CT Scanner,UltraMed,Model-500,12,2,1373.45,0.5,1,23.133948446747254,Low Risk,Normal,Normal,1.0,90.33,8.67,90.33,Routine Monitoring
MD05270,PET Scanner,ScanPro,Model-100,10,2,5354.22,6.09,0,25.060888514510587,Low Risk,Normal,Normal,2.33,90.33,7.33,90.33,Routine Monitoring
MD01758,Defibrillator,MedEquip,Model-400,2,1,7370.4,2.16,1,10.854363577797724,Low Risk,Normal,Normal,0.67,90.33,9.0,90.33,Routine Monitoring
MD02757,MRI Scanner,RescueTech,Model-450,2,1,2441.64,3.92,0,6.389210013063813,Low Risk,Normal,Normal,0.33,90.33,9.33,90.33,Routine Monitoring
MD04857,Defibrillator,ScanPro,Model-100,10,3,5956.0,1.88,1,24.110758918043445,Low Risk,Normal,Normal,0.33,90.33,9.33,90.33,Routine Monitoring
MD00407,Infusion Pump,MedEquip,Model-150,10,3,6683.8,5.19,0,25.198251986450494,Low Risk,Normal,Normal,0.67,90.33,9.0,90.33,Routine Monitoring
MD02337,PET Scanner,ImagingTech,Model-300,10,3,1722.45,4.06,0,20.540020522689108,Low Risk,Normal,Normal,0.67,90.33,9.0,90.33,Routine Monitoring
MD02413,Infusion Pump,ScanPro,Model-550,6,3,6893.32,3.69,1,19.192699180952253,Low Risk,Normal,Normal,0.33,90.33,9.33,90.33,Routine Monitoring
MD05138,MRI Scanner,MedEquip,Model-200,4,4,2719.27,1.61,0,8.094215859286674,Low Risk,Normal,Normal,0.0,90.33,9.67,90.33,Routine Monitoring
MD02071,X-Ray Machine,ImagingTech,Model-150,3,2,5973.07,0.7,0,7.806020788631429,Low Risk,Normal,Normal,0.33,90.33,9.33,90.33,Routine Monitoring
MD02144,X-Ray Machine,ScanPro,Model-650,10,1,1230.82,3.27,0,19.45217154029224,Low Risk,Normal,Normal,2.33,90.0,7.67,90.0,Routine Monitoring
MD03653,X-Ray Machine,ScanPro,Model-500,11,5,2149.43,5.1,0,23.62986292903076,Low Risk,Normal,Normal,0.67,90.0,9.33,90.0,Routine Monitoring
MD03428,PET Scanner,MedEquip,Model-100,7,2,3949.36,6.55,0,19.00773160623717,Low Risk,Normal,Normal,0.67,90.0,9.33,90.0,Routine Monitoring
MD03534,X-Ray Machine,RescueTech,Model-300,3,5,4546.16,3.72,1,12.055877179503296,Low Risk,Normal,Normal,0.67,90.0,9.33,90.0,Routine Monitoring
MD00607,PET Scanner,RescueTech,Model-600,12,5,8472.22,3.94,0,28.982983781664583,Medium Risk,Normal,Normal,1.33,90.0,8.67,90.0,Routine Monitoring
MD00630,Defibrillator,CardioSync,Model-650,9,2,5908.34,1.51,0,19.416106400074177,Low Risk,Normal,Normal,0.0,90.0,10.0,90.0,Routine Monitoring
MD00400,MRI Scanner,UltraMed,Model-550,8,4,8436.97,5.47,0,23.097753024691965,Low Risk,Normal,Normal,1.33,90.0,8.67,90.0,Routine Monitoring
MD02105,CT Scanner,MedEquip,Model-100,4,3,6564.69,3.58,1,15.215316424916717,Low Risk,Normal,Normal,1.0,90.0,9.0,90.0,Routine Monitoring
MD01569,PET Scanner,RescueTech,Model-500,6,3,4878.58,2.66,1,16.773537873019652,Low Risk,Normal,Normal,0.0,90.0,10.0,90.0,Routine Monitoring
MD02467,CT Scanner,UltraMed,Model-100,2,5,3671.37,0.94,2,9.532647097261655,Low Risk,Risk to Failure,Normal,0.33,90.0,9.67,90.0,Routine Monitoring
MD04763,X-Ray Machine,MedEquip,Model-600,7,2,1048.48,6.7,1,19.532888641116777,Low Risk,Normal,Normal,0.0,90.0,10.0,90.0,Routine Monitoring
MD05296,Infusion Pump,CardioSync,Model-550,11,2,4332.77,6.84,0,26.827643249797006,Low Risk,Normal,Normal,1.0,90.0,9.0,90.0,Routine Monitoring
MD02581,MRI Scanner,CardioSync,Model-300,3,3,1232.18,5.36,2,13.656308338496288,Low Risk,Risk to Failure,Normal,2.0,90.0,8.0,90.0,Routine Monitoring
MD02449,CT Scanner,ImagingTech,Model-150,4,4,6762.59,2.54,0,11.898902174143174,Low Risk,Normal,Normal,0.0,90.0,10.0,90.0,Routine Monitoring
MD01678,Defibrillator,MedEquip,Model-400,3,5,5278.3,3.17,2,14.581261149589386,Low Risk,Risk to Failure,Normal,2.0,90.0,8.0,90.0,Routine Monitoring
MD05392,CT Scanner,CardioSync,Model-200,8,1,2878.55,3.72,3,24.93187565607243,Low Risk,Risk to Failure,Normal,0.33,90.0,9.67,90.0,Routine Monitoring
MD04178,PET Scanner,MedEquip,Model-150,10,3,3529.83,1.23,1,21.74284208061615,Low Risk,Normal,Normal,0.0,90.0,10.0,90.0,Routine Monitoring
MD00967,Infusion Pump,ImagingTech,Model-200,6,4,4766.9,2.45,0,13.998209676608992,Low Risk,Normal,Normal,0.67,90.0,9.33,90.0,Routine Monitoring
MD01597,Infusion Pump,UltraMed,Model-450,9,1,2032.78,1.02,0,16.140042893022702,Low Risk,Normal,Normal,1.0,90.0,9.0,90.0,Routine Monitoring
MD01895,X-Ray Machine,ScanPro,Model-600,3,1,1679.01,2.7,0,6.524942642191294,Low Risk,Normal,Normal,0.67,90.0,9.33,90.0,Routine Monitoring
MD05293,X-Ray Machine,ImagingTech,Model-650,8,5,4657.99,7.47,1,24.691928180423336,Low Risk,Normal,Normal,0.0,90.0,10.0,90.0,Routine Monitoring
MD00154,Infusion Pump,RescueTech,Model-600,9,5,4614.17,4.06,0,20.828555096049158,Low Risk,Normal,Normal,0.67,90.0,9.33,90.0,Routine Monitoring
MD01422,X-Ray Machine,MedEquip,Model-500,9,1,4511.25,0.81,0,17.751727084240223,Low Risk,Normal,Normal,0.33,90.0,9.67,90.0,Routine Monitoring
MD00239,X-Ray Machine,ScanPro,Model-400,2,2,6624.39,3.88,2,14.399539865507665,Low Risk,Risk to Failure,Normal,1.0,90.0,9.0,90.0,Routine Monitoring
MD02776,PET Scanner,UltraMed,Model-550,8,2,6000.3,3.48,0,19.484501851007963,Low Risk,Normal,Normal,0.33,90.0,9.67,90.0,Routine Monitoring
MD00316,Infusion Pump,ImagingTech,Model-200,4,4,4737.79,3.06,0,10.904062060291396,Low Risk,Normal,Normal,0.0,90.0,10.0,90.0,Routine Monitoring
MD03287,PET Scanner,ScanPro,Model-100,9,3,6897.36,3.64,1,24.60400564692199,Low Risk,Normal,Normal,0.33,90.0,9.67,90.0,Routine Monitoring
MD02185,X-Ray Machine,RescueTech,Model-500,8,2,6625.18,2.68,0,19.200831932236618,Low Risk,Normal,Normal,1.0,89.67,9.33,89.67,Routine Monitoring
MD00355,PET Scanner,ScanPro,Model-400,7,5,3437.56,1.97,0,14.404572329143388,Low Risk,Normal,Normal,0.67,89.67,9.67,89.67,Routine Monitoring
MD01328,X-Ray Machine,ScanPro,Model-550,4,2,2835.92,3.68,2,15.091145165335034,Low Risk,Risk to Failure,Normal,0.33,89.67,10.0,89.67,Routine Monitoring
MD03722,MRI Scanner,UltraMed,Model-200,5,1,1169.71,3.46,1,12.99223434635924,Low Risk,Normal,Normal,0.67,89.67,9.67,89.67,Routine Monitoring
MD02579,X-Ray Machine,UltraMed,Model-500,11,3,4446.35,7.28,0,27.31679408448785,Medium Risk,Normal,Normal,1.33,89.67,9.0,89.67,Routine Monitoring
MD02625,X-Ray Machine,CardioSync,Model-100,9,1,1906.78,4.02,0,18.819183567301785,Low Risk,Normal,Normal,0.0,89.67,10.33,89.67,Routine Monitoring
MD04537,Infusion Pump,CardioSync,Model-350,12,4,4367.48,5.1,0,27.06396962661288,Low Risk,Normal,Normal,0.0,89.67,10.33,89.67,Routine Monitoring
MD02207,MRI Scanner,RescueTech,Model-300,12,4,5389.77,4.62,3,34.86539291453689,Medium Risk,Risk to Failure,Normal,4.0,89.67,6.33,89.67,Routine Monitoring
MD00777,Defibrillator,RescueTech,Model-300,2,1,4750.38,1.15,0,5.512708105642425,Low Risk,Normal,Normal,0.0,89.67,10.33,89.67,Routine Monitoring
MD03721,PET Scanner,MedEquip,Model-500,7,1,3437.34,2.73,0,15.106382495009106,Low Risk,Normal,Normal,1.0,89.67,9.33,89.67,Routine Monitoring
MD03206,PET Scanner,ScanPro,Model-100,6,5,2575.55,5.67,0,15.375874586533108,Low Risk,Normal,Normal,2.33,89.67,8.0,89.67,Routine Monitoring
MD01127,X-Ray Machine,RescueTech,Model-650,8,2,3030.28,1.83,0,15.7967264675042,Low Risk,Normal,Normal,1.0,89.67,9.33,89.67,Routine Monitoring
MD04109,Infusion Pump,CardioSync,Model-350,5,2,3409.96,4.45,0,13.038741547961974,Low Risk,Normal,Normal,4.0,89.67,6.33,89.67,Routine Monitoring
MD04992,PET Scanner,RescueTech,Model-350,4,1,7011.0,3.34,0,12.81879356579903,Low Risk,Normal,Normal,1.33,89.67,9.0,89.67,Routine Monitoring
MD01053,CT Scanner,RescueTech,Model-200,2,2,5655.34,1.95,0,6.910918507045704,Low Risk,Normal,Normal,0.33,89.67,10.0,89.67,Routine Monitoring
MD04252,Infusion Pump,RescueTech,Model-600,10,2,3452.71,4.66,2,27.354760985396894,Medium Risk,Risk to Failure,Normal,1.0,89.67,9.33,89.67,Routine Monitoring
MD03224,PET Scanner,ScanPro,Model-200,7,1,7592.9,2.8,0,18.198504492715703,Low Risk,Normal,Normal,1.0,89.67,9.33,89.67,Routine Monitoring
MD03194,PET Scanner,UltraMed,Model-500,4,4,2551.66,2.6,1,11.386515139466171,Low Risk,Normal,Normal,2.0,89.67,8.33,89.67,Routine Monitoring
MD03434,Defibrillator,ScanPro,Model-650,7,2,3578.23,2.38,1,17.38574979078541,Low Risk,Normal,Normal,1.0,89.67,9.33,89.67,Routine Monitoring
MD02122,PET Scanner,MedEquip,Model-250,5,4,1649.78,1.03,0,8.597523544469507,Low Risk,Normal,Normal,0.33,89.67,10.0,89.67,Routine Monitoring
MD05040,Infusion Pump,RescueTech,Model-200,4,5,20722.32,28.45,5,58.50069061242387,High Risk,Failure,Failure,89.67,0.33,10.0,89.67,Inspect Immediately
MD04177,X-Ray Machine,CardioSync,Model-650,7,5,1479.83,5.39,0,16.137166420473743,Low Risk,Normal,Normal,0.33,89.67,10.0,89.67,Routine Monitoring
MD02660,MRI Scanner,ScanPro,Model-350,11,5,2339.33,4.85,1,26.03730020906608,Low Risk,Normal,Normal,2.33,89.67,8.0,89.67,Routine Monitoring
MD05255,CT Scanner,ScanPro,Model-100,10,4,4184.97,3.81,0,22.103138783506072,Low Risk,Normal,Normal,0.0,89.67,10.33,89.67,Routine Monitoring
MD01047,PET Scanner,ImagingTech,Model-300,8,2,5408.0,6.56,1,24.3978187381464,Low Risk,Normal,Normal,1.33,89.33,9.33,89.33,Routine Monitoring
MD04590,Defibrillator,ScanPro,Model-350,4,2,5870.71,1.37,1,12.668472229227003,Low Risk,Normal,Normal,1.33,89.33,9.33,89.33,Routine Monitoring
MD03380,CT Scanner,RescueTech,Model-150,4,3,5696.52,2.38,0,10.974450661969705,Low Risk,Normal,Normal,0.33,89.33,10.33,89.33,Routine Monitoring
MD03161,X-Ray Machine,CardioSync,Model-300,6,3,5797.2,5.69,0,17.741429113152993,Low Risk,Normal,Normal,0.0,89.33,10.67,89.33,Routine Monitoring
MD00277,Defibrillator,RescueTech,Model-350,11,4,4726.7,2.75,1,25.836925296039546,Low Risk,Normal,Normal,1.0,89.33,9.67,89.33,Routine Monitoring
MD00293,Defibrillator,ImagingTech,Model-100,4,1,4827.45,3.89,0,11.736008036140166,Low Risk,Normal,Normal,0.67,89.33,10.0,89.33,Routine Monitoring
MD03455,X-Ray Machine,ImagingTech,Model-100,3,5,1433.75,4.37,0,7.888750073579938,Low Risk,Normal,Normal,0.0,89.33,10.67,89.33,Routine Monitoring
MD00424,X-Ray Machine,CardioSync,Model-300,4,2,3003.46,3.64,0,10.176257941961444,Low Risk,Normal,Normal,0.0,89.33,10.67,89.33,Routine Monitoring
MD04894,CT Scanner,CardioSync,Model-400,3,3,1882.15,2.4,1,8.895843446619715,Low Risk,Normal,Normal,0.33,89.33,10.33,89.33,Routine Monitoring
MD04603,Defibrillator,RescueTech,Model-450,9,4,5899.4,2.41,0,20.240874094127477,Low Risk,Normal,Normal,1.33,89.33,9.33,89.33,Routine Monitoring
MD00970,X-Ray Machine,RescueTech,Model-500,2,3,7226.21,1.97,1,10.57382364685446,Low Risk,Normal,Normal,0.0,89.33,10.67,89.33,Routine Monitoring
MD00535,PET Scanner,CardioSync,Model-550,7,2,8601.49,4.76,0,20.74364144586912,Low Risk,Normal,Normal,0.33,89.33,10.33,89.33,Routine Monitoring
MD03025,X-Ray Machine,UltraMed,Model-100,12,3,3837.34,3.57,0,25.264567262223547,Low Risk,Normal,Normal,0.33,89.33,10.33,89.33,Routine Monitoring
MD03501,MRI Scanner,ImagingTech,Model-100,3,3,6388.13,5.9,1,15.41136178331224,Low Risk,Normal,Normal,1.0,89.33,9.67,89.33,Routine Monitoring
MD00431,CT Scanner,RescueTech,Model-350,11,1,4818.71,5.22,0,25.68536165195459,Low Risk,Normal,Normal,1.67,89.33,9.0,89.33,Routine Monitoring
MD01083,Defibrillator,ScanPro,Model-350,2,5,4058.6,5.95,2,14.44222037937436,Low Risk,Risk to Failure,Normal,1.33,89.33,9.33,89.33,Routine Monitoring
MD03595,X-Ray Machine,RescueTech,Model-250,7,5,2780.96,2.21,0,14.14789176954234,Low Risk,Normal,Normal,0.0,89.33,10.67,89.33,Routine Monitoring
MD02158,PET Scanner,RescueTech,Model-450,5,4,4443.9,2.61,0,12.092494621731785,Low Risk,Normal,Normal,1.33,89.33,9.33,89.33,Routine Monitoring
MD02297,X-Ray Machine,CardioSync,Model-300,5,2,7011.0,2.1,2,18.491655186936512,Low Risk,Risk to Failure,Normal,1.33,89.0,9.67,89.0,Routine Monitoring
MD01322,X-Ray Machine,ScanPro,Model-150,5,3,19406.06,27.35,7,63.343922391396106,High Risk,Failure,Failure,89.0,2.33,8.67,89.0,Inspect Immediately
MD00898,CT Scanner,ScanPro,Model-600,2,2,4272.61,4.93,1,11.15601571804037,Low Risk,Normal,Normal,2.0,89.0,9.0,89.0,Routine Monitoring
MD03109,CT Scanner,ScanPro,Model-150,3,3,6311.53,3.14,1,12.80629499376282,Low Risk,Normal,Normal,0.67,89.0,10.33,89.0,Routine Monitoring
MD04875,Defibrillator,UltraMed,Model-550,12,2,937.47,5.02,1,26.991199032717848,Low Risk,Normal,Normal,1.0,89.0,10.0,89.0,Routine Monitoring
MD01506,Infusion Pump,ScanPro,Model-350,4,2,2378.34,4.25,0,10.284260401730949,Low Risk,Normal,Normal,1.33,89.0,9.67,89.0,Routine Monitoring
MD04065,PET Scanner,MedEquip,Model-450,7,5,6722.21,4.35,1,21.49582745458432,Low Risk,Normal,Normal,0.0,89.0,11.0,89.0,Routine Monitoring
MD01668,Infusion Pump,MedEquip,Model-150,6,3,1566.52,6.55,0,15.453569787771226,Low Risk,Normal,Normal,1.33,89.0,9.67,89.0,Routine Monitoring
MD02175,PET Scanner,CardioSync,Model-350,4,3,6854.13,0.55,1,12.627537990990778,Low Risk,Normal,Normal,0.0,89.0,11.0,89.0,Routine Monitoring
MD04231,CT Scanner,UltraMed,Model-150,2,1,4422.5,5.31,0,9.116200903725668,Low Risk,Normal,Normal,1.67,89.0,9.33,89.0,Routine Monitoring
MD03981,X-Ray Machine,ScanPro,Model-200,6,2,20757.76,26.58,6,62.93565674562935,High Risk,Failure,Failure,89.0,3.0,8.0,89.0,Inspect Immediately
MD01024,Defibrillator,ScanPro,Model-500,11,4,1992.41,4.69,0,23.13677393618872,Low Risk,Normal,Normal,3.33,89.0,7.67,89.0,Routine Monitoring
MD03638,CT Scanner,ImagingTech,Model-150,3,2,3280.62,1.74,0,6.805070503931011,Low Risk,Normal,Normal,0.0,89.0,11.0,89.0,Routine Monitoring
MD03087,PET Scanner,CardioSync,Model-200,7,4,4061.56,1.31,0,14.24957164526348,Low Risk,Normal,Normal,0.33,89.0,10.67,89.0,Routine Monitoring
MD01480,Infusion Pump,ScanPro,Model-350,2,4,3534.91,1.73,0,5.16291114807334,Low Risk,Normal,Normal,0.0,89.0,11.0,89.0,Routine Monitoring
MD00908,X-Ray Machine,UltraMed,Model-400,8,3,5482.78,1.65,1,19.917199989871094,Low Risk,Normal,Normal,0.33,89.0,10.67,89.0,Routine Monitoring
MD04295,CT Scanner,CardioSync,Model-350,8,5,4589.14,5.36,1,22.692876987644205,Low Risk,Normal,Normal,0.33,89.0,10.67,89.0,Routine Monitoring
MD04497,Infusion Pump,UltraMed,Model-150,5,1,1817.57,1.88,0,9.504862789575872,Low Risk,Normal,Normal,0.33,89.0,10.67,89.0,Routine Monitoring
MD03253,MRI Scanner,MedEquip,Model-300,10,5,4929.25,1.24,1,22.771603609776896,Low Risk,Normal,Normal,0.67,89.0,10.33,89.0,Routine Monitoring
MD00020,X-Ray Machine,CardioSync,Model-100,6,5,5699.49,4.78,0,16.829726812840747,Low Risk,Normal,Normal,0.33,89.0,10.67,89.0,Routine Monitoring
MD02209,X-Ray Machine,UltraMed,Model-500,5,3,6649.06,3.44,0,14.465654313399105,Low Risk,Normal,Normal,1.0,89.0,10.0,89.0,Routine Monitoring
MD03407,MRI Scanner,ScanPro,Model-550,10,5,1404.99,3.0,0,19.329676073814984,Low Risk,Normal,Normal,1.67,89.0,9.33,89.0,Routine Monitoring
MD04989,MRI Scanner,UltraMed,Model-100,9,2,3559.72,6.55,3,29.860229247691077,Medium Risk,Risk to Failure,Normal,0.0,89.0,11.0,89.0,Routine Monitoring
MD00048,PET Scanner,MedEquip,Model-650,3,5,3743.76,3.29,3,16.074133995494858,Low Risk,Risk to Failure,Normal,0.33,89.0,10.67,89.0,Routine Monitoring
MD01795,Defibrillator,RescueTech,Model-400,11,3,5759.09,5.07,0,26.231913674100618,Low Risk,Normal,Normal,1.33,89.0,9.67,89.0,Routine Monitoring
MD05098,PET Scanner,ImagingTech,Model-500,2,1,7441.82,2.93,2,14.117602373939974,Low Risk,Risk to Failure,Normal,0.33,89.0,10.67,89.0,Routine Monitoring
MD05197,PET Scanner,UltraMed,Model-200,9,1,1653.21,5.6,1,22.593808802180213,Low Risk,Normal,Normal,0.0,88.67,11.33,88.67,Routine Monitoring
MD00119,CT Scanner,CardioSync,Model-650,3,1,3426.43,2.32,0,7.447012334860851,Low Risk,Normal,Normal,0.0,88.67,11.33,88.67,Routine Monitoring
MD03171,X-Ray Machine,CardioSync,Model-350,9,3,1678.65,1.19,0,16.03906684553806,Low Risk,Normal,Normal,1.0,88.67,10.33,88.67,Routine Monitoring
MD04434,Infusion Pump,ScanPro,Model-450,3,1,1995.03,1.58,0,5.72069120404944,Low Risk,Normal,Normal,0.0,88.67,11.33,88.67,Routine Monitoring
MD04701,CT Scanner,MedEquip,Model-650,5,3,1321.88,1.55,0,8.838932806355142,Low Risk,Normal,Normal,0.0,88.67,11.33,88.67,Routine Monitoring
MD00133,X-Ray Machine,RescueTech,Model-500,7,1,6101.41,2.27,0,16.62237126998305,Low Risk,Normal,Normal,0.0,88.67,11.33,88.67,Routine Monitoring
MD03289,CT Scanner,ImagingTech,Model-200,7,5,7898.49,3.43,0,19.003033755107293,Low Risk,Normal,Normal,0.33,88.67,11.0,88.67,Routine Monitoring
MD03767,PET Scanner,UltraMed,Model-450,5,3,1429.84,2.52,1,12.313521299567295,Low Risk,Normal,Normal,1.33,88.67,10.0,88.67,Routine Monitoring
MD00521,X-Ray Machine,MedEquip,Model-350,10,4,7561.31,2.93,2,28.75010944924712,Medium Risk,Risk to Failure,Normal,0.0,88.67,11.33,88.67,Routine Monitoring
MD02786,PET Scanner,CardioSync,Model-550,5,2,1675.62,6.48,0,13.650215858577557,Low Risk,Normal,Normal,0.33,88.67,11.0,88.67,Routine Monitoring
MD04826,Infusion Pump,MedEquip,Model-200,5,3,8249.93,4.71,0,16.804972124004653,Low Risk,Normal,Normal,1.67,88.67,9.67,88.67,Routine Monitoring
MD03790,PET Scanner,UltraMed,Model-300,5,3,3685.1,4.83,0,13.590175619445557,Low Risk,Normal,Normal,1.0,88.67,10.33,88.67,Routine Monitoring
MD00013,Defibrillator,CardioSync,Model-350,2,1,5877.59,1.32,1,8.990938640899762,Low Risk,Normal,Normal,1.67,88.67,9.67,88.67,Routine Monitoring
MD00891,PET Scanner,ScanPro,Model-150,7,2,3713.98,5.62,2,22.977259121214797,Low Risk,Risk to Failure,Normal,2.33,88.67,9.0,88.67,Routine Monitoring
MD00378,X-Ray Machine,MedEquip,Model-500,10,1,1817.02,4.7,1,23.70005098973054,Low Risk,Normal,Normal,0.67,88.67,10.67,88.67,Routine Monitoring
MD04650,PET Scanner,MedEquip,Model-150,6,2,8164.59,4.03,0,17.932902031326527,Low Risk,Normal,Normal,0.33,88.67,11.0,88.67,Routine Monitoring
MD04631,PET Scanner,ScanPro,Model-650,11,3,3800.26,6.99,0,26.57823839771522,Low Risk,Normal,Normal,0.0,88.67,11.33,88.67,Routine Monitoring
MD01140,PET Scanner,RescueTech,Model-100,10,3,1919.56,4.39,0,20.98842481871102,Low Risk,Normal,Normal,0.67,88.67,10.67,88.67,Routine Monitoring
MD03966,CT Scanner,UltraMed,Model-100,9,5,1362.33,4.38,1,21.25504553628229,Low Risk,Normal,Normal,0.0,88.67,11.33,88.67,Routine Monitoring
MD04532,PET Scanner,ImagingTech,Model-350,3,2,7708.81,4.01,1,14.627832435493756,Low Risk,Normal,Normal,0.0,88.33,11.67,88.33,Routine Monitoring
MD04176,PET Scanner,CardioSync,Model-350,7,3,7243.49,3.23,0,18.341114909048905,Low Risk,Normal,Normal,0.33,88.33,11.33,88.33,Routine Monitoring
MD02429,PET Scanner,RescueTech,Model-500,6,1,5397.59,3.03,0,14.993403082356178,Low Risk,Normal,Normal,0.0,88.33,11.67,88.33,Routine Monitoring
MD00347,X-Ray Machine,UltraMed,Model-550,5,4,3905.37,1.39,1,13.073309906189587,Low Risk,Normal,Normal,0.0,88.33,11.67,88.33,Routine Monitoring
MD01659,Defibrillator,CardioSync,Model-100,10,3,1746.66,4.29,1,23.270096754918672,Low Risk,Normal,Normal,1.0,88.33,10.67,88.33,Routine Monitoring
MD05174,PET Scanner,ScanPro,Model-350,5,2,5777.33,5.45,0,15.68709644717928,Low Risk,Normal,Normal,2.67,88.33,9.0,88.33,Routine Monitoring
MD00499,MRI Scanner,CardioSync,Model-150,5,4,2629.39,6.5,1,16.86354265566278,Low Risk,Normal,Normal,0.33,88.33,11.33,88.33,Routine Monitoring
MD00049,X-Ray Machine,CardioSync,Model-350,3,2,4748.98,5.68,1,14.013983276691166,Low Risk,Normal,Normal,0.67,88.33,11.0,88.33,Routine Monitoring
MD03612,CT Scanner,RescueTech,Model-150,12,3,4035.66,4.7,1,28.9527693405653,Medium Risk,Normal,Normal,0.67,88.33,11.0,88.33,Routine Monitoring
MD02624,X-Ray Machine,RescueTech,Model-300,8,2,3547.21,5.63,0,19.68317977435842,Low Risk,Normal,Normal,0.33,88.33,11.33,88.33,Routine Monitoring
MD04069,PET Scanner,MedEquip,Model-100,3,1,3204.57,1.75,1,9.258901945037495,Low Risk,Normal,Normal,0.0,88.33,11.67,88.33,Routine Monitoring
MD03786,Infusion Pump,RescueTech,Model-400,6,5,3145.71,3.58,2,18.860836823223483,Low Risk,Risk to Failure,Normal,0.0,88.33,11.67,88.33,Routine Monitoring
MD03231,CT Scanner,UltraMed,Model-350,8,5,2896.36,6.35,0,19.874038039057467,Low Risk,Normal,Normal,0.67,88.33,11.0,88.33,Routine Monitoring
MD02575,PET Scanner,CardioSync,Model-350,11,1,2048.99,5.63,1,26.54622099193216,Low Risk,Normal,Normal,0.33,88.33,11.33,88.33,Routine Monitoring
MD05294,MRI Scanner,ImagingTech,Model-650,4,2,4711.1,4.5,1,14.714666748425389,Low Risk,Normal,Normal,0.67,88.33,11.0,88.33,Routine Monitoring
MD02468,PET Scanner,UltraMed,Model-200,6,5,3954.17,6.9,0,17.51632989875258,Low Risk,Normal,Normal,0.67,88.33,11.0,88.33,Routine Monitoring
MD02127,X-Ray Machine,RescueTech,Model-550,10,1,4189.29,1.05,0,19.5570249667215,Low Risk,Normal,Normal,0.0,88.33,11.67,88.33,Routine Monitoring
MD00947,MRI Scanner,UltraMed,Model-250,8,5,2455.59,3.82,0,17.216099439690993,Low Risk,Normal,Normal,2.33,88.33,9.33,88.33,Routine Monitoring
MD02397,X-Ray Machine,UltraMed,Model-400,5,2,3953.97,1.91,0,11.08901222598384,Low Risk,Normal,Normal,0.0,88.33,11.67,88.33,Routine Monitoring
MD00310,Defibrillator,CardioSync,Model-400,3,1,6705.64,1.71,1,11.7726047278528,Low Risk,Normal,Normal,0.33,88.33,11.33,88.33,Routine Monitoring
MD02811,PET Scanner,ImagingTech,Model-350,5,2,7490.64,3.9,0,15.503650819852387,Low Risk,Normal,Normal,0.67,88.33,11.0,88.33,Routine Monitoring
MD02103,CT Scanner,MedEquip,Model-100,2,3,1452.63,7.52,0,8.99380573628525,Low Risk,Normal,Normal,2.0,88.33,9.67,88.33,Routine Monitoring
MD01635,Infusion Pump,UltraMed,Model-350,10,4,3334.4,3.17,0,20.892336598592355,Low Risk,Normal,Normal,0.67,88.33,11.0,88.33,Routine Monitoring
MD04996,X-Ray Machine,ScanPro,Model-350,9,1,7011.0,2.37,1,23.51376669611699,Low Risk,Normal,Normal,1.33,88.33,10.33,88.33,Routine Monitoring
MD02935,Defibrillator,ImagingTech,Model-200,6,5,20948.44,32.95,5,66.45819430190342,High Risk,Failure,Failure,88.33,2.0,9.67,88.33,Inspect Immediately
MD03794,CT Scanner,ImagingTech,Model-450,5,3,3122.33,4.82,0,13.170942076736988,Low Risk,Normal,Normal,1.67,88.33,10.0,88.33,Routine Monitoring
MD01180,MRI Scanner,UltraMed,Model-200,4,3,4689.18,6.8,1,16.823081519196368,Low Risk,Normal,Normal,3.33,88.33,8.33,88.33,Routine Monitoring
MD04135,CT Scanner,MedEquip,Model-550,4,5,8232.79,3.44,0,13.801273676098075,Low Risk,Normal,Normal,1.67,88.33,10.0,88.33,Routine Monitoring
MD04869,PET Scanner,ScanPro,Model-650,4,3,6500.82,4.17,0,13.213735696080985,Low Risk,Normal,Normal,0.0,88.33,11.67,88.33,Routine Monitoring
MD05145,Infusion Pump,ImagingTech,Model-100,2,1,3853.12,3.61,1,9.631191160022803,Low Risk,Normal,Normal,0.33,88.33,11.33,88.33,Routine Monitoring
MD04703,CT Scanner,UltraMed,Model-550,11,2,6186.17,4.73,1,28.729016573790364,Medium Risk,Normal,Normal,0.67,88.33,11.0,88.33,Routine Monitoring
MD04600,X-Ray Machine,UltraMed,Model-450,7,1,5355.07,0.5,1,16.94378497397925,Low Risk,Normal,Normal,2.0,88.0,10.0,88.0,Routine Monitoring
MD04803,X-Ray Machine,ScanPro,Model-600,6,3,2215.26,6.55,0,15.926198946835337,Low Risk,Normal,Normal,3.0,88.0,9.0,88.0,Routine Monitoring
MD00670,Infusion Pump,MedEquip,Model-350,6,4,5321.04,1.25,0,13.293545133300778,Low Risk,Normal,Normal,1.0,88.0,11.0,88.0,Routine Monitoring
MD00833,X-Ray Machine,MedEquip,Model-350,6,2,2485.2,0.79,0,10.802662375413648,Low Risk,Normal,Normal,0.33,88.0,11.67,88.0,Routine Monitoring
MD05133,MRI Scanner,MedEquip,Model-250,12,3,2710.55,3.8,0,24.656100839332737,Low Risk,Normal,Normal,0.0,88.0,12.0,88.0,Routine Monitoring
MD01107,X-Ray Machine,RescueTech,Model-100,8,1,5144.95,2.16,0,17.642138455752544,Low Risk,Normal,Normal,0.0,88.0,12.0,88.0,Routine Monitoring
MD01719,CT Scanner,CardioSync,Model-500,5,3,1662.08,2.79,1,12.732100276442004,Low Risk,Normal,Normal,4.0,88.0,8.0,88.0,Routine Monitoring
MD04778,PET Scanner,MedEquip,Model-450,5,3,593.0,1.11,1,10.401514990173796,Low Risk,Normal,Normal,0.0,88.0,12.0,88.0,Routine Monitoring
MD05242,PET Scanner,ImagingTech,Model-550,12,5,7011.0,0.99,0,25.19368160879052,Low Risk,Normal,Normal,1.33,88.0,10.67,88.0,Routine Monitoring
MD02974,MRI Scanner,RescueTech,Model-150,6,5,3927.16,6.72,2,22.33039603728149,Low Risk,Risk to Failure,Normal,0.33,88.0,11.67,88.0,Routine Monitoring
MD00455,Infusion Pump,RescueTech,Model-300,7,5,1795.07,5.18,0,16.17286396717689,Low Risk,Normal,Normal,0.33,88.0,11.67,88.0,Routine Monitoring
MD03686,Defibrillator,UltraMed,Model-600,7,4,3277.02,0.9,2,18.299312985226702,Low Risk,Risk to Failure,Normal,0.67,88.0,11.33,88.0,Routine Monitoring
MD02478,PET Scanner,RescueTech,Model-450,8,2,2065.95,5.65,0,18.62250438074185,Low Risk,Normal,Normal,1.0,88.0,11.0,88.0,Routine Monitoring
MD03766,CT Scanner,ImagingTech,Model-350,3,5,6821.29,5.76,1,15.59762323387296,Low Risk,Normal,Normal,0.67,88.0,11.33,88.0,Routine Monitoring
MD03940,X-Ray Machine,RescueTech,Model-650,12,5,2016.36,4.97,1,27.731024833765183,Medium Risk,Normal,Normal,1.67,88.0,10.33,88.0,Routine Monitoring
MD03841,PET Scanner,ScanPro,Model-300,9,5,6585.83,4.39,0,22.569779434333327,Low Risk,Normal,Normal,0.67,88.0,11.33,88.0,Routine Monitoring
MD04592,Defibrillator,RescueTech,Model-100,10,2,2326.67,3.9,1,23.332432096024768,Low Risk,Normal,Normal,0.33,88.0,11.67,88.0,Routine Monitoring
MD04740,CT Scanner,CardioSync,Model-150,2,1,6291.95,2.4,0,7.790350942555903,Low Risk,Normal,Normal,0.33,88.0,11.67,88.0,Routine Monitoring
MD02183,CT Scanner,UltraMed,Model-300,6,4,2974.32,4.73,1,17.29816549604515,Low Risk,Normal,Normal,1.67,88.0,10.33,88.0,Routine Monitoring
MD02775,PET Scanner,ImagingTech,Model-300,6,5,2334.13,3.51,1,15.704918012197536,Low Risk,Normal,Normal,0.0,88.0,12.0,88.0,Routine Monitoring
MD02651,CT Scanner,ImagingTech,Model-450,3,4,8831.92,4.48,3,20.88016957733497,Low Risk,Risk to Failure,Normal,0.67,88.0,11.33,88.0,Routine Monitoring
MD03663,CT Scanner,ImagingTech,Model-150,4,4,6013.55,3.53,0,12.267609920033674,Low Risk,Normal,Normal,0.33,88.0,11.67,88.0,Routine Monitoring
MD04306,Infusion Pump,ScanPro,Model-150,4,5,21464.05,19.42,4,48.20054890847499,High Risk,Failure,Failure,87.67,3.0,9.33,87.67,Inspect Immediately
MD03925,CT Scanner,RescueTech,Model-600,12,3,4313.55,0.72,1,25.479113284540222,Low Risk,Normal,Normal,0.0,87.67,12.33,87.67,Routine Monitoring
MD02604,CT Scanner,UltraMed,Model-300,3,3,8148.45,4.64,0,13.030021683045108,Low Risk,Normal,Normal,0.33,87.67,12.0,87.67,Routine Monitoring
MD02302,PET Scanner,MedEquip,Model-150,4,1,7011.0,1.81,1,13.905616225897552,Low Risk,Normal,Normal,0.33,87.67,12.0,87.67,Routine Monitoring
MD04010,X-Ray Machine,CardioSync,Model-150,2,1,4422.5,5.31,0,9.116200903725668,Low Risk,Normal,Normal,0.33,87.67,12.0,87.67,Routine Monitoring
MD00071,X-Ray Machine,ScanPro,Model-300,7,1,3891.49,4.33,0,16.91507873175784,Low Risk,Normal,Normal,1.67,87.67,10.67,87.67,Routine Monitoring
MD01162,X-Ray Machine,ScanPro,Model-300,6,3,2045.0,4.64,0,14.03799618329478,Low Risk,Normal,Normal,1.0,87.67,11.33,87.67,Routine Monitoring
MD01076,CT Scanner,UltraMed,Model-500,2,3,1321.74,3.9,0,5.554851859510172,Low Risk,Normal,Normal,1.67,87.67,10.67,87.67,Routine Monitoring
MD05240,MRI Scanner,CardioSync,Model-550,5,2,791.78,2.74,0,9.551874854262508,Low Risk,Normal,Normal,0.67,87.67,11.67,87.67,Routine Monitoring
MD04110,Infusion Pump,UltraMed,Model-500,8,5,1411.86,5.0,0,17.54560810655149,Low Risk,Normal,Normal,1.0,87.67,11.33,87.67,Routine Monitoring
MD03463,X-Ray Machine,ScanPro,Model-450,8,4,1700.98,7.69,2,25.24084777326677,Low Risk,Risk to Failure,Normal,2.33,87.67,10.0,87.67,Routine Monitoring
MD02771,Defibrillator,MedEquip,Model-450,4,2,4288.85,7.9,0,15.047437347847229,Low Risk,Normal,Normal,1.33,87.67,11.0,87.67,Routine Monitoring
MD01346,Infusion Pump,MedEquip,Model-450,4,2,4665.33,4.28,1,14.478119775962178,Low Risk,Normal,Normal,0.67,87.67,11.67,87.67,Routine Monitoring
MD03729,Infusion Pump,CardioSync,Model-200,7,5,1939.54,5.28,0,16.370479808827557,Low Risk,Normal,Normal,0.67,87.67,11.67,87.67,Routine Monitoring
MD00718,Defibrillator,CardioSync,Model-400,8,1,5729.16,4.26,0,20.00741048702635,Low Risk,Normal,Normal,0.0,87.67,12.33,87.67,Routine Monitoring
MD05061,X-Ray Machine,ScanPro,Model-350,5,5,8428.98,2.41,1,17.311031903536946,Low Risk,Normal,Normal,1.0,87.67,11.33,87.67,Routine Monitoring
MD00177,Infusion Pump,CardioSync,Model-600,6,4,1426.37,2.81,0,11.897032247562583,Low Risk,Normal,Normal,1.67,87.67,10.67,87.67,Routine Monitoring
MD04501,CT Scanner,UltraMed,Model-150,2,1,5093.13,5.06,0,9.373866342402188,Low Risk,Normal,Normal,0.33,87.67,12.0,87.67,Routine Monitoring
MD05246,X-Ray Machine,ScanPro,Model-600,9,4,4407.58,3.02,1,22.21745612019339,Low Risk,Normal,Normal,0.0,87.67,12.33,87.67,Routine Monitoring
MD00543,Defibrillator,ScanPro,Model-150,10,3,7687.7,2.44,0,23.38960265692977,Low Risk,Normal,Normal,2.0,87.67,10.33,87.67,Routine Monitoring
MD00153,Defibrillator,RescueTech,Model-450,4,2,5562.08,6.75,1,17.412836597803867,Low Risk,Normal,Normal,1.33,87.67,11.0,87.67,Routine Monitoring
MD04831,X-Ray Machine,RescueTech,Model-450,4,2,3256.64,1.41,1,10.80097912068778,Low Risk,Normal,Normal,1.0,87.67,11.33,87.67,Routine Monitoring
MD00775,CT Scanner,ScanPro,Model-100,6,1,7547.06,4.13,1,20.075374950994814,Low Risk,Normal,Normal,0.33,87.67,12.0,87.67,Routine Monitoring
MD02234,Defibrillator,ImagingTech,Model-200,6,5,4694.22,4.74,1,18.56040760740657,Low Risk,Normal,Normal,0.67,87.67,11.67,87.67,Routine Monitoring
MD03186,CT Scanner,ImagingTech,Model-650,4,4,4030.61,4.31,0,11.54341402344124,Low Risk,Normal,Normal,0.0,87.67,12.33,87.67,Routine Monitoring
MD02691,X-Ray Machine,UltraMed,Model-650,6,4,20536.14,23.86,7,62.76188376554674,High Risk,Failure,Failure,87.33,4.33,8.33,87.33,Inspect Immediately
MD03817,X-Ray Machine,ScanPro,Model-100,5,1,7596.32,3.84,1,18.02522357569975,Low Risk,Normal,Normal,0.0,87.33,12.67,87.33,Routine Monitoring
MD04270,Infusion Pump,ScanPro,Model-500,10,5,3723.02,1.08,0,19.245040769591547,Low Risk,Normal,Normal,0.0,87.33,12.67,87.33,Routine Monitoring
MD04116,PET Scanner,CardioSync,Model-500,7,3,715.0,5.95,1,18.597203126529774,Low Risk,Normal,Normal,2.67,87.33,10.0,87.33,Routine Monitoring
MD04224,Defibrillator,ScanPro,Model-650,3,2,1803.48,5.48,0,9.18335726160305,Low Risk,Normal,Normal,0.67,87.33,12.0,87.33,Routine Monitoring
MD05470,X-Ray Machine,CardioSync,Model-150,10,4,3287.46,6.32,0,23.76762197039172,Low Risk,Normal,Normal,0.33,87.33,12.33,87.33,Routine Monitoring
MD03846,CT Scanner,UltraMed,Model-150,4,3,2098.13,5.97,2,16.668787835188123,Low Risk,Risk to Failure,Normal,1.33,87.33,11.33,87.33,Routine Monitoring
MD04851,CT Scanner,RescueTech,Model-300,4,3,2966.93,3.62,0,10.131171687867193,Low Risk,Normal,Normal,0.67,87.33,12.0,87.33,Routine Monitoring
MD04835,Infusion Pump,ImagingTech,Model-150,2,3,3515.74,3.32,0,6.617541210054879,Low Risk,Normal,Normal,0.0,87.33,12.67,87.33,Routine Monitoring
MD00814,Defibrillator,CardioSync,Model-350,7,2,24861.22,22.33,3,56.31785615591052,High Risk,Risk to Failure,Failure,87.33,1.0,11.67,87.33,Inspect Immediately
MD00915,Defibrillator,RescueTech,Model-500,10,2,2643.34,5.29,0,22.347003958689427,Low Risk,Normal,Normal,1.0,87.33,11.67,87.33,Routine Monitoring
MD01249,CT Scanner,UltraMed,Model-650,11,3,2896.43,0.54,1,22.462255180639374,Low Risk,Normal,Normal,0.33,87.33,12.33,87.33,Routine Monitoring
MD03304,X-Ray Machine,ScanPro,Model-100,9,5,5633.46,2.11,0,19.77003416122847,Low Risk,Normal,Normal,0.0,87.33,12.67,87.33,Routine Monitoring
MD03840,X-Ray Machine,UltraMed,Model-600,11,1,5666.87,4.69,0,25.81374304525354,Low Risk,Normal,Normal,2.0,87.33,10.67,87.33,Routine Monitoring
MD04799,CT Scanner,CardioSync,Model-650,3,2,7414.91,1.26,0,9.373691656958943,Low Risk,Normal,Normal,0.0,87.33,12.67,87.33,Routine Monitoring
MD03830,CT Scanner,CardioSync,Model-100,6,5,17950.63,23.33,9,65.38871975605927,High Risk,Failure,Failure,87.33,1.0,11.67,87.33,Inspect Immediately
MD02760,X-Ray Machine,MedEquip,Model-450,4,3,4717.14,7.16,1,17.175963645620357,Low Risk,Normal,Normal,0.33,87.33,12.33,87.33,Routine Monitoring
MD02076,Infusion Pump,CardioSync,Model-550,10,1,2417.63,2.72,0,19.808798072501336,Low Risk,Normal,Normal,0.33,87.33,12.33,87.33,Routine Monitoring
MD03339,Infusion Pump,ScanPro,Model-200,8,3,3070.54,0.69,2,19.773101582058324,Low Risk,Risk to Failure,Normal,0.67,87.33,12.0,87.33,Routine Monitoring
MD01351,PET Scanner,CardioSync,Model-450,11,5,5536.95,1.82,2,28.068229836624045,Medium Risk,Risk to Failure,Normal,0.67,87.33,12.0,87.33,Routine Monitoring
MD02826,CT Scanner,CardioSync,Model-400,11,2,5035.88,1.19,1,24.62128674432548,Low Risk,Normal,Normal,0.33,87.33,12.33,87.33,Routine Monitoring
MD01435,X-Ray Machine,MedEquip,Model-150,8,3,7011.0,4.42,0,21.08905778433911,Low Risk,Normal,Normal,0.67,87.33,12.0,87.33,Routine Monitoring
MD00389,X-Ray Machine,MedEquip,Model-600,4,4,3359.22,3.42,0,10.23223923388614,Low Risk,Normal,Normal,0.0,87.33,12.67,87.33,Routine Monitoring
MD03014,MRI Scanner,CardioSync,Model-100,12,3,5338.7,4.34,2,32.069565992564605,Medium Risk,Risk to Failure,Normal,0.0,87.33,12.67,87.33,Routine Monitoring
MD03376,MRI Scanner,CardioSync,Model-300,4,4,4519.66,4.27,0,11.862757772307225,Low Risk,Normal,Normal,0.67,87.33,12.0,87.33,Routine Monitoring
MD01108,X-Ray Machine,RescueTech,Model-450,10,4,2036.29,5.55,2,27.14489516610154,Medium Risk,Risk to Failure,Normal,1.33,87.33,11.33,87.33,Routine Monitoring
MD04164,MRI Scanner,UltraMed,Model-650,11,2,3264.13,3.83,0,23.268930242634795,Low Risk,Normal,Normal,2.67,87.33,10.0,87.33,Routine Monitoring
MD00747,PET Scanner,RescueTech,Model-550,5,5,4186.44,5.12,2,19.223276007062083,Low Risk,Risk to Failure,Normal,2.0,87.33,10.67,87.33,Routine Monitoring
MD03435,Defibrillator,ScanPro,Model-600,4,2,8029.54,3.88,0,14.059603077755222,Low Risk,Normal,Normal,1.33,87.33,11.33,87.33,Routine Monitoring
MD00283,Defibrillator,RescueTech,Model-200,9,1,23745.52,30.97,7,77.12168995450398,High Risk,Failure,Failure,87.33,0.67,12.0,87.33,Inspect Immediately
MD01282,CT Scanner,MedEquip,Model-550,10,4,4518.31,2.0,0,20.674190283626075,Low Risk,Normal,Normal,0.0,87.33,12.67,87.33,Routine Monitoring
MD04239,MRI Scanner,ImagingTech,Model-650,2,2,3691.86,2.6,0,6.080825990824735,Low Risk,Normal,Normal,1.0,87.33,11.67,87.33,Routine Monitoring
MD00420,CT Scanner,CardioSync,Model-450,6,2,4242.12,3.95,1,17.501357574755062,Low Risk,Normal,Normal,0.33,87.33,12.33,87.33,Routine Monitoring
MD03381,PET Scanner,ScanPro,Model-350,8,3,2546.41,2.76,0,16.30320085982864,Low Risk,Normal,Normal,1.0,87.33,11.67,87.33,Routine Monitoring
MD01571,Infusion Pump,ImagingTech,Model-550,6,5,8022.0,4.46,0,18.22618785333479,Low Risk,Normal,Normal,0.33,87.33,12.33,87.33,Routine Monitoring
MD02396,X-Ray Machine,MedEquip,Model-450,2,3,7011.0,0.63,2,11.679351111701404,Low Risk,Risk to Failure,Normal,0.33,87.33,12.33,87.33,Routine Monitoring
MD04812,Defibrillator,RescueTech,Model-200,4,5,20845.65,30.26,6,62.76233874246357,High Risk,Failure,Failure,87.33,5.33,7.33,87.33,Inspect Immediately
MD01207,Defibrillator,MedEquip,Model-450,3,3,3494.31,7.47,0,12.2532386230412,Low Risk,Normal,Normal,0.67,87.33,12.0,87.33,Routine Monitoring
MD01179,PET Scanner,ImagingTech,Model-450,4,5,3174.46,1.39,0,8.222635288655871,Low Risk,Normal,Normal,0.0,87.33,12.67,87.33,Routine Monitoring
MD01548,PET Scanner,UltraMed,Model-350,6,4,23409.89,26.88,6,65.14491726777393,High Risk,Failure,Failure,87.33,1.0,11.67,87.33,Inspect Immediately
MD03011,Defibrillator,UltraMed,Model-400,7,1,2119.48,3.1,3,21.988025422059824,Low Risk,Risk to Failure,Normal,1.0,87.0,12.0,87.0,Routine Monitoring
MD01458,Defibrillator,RescueTech,Model-200,9,2,2906.71,5.14,0,20.582149346890777,Low Risk,Normal,Normal,1.33,87.0,11.67,87.0,Routine Monitoring
MD03896,PET Scanner,ImagingTech,Model-150,12,4,6677.53,6.55,1,32.586205349987054,Medium Risk,Normal,Normal,0.33,87.0,12.67,87.0,Routine Monitoring
MD00285,CT Scanner,UltraMed,Model-500,10,5,2884.15,5.31,1,25.04091514205213,Low Risk,Normal,Normal,1.33,87.0,11.67,87.0,Routine Monitoring
MD03178,Defibrillator,ScanPro,Model-400,10,5,3481.31,5.34,1,25.50367587605568,Low Risk,Normal,Normal,0.67,87.0,12.33,87.0,Routine Monitoring
MD01740,Infusion Pump,ImagingTech,Model-250,5,2,7011.0,3.98,0,15.22810838890696,Low Risk,Normal,Normal,0.67,87.0,12.33,87.0,Routine Monitoring
MD01287,Defibrillator,UltraMed,Model-150,8,4,7873.01,2.38,0,19.832824940294667,Low Risk,Normal,Normal,1.67,87.0,11.33,87.0,Routine Monitoring
MD04334,PET Scanner,MedEquip,Model-100,4,4,4247.65,5.43,1,15.236017805404524,Low Risk,Normal,Normal,0.33,87.0,12.67,87.0,Routine Monitoring
MD00106,Infusion Pump,CardioSync,Model-200,8,5,5112.39,5.36,1,23.074082412745625,Low Risk,Normal,Normal,0.33,87.0,12.67,87.0,Routine Monitoring
MD04722,X-Ray Machine,ImagingTech,Model-150,5,1,2698.52,4.14,0,12.23410325668626,Low Risk,Normal,Normal,0.33,87.0,12.67,87.0,Routine Monitoring
MD01512,Infusion Pump,ImagingTech,Model-350,3,4,2092.95,4.5,1,10.9890735901016,Low Risk,Normal,Normal,0.0,87.0,13.0,87.0,Routine Monitoring
MD03225,CT Scanner,RescueTech,Model-550,11,2,8424.98,3.59,0,26.80711015438697,Low Risk,Normal,Normal,1.33,87.0,11.67,87.0,Routine Monitoring
MD00838,Infusion Pump,RescueTech,Model-450,3,5,5692.06,0.82,0,7.712132882558658,Low Risk,Normal,Normal,0.33,87.0,12.67,87.0,Routine Monitoring
MD03833,X-Ray Machine,RescueTech,Model-350,7,1,2549.28,5.31,0,16.842405500781943,Low Risk,Normal,Normal,0.33,87.0,12.67,87.0,Routine Monitoring
MD00623,CT Scanner,ScanPro,Model-100,11,1,7011.0,2.46,1,27.23325841129836,Medium Risk,Normal,Normal,0.67,87.0,12.33,87.0,Routine Monitoring
MD03888,PET Scanner,RescueTech,Model-200,9,3,2147.07,2.93,0,17.987469607556232,Low Risk,Normal,Normal,0.0,87.0,13.0,87.0,Routine Monitoring
MD02361,CT Scanner,RescueTech,Model-500,4,5,1178.24,4.69,2,14.816350667196303,Low Risk,Risk to Failure,Normal,2.0,87.0,11.0,87.0,Routine Monitoring
MD00821,Defibrillator,CardioSync,Model-650,2,2,6068.52,3.98,1,11.586934192747384,Low Risk,Normal,Normal,0.0,87.0,13.0,87.0,Routine Monitoring
MD02882,Defibrillator,UltraMed,Model-300,3,2,3166.4,4.42,0,9.1972268064832,Low Risk,Normal,Normal,3.33,87.0,9.67,87.0,Routine Monitoring
MD02241,Infusion Pump,UltraMed,Model-300,12,1,3437.04,4.8,0,26.109018838520573,Low Risk,Normal,Normal,0.67,87.0,12.33,87.0,Routine Monitoring
MD04327,Defibrillator,MedEquip,Model-450,2,2,3159.42,3.44,0,6.468787407060199,Low Risk,Normal,Normal,0.0,87.0,13.0,87.0,Routine Monitoring
MD04777,Infusion Pump,ScanPro,Model-550,3,5,6761.26,3.9,1,13.835909041184932,Low Risk,Normal,Normal,0.33,87.0,12.67,87.0,Routine Monitoring
MD02705,Infusion Pump,MedEquip,Model-250,3,3,2000.25,1.47,0,5.622893166403551,Low Risk,Normal,Normal,3.0,87.0,10.0,87.0,Routine Monitoring
MD04926,Infusion Pump,UltraMed,Model-500,12,1,4211.4,2.52,1,27.06725511092049,Medium Risk,Normal,Normal,1.0,87.0,12.0,87.0,Routine Monitoring
MD00276,CT Scanner,MedEquip,Model-150,11,1,5303.5,4.55,2,30.419705294178264,Medium Risk,Risk to Failure,Normal,0.33,87.0,12.67,87.0,Routine Monitoring
MD04002,CT Scanner,ScanPro,Model-600,6,5,3736.5,6.55,0,17.03447403690946,Low Risk,Normal,Normal,0.67,87.0,12.33,87.0,Routine Monitoring
MD04978,CT Scanner,UltraMed,Model-500,7,1,1551.66,2.38,0,13.409324605218693,Low Risk,Normal,Normal,1.33,87.0,11.67,87.0,Routine Monitoring
MD03097,CT Scanner,UltraMed,Model-500,6,3,6315.56,1.85,0,14.572273977348036,Low Risk,Normal,Normal,1.67,87.0,11.33,87.0,Routine Monitoring
MD02801,Infusion Pump,MedEquip,Model-550,4,4,4275.35,1.74,1,11.847946966185711,Low Risk,Normal,Normal,1.0,87.0,12.0,87.0,Routine Monitoring
MD02701,PET Scanner,ImagingTech,Model-500,8,5,7443.46,7.09,1,26.37025261084068,Low Risk,Normal,Normal,1.0,87.0,12.0,87.0,Routine Monitoring
MD02247,Defibrillator,ImagingTech,Model-300,3,5,2580.5,1.99,2,11.52592059705336,Low Risk,Risk to Failure,Normal,0.0,87.0,13.0,87.0,Routine Monitoring
MD04693,Defibrillator,CardioSync,Model-300,1,3,4311.75,1.08,0,3.310314238578135,Low Risk,Normal,Normal,1.67,87.0,11.33,87.0,Routine Monitoring
MD03867,CT Scanner,RescueTech,Model-550,8,3,4328.95,2.4,1,19.76932957362657,Low Risk,Normal,Normal,0.33,87.0,12.67,87.0,Routine Monitoring
MD02238,X-Ray Machine,CardioSync,Model-500,5,5,4594.66,7.5,1,19.218954026101716,Low Risk,Normal,Normal,1.67,87.0,11.33,87.0,Routine Monitoring
MD00722,CT Scanner,CardioSync,Model-200,3,2,5445.81,6.74,0,13.000711676106576,Low Risk,Normal,Normal,0.67,87.0,12.33,87.0,Routine Monitoring
MD04724,Infusion Pump,RescueTech,Model-200,5,5,4763.24,1.32,0,11.133642212097351,Low Risk,Normal,Normal,1.33,87.0,11.67,87.0,Routine Monitoring
MD02220,Infusion Pump,RescueTech,Model-100,3,5,5104.8,1.1,0,7.542914684597853,Low Risk,Normal,Normal,0.0,87.0,13.0,87.0,Routine Monitoring
MD01576,MRI Scanner,RescueTech,Model-300,10,1,4860.06,3.73,1,25.02107318833793,Low Risk,Normal,Normal,1.67,87.0,11.33,87.0,Routine Monitoring
MD03324,Infusion Pump,CardioSync,Model-600,11,3,6242.69,1.58,1,25.86071055788679,Low Risk,Normal,Normal,0.33,87.0,12.67,87.0,Routine Monitoring
MD00126,X-Ray Machine,RescueTech,Model-550,3,3,4899.97,1.26,0,7.541472312850834,Low Risk,Normal,Normal,0.0,87.0,13.0,87.0,Routine Monitoring
MD04337,CT Scanner,CardioSync,Model-100,2,5,2831.28,3.99,1,9.23773118038734,Low Risk,Normal,Normal,0.0,87.0,13.0,87.0,Routine Monitoring
MD05292,X-Ray Machine,RescueTech,Model-300,2,2,3609.41,5.1,0,8.329871661504423,Low Risk,Normal,Normal,0.33,87.0,12.67,87.0,Routine Monitoring
MD01074,X-Ray Machine,MedEquip,Model-500,7,5,3390.87,7.77,0,19.7276999329695,Low Risk,Normal,Normal,1.33,87.0,11.67,87.0,Routine Monitoring
MD02368,X-Ray Machine,MedEquip,Model-200,6,3,6936.82,5.56,0,18.451607159518936,Low Risk,Normal,Normal,0.67,87.0,12.33,87.0,Routine Monitoring
MD01058,MRI Scanner,UltraMed,Model-100,1,5,23588.8,16.89,7,49.4571334493193,High Risk,Failure,Failure,87.0,3.33,9.67,87.0,Inspect Immediately
MD01767,Infusion Pump,MedEquip,Model-300,9,2,1073.33,3.57,0,17.796346495619655,Low Risk,Normal,Normal,0.33,86.67,13.0,86.67,Routine Monitoring
MD02726,MRI Scanner,RescueTech,Model-400,11,5,4110.91,3.62,0,23.69187276145148,Low Risk,Normal,Normal,1.0,86.67,12.33,86.67,Routine Monitoring
MD02966,CT Scanner,UltraMed,Model-100,2,1,5829.74,3.42,0,8.395733460535524,Low Risk,Normal,Normal,1.33,86.67,12.0,86.67,Routine Monitoring
MD03705,PET Scanner,UltraMed,Model-550,4,5,23380.44,20.95,5,53.50988155580143,High Risk,Failure,Failure,86.67,2.0,11.33,86.67,Inspect Immediately
MD01030,X-Ray Machine,CardioSync,Model-200,6,4,8899.44,2.45,0,17.00890564879939,Low Risk,Normal,Normal,1.33,86.67,12.0,86.67,Routine Monitoring
MD05036,CT Scanner,ScanPro,Model-550,5,4,7611.25,3.05,0,14.806420785638046,Low Risk,Normal,Normal,0.67,86.67,12.67,86.67,Routine Monitoring
MD01752,X-Ray Machine,UltraMed,Model-250,6,5,5731.58,1.62,0,13.934386257666924,Low Risk,Normal,Normal,3.33,86.67,10.0,86.67,Routine Monitoring
MD04187,X-Ray Machine,UltraMed,Model-450,4,1,6961.39,5.19,2,19.49139483551324,Low Risk,Risk to Failure,Normal,5.67,86.67,7.67,86.67,Routine Monitoring
MD05443,PET Scanner,CardioSync,Model-350,8,3,8742.81,5.71,1,26.04224274571129,Low Risk,Normal,Normal,1.0,86.67,12.33,86.67,Routine Monitoring
MD03737,Infusion Pump,RescueTech,Model-550,6,2,1092.51,6.56,0,15.117473830935303,Low Risk,Normal,Normal,0.0,86.67,13.33,86.67,Routine Monitoring
MD01041,X-Ray Machine,MedEquip,Model-300,2,3,3622.99,4.3,0,7.600848897315975,Low Risk,Normal,Normal,0.33,86.67,13.0,86.67,Routine Monitoring
MD04261,CT Scanner,UltraMed,Model-400,4,5,3831.38,1.88,0,9.153810062886636,Low Risk,Normal,Normal,0.67,86.67,12.67,86.67,Routine Monitoring
MD01750,Infusion Pump,RescueTech,Model-250,10,4,2738.41,2.45,2,24.793112978454317,Low Risk,Risk to Failure,Normal,0.67,86.67,12.67,86.67,Routine Monitoring
MD00835,Defibrillator,RescueTech,Model-450,11,3,5572.05,1.52,0,22.816707784609,Low Risk,Normal,Normal,0.33,86.67,13.0,86.67,Routine Monitoring
MD00090,CT Scanner,CardioSync,Model-550,3,3,7340.54,3.72,1,14.091678069699013,Low Risk,Normal,Normal,0.0,86.67,13.33,86.67,Routine Monitoring
MD03483,CT Scanner,ScanPro,Model-400,7,4,20419.7,21.07,5,56.91826463928218,High Risk,Failure,Failure,86.67,1.33,12.0,86.67,Inspect Immediately
MD02496,Infusion Pump,RescueTech,Model-450,4,2,7008.79,6.84,0,16.049942126308135,Low Risk,Normal,Normal,3.33,86.67,10.0,86.67,Routine Monitoring
MD05046,PET Scanner,ScanPro,Model-550,11,5,5446.72,3.77,0,24.8036025865326,Low Risk,Normal,Normal,0.0,86.67,13.33,86.67,Routine Monitoring
MD01122,Defibrillator,ScanPro,Model-300,12,3,2336.9,3.84,0,24.420829916184296,Low Risk,Normal,Normal,0.33,86.67,13.0,86.67,Routine Monitoring
MD00792,MRI Scanner,ScanPro,Model-600,12,5,5318.92,7.47,0,29.9461654418984,Medium Risk,Normal,Normal,1.33,86.67,12.0,86.67,Routine Monitoring
MD01190,MRI Scanner,ScanPro,Model-300,10,1,2853.87,3.22,0,20.588436412764683,Low Risk,Normal,Normal,0.67,86.67,12.67,86.67,Routine Monitoring
MD01756,CT Scanner,UltraMed,Model-300,4,4,8417.62,3.08,0,13.603416303438696,Low Risk,Normal,Normal,1.0,86.67,12.33,86.67,Routine Monitoring
MD04105,CT Scanner,ImagingTech,Model-650,5,3,5764.17,5.11,0,15.363469530630802,Low Risk,Normal,Normal,0.0,86.67,13.33,86.67,Routine Monitoring
MD00490,PET Scanner,UltraMed,Model-350,10,5,2707.05,7.37,0,24.31460112700833,Low Risk,Normal,Normal,4.67,86.67,8.67,86.67,Routine Monitoring
MD00436,Defibrillator,ImagingTech,Model-500,9,3,1555.25,2.14,2,21.826628801860917,Low Risk,Risk to Failure,Normal,0.0,86.67,13.33,86.67,Routine Monitoring
MD04752,MRI Scanner,ScanPro,Model-100,7,2,2741.19,4.96,4,26.65894260217445,Low Risk,Failure,Normal,0.33,86.67,13.0,86.67,Routine Monitoring
MD03055,X-Ray Machine,MedEquip,Model-450,7,5,2816.17,4.42,0,16.214799609963897,Low Risk,Normal,Normal,0.0,86.67,13.33,86.67,Routine Monitoring
MD01072,MRI Scanner,CardioSync,Model-650,7,1,2802.5,1.62,0,13.618633653381334,Low Risk,Normal,Normal,3.67,86.67,9.67,86.67,Routine Monitoring
MD02902,X-Ray Machine,CardioSync,Model-200,11,2,3864.81,4.06,0,23.918984480422345,Low Risk,Normal,Normal,1.67,86.67,11.67,86.67,Routine Monitoring
MD03414,Infusion Pump,CardioSync,Model-300,12,5,3809.65,5.17,1,29.222226667570723,Medium Risk,Normal,Normal,0.0,86.67,13.33,86.67,Routine Monitoring
MD01874,X-Ray Machine,MedEquip,Model-550,12,3,4721.97,6.84,0,28.92937050792048,Medium Risk,Normal,Normal,0.67,86.33,13.0,86.33,Routine Monitoring
MD03915,MRI Scanner,CardioSync,Model-600,3,3,4777.69,3.68,0,9.687608847963894,Low Risk,Normal,Normal,1.67,86.33,12.0,86.33,Routine Monitoring
MD00342,X-Ray Machine,UltraMed,Model-400,2,3,1321.88,1.55,0,3.3843873518096865,Low Risk,Normal,Normal,0.0,86.33,13.67,86.33,Routine Monitoring
MD01068,MRI Scanner,ImagingTech,Model-450,11,3,2081.48,5.7,2,29.13454623460213,Medium Risk,Risk to Failure,Normal,2.67,86.33,11.0,86.33,Routine Monitoring
MD05115,PET Scanner,UltraMed,Model-250,11,3,4506.01,2.18,0,22.64966729101766,Low Risk,Normal,Normal,2.0,86.33,11.67,86.33,Routine Monitoring
MD04032,MRI Scanner,CardioSync,Model-600,7,1,3443.02,7.25,0,19.28539741552397,Low Risk,Normal,Normal,2.33,86.33,11.33,86.33,Routine Monitoring
MD01006,X-Ray Machine,MedEquip,Model-150,6,1,2464.49,2.61,0,12.468608918652247,Low Risk,Normal,Normal,0.0,86.33,13.67,86.33,Routine Monitoring
MD02984,Defibrillator,MedEquip,Model-600,2,2,857.9,6.01,1,9.665820266054665,Low Risk,Normal,Normal,0.67,86.33,13.0,86.33,Routine Monitoring
MD04004,PET Scanner,MedEquip,Model-650,11,2,7164.73,3.53,1,28.33355643855008,Medium Risk,Normal,Normal,0.67,86.33,13.0,86.33,Routine Monitoring
MD00588,X-Ray Machine,ImagingTech,Model-150,2,2,3579.97,0.82,1,6.85522164956086,Low Risk,Normal,Normal,0.67,86.33,13.0,86.33,Routine Monitoring
MD02772,MRI Scanner,ImagingTech,Model-200,2,4,5401.49,1.6,0,6.402704284418695,Low Risk,Normal,Normal,1.0,86.33,12.67,86.33,Routine Monitoring
MD04542,CT Scanner,UltraMed,Model-400,3,5,7938.35,2.82,0,11.195922203031238,Low Risk,Normal,Normal,1.0,86.33,12.67,86.33,Routine Monitoring
MD05335,MRI Scanner,MedEquip,Model-500,10,1,3585.3,0.81,1,21.39532282813125,Low Risk,Normal,Normal,0.67,86.33,13.0,86.33,Routine Monitoring
MD03905,Defibrillator,CardioSync,Model-300,5,5,25689.04,26.66,0,49.78397178707024,High Risk,Normal,Failure,86.33,2.33,11.33,86.33,Inspect Immediately
MD02695,X-Ray Machine,ImagingTech,Model-650,8,1,5189.4,1.29,1,19.37095036429676,Low Risk,Normal,Normal,0.0,86.33,13.67,86.33,Routine Monitoring
MD01528,X-Ray Machine,CardioSync,Model-600,2,4,4823.52,2.9,0,7.182372394089343,Low Risk,Normal,Normal,0.67,86.33,13.0,86.33,Routine Monitoring
MD04279,MRI Scanner,CardioSync,Model-200,9,5,8222.16,3.53,1,25.467566529209847,Low Risk,Normal,Normal,1.33,86.33,12.33,86.33,Routine Monitoring
MD03964,Infusion Pump,CardioSync,Model-300,11,3,6152.95,3.39,1,27.46712994463675,Medium Risk,Normal,Normal,0.67,86.33,13.0,86.33,Routine Monitoring
MD02339,Defibrillator,CardioSync,Model-100,9,3,5172.76,4.24,0,21.40176307099452,Low Risk,Normal,Normal,0.0,86.33,13.67,86.33,Routine Monitoring
MD04939,CT Scanner,MedEquip,Model-500,6,1,2169.47,6.87,0,16.18840587659816,Low Risk,Normal,Normal,2.0,86.33,11.67,86.33,Routine Monitoring
MD05483,PET Scanner,ScanPro,Model-300,5,4,7282.89,2.37,2,18.939120537638782,Low Risk,Risk to Failure,Normal,0.33,86.33,13.33,86.33,Routine Monitoring
MD01726,Infusion Pump,UltraMed,Model-500,11,3,931.57,2.04,1,22.41625580964057,Low Risk,Normal,Normal,1.67,86.33,12.0,86.33,Routine Monitoring
MD04026,X-Ray Machine,RescueTech,Model-650,10,4,3597.96,5.21,0,22.968585477670544,Low Risk,Normal,Normal,3.33,86.33,10.33,86.33,Routine Monitoring
MD00748,PET Scanner,ImagingTech,Model-100,10,3,1752.74,6.29,0,22.621816882144326,Low Risk,Normal,Normal,0.0,86.33,13.67,86.33,Routine Monitoring
MD00591,CT Scanner,MedEquip,Model-550,1,4,5608.92,4.18,0,7.118647203771506,Low Risk,Normal,Normal,1.33,86.33,12.33,86.33,Routine Monitoring
MD03028,X-Ray Machine,CardioSync,Model-150,9,1,3107.98,5.96,0,21.48617055132557,Low Risk,Normal,Normal,0.33,86.33,13.33,86.33,Routine Monitoring
MD03707,Defibrillator,ScanPro,Model-650,9,1,4359.37,1.24,1,20.538244825218012,Low Risk,Normal,Normal,0.33,86.33,13.33,86.33,Routine Monitoring
MD03308,X-Ray Machine,ScanPro,Model-150,3,2,7011.0,2.59,1,12.807877757469427,Low Risk,Normal,Normal,1.67,86.33,12.0,86.33,Routine Monitoring
MD00279,Infusion Pump,UltraMed,Model-450,7,4,3951.89,7.87,1,22.72878661996369,Low Risk,Normal,Normal,2.33,86.33,11.33,86.33,Routine Monitoring
MD00127,PET Scanner,CardioSync,Model-450,3,5,7469.4,3.25,1,13.751443662810928,Low Risk,Normal,Normal,0.33,86.33,13.33,86.33,Routine Monitoring
MD05161,PET Scanner,CardioSync,Model-450,10,2,7529.67,0.77,0,21.73198474128092,Low Risk,Normal,Normal,0.67,86.33,13.0,86.33,Routine Monitoring
MD04033,PET Scanner,CardioSync,Model-650,10,3,6454.53,1.2,0,21.345876164477275,Low Risk,Normal,Normal,0.67,86.33,13.0,86.33,Routine Monitoring
MD04567,Infusion Pump,UltraMed,Model-200,9,2,6694.01,2.73,0,21.11534101291129,Low Risk,Normal,Normal,0.0,86.33,13.67,86.33,Routine Monitoring
MD04243,PET Scanner,MedEquip,Model-550,7,3,4733.82,6.55,0,19.579237402271687,Low Risk,Normal,Normal,1.33,86.33,12.33,86.33,Routine Monitoring
MD04122,MRI Scanner,MedEquip,Model-650,11,3,1976.78,2.65,1,23.741150496279943,Low Risk,Normal,Normal,5.33,86.33,8.33,86.33,Routine Monitoring
MD04880,MRI Scanner,CardioSync,Model-450,2,3,6993.53,5.62,0,11.275613770184089,Low Risk,Normal,Normal,2.0,86.33,11.67,86.33,Routine Monitoring
MD02275,X-Ray Machine,CardioSync,Model-600,8,5,3394.86,7.11,1,23.439182690554485,Low Risk,Normal,Normal,1.0,86.33,12.67,86.33,Routine Monitoring
MD01814,Infusion Pump,ImagingTech,Model-450,8,2,1586.41,6.55,0,19.104423965759832,Low Risk,Normal,Normal,0.33,86.0,13.67,86.0,Routine Monitoring
MD03331,MRI Scanner,CardioSync,Model-300,3,5,5121.43,3.68,0,9.93803513143138,Low Risk,Normal,Normal,0.33,86.0,13.67,86.0,Routine Monitoring
MD01872,PET Scanner,ScanPro,Model-350,4,4,6727.73,1.77,0,11.162298581711784,Low Risk,Normal,Normal,0.67,86.0,13.33,86.0,Routine Monitoring
MD03292,Infusion Pump,RescueTech,Model-450,9,5,6943.33,4.32,1,25.26557517347951,Low Risk,Normal,Normal,0.67,86.0,13.33,86.0,Routine Monitoring
MD01503,MRI Scanner,ImagingTech,Model-150,4,3,1125.13,5.08,0,10.137879900358604,Low Risk,Normal,Normal,1.33,86.0,12.67,86.0,Routine Monitoring
MD04596,Defibrillator,CardioSync,Model-450,11,5,3592.61,6.26,2,30.752697225061087,Medium Risk,Risk to Failure,Normal,0.0,86.0,14.0,86.0,Routine Monitoring
MD02628,X-Ray Machine,ScanPro,Model-600,6,5,5192.17,7.07,0,18.575274717902865,Low Risk,Normal,Normal,1.0,86.0,13.0,86.0,Routine Monitoring
MD02560,Defibrillator,MedEquip,Model-200,1,3,6149.1,1.82,0,5.332383754138561,Low Risk,Normal,Normal,3.0,86.0,11.0,86.0,Routine Monitoring
MD02456,MRI Scanner,CardioSync,Model-200,7,3,2251.55,5.13,0,16.459242909863256,Low Risk,Normal,Normal,0.33,86.0,13.67,86.0,Routine Monitoring
MD04677,Infusion Pump,UltraMed,Model-550,9,5,6009.86,1.29,1,21.78686520317368,Low Risk,Normal,Normal,1.0,86.0,13.0,86.0,Routine Monitoring
MD04333,Defibrillator,ImagingTech,Model-200,5,3,1531.85,3.62,1,13.403848906995886,Low Risk,Normal,Normal,0.67,86.0,13.33,86.0,Routine Monitoring
MD04432,MRI Scanner,ImagingTech,Model-200,7,1,1708.13,5.29,0,16.21112620484325,Low Risk,Normal,Normal,3.33,86.0,10.67,86.0,Routine Monitoring
MD03546,Infusion Pump,ScanPro,Model-250,5,3,7689.3,2.48,0,14.336805033257916,Low Risk,Normal,Normal,1.33,86.0,12.67,86.0,Routine Monitoring
MD00474,MRI Scanner,ScanPro,Model-650,5,4,4757.02,2.88,2,17.56999743001061,Low Risk,Risk to Failure,Normal,0.67,86.0,13.33,86.0,Routine Monitoring
MD03783,Infusion Pump,UltraMed,Model-350,10,1,4617.7,5.09,0,23.600663319118706,Low Risk,Normal,Normal,6.33,86.0,7.67,86.0,Routine Monitoring
MD04034,Defibrillator,CardioSync,Model-650,2,3,2456.72,2.08,0,4.700688916897964,Low Risk,Normal,Normal,0.67,86.0,13.33,86.0,Routine Monitoring
MD02835,X-Ray Machine,UltraMed,Model-500,7,5,2618.0,3.41,0,15.137544250148544,Low Risk,Normal,Normal,2.0,86.0,12.0,86.0,Routine Monitoring
MD04651,Infusion Pump,CardioSync,Model-300,12,1,4847.04,2.01,0,24.559281361043737,Low Risk,Normal,Normal,0.0,86.0,14.0,86.0,Routine Monitoring
MD02266,MRI Scanner,ImagingTech,Model-200,5,1,2906.25,1.35,1,12.308471184968267,Low Risk,Normal,Normal,1.67,86.0,12.33,86.0,Routine Monitoring
MD04000,PET Scanner,CardioSync,Model-650,3,3,7842.89,1.55,1,12.45334678898934,Low Risk,Normal,Normal,0.33,86.0,13.67,86.0,Routine Monitoring
MD05000,X-Ray Machine,UltraMed,Model-550,9,1,1189.4,2.84,1,19.70664635538565,Low Risk,Normal,Normal,0.0,86.0,14.0,86.0,Routine Monitoring
MD01178,CT Scanner,ImagingTech,Model-200,5,3,6983.59,5.61,0,16.71368114338518,Low Risk,Normal,Normal,0.0,86.0,14.0,86.0,Routine Monitoring
MD01340,Defibrillator,MedEquip,Model-350,4,3,3409.52,7.68,0,14.203613559048534,Low Risk,Normal,Normal,4.0,86.0,10.0,86.0,Routine Monitoring
MD02356,Defibrillator,ImagingTech,Model-150,10,2,6593.84,2.49,1,25.13887070162774,Low Risk,Normal,Normal,0.33,86.0,13.67,86.0,Routine Monitoring
MD00227,PET Scanner,ScanPro,Model-550,11,3,7375.16,6.88,0,29.08107367469148,Medium Risk,Normal,Normal,3.0,86.0,11.0,86.0,Routine Monitoring
MD02313,CT Scanner,UltraMed,Model-100,6,4,2966.82,4.16,0,14.266223658395216,Low Risk,Normal,Normal,1.33,86.0,12.67,86.0,Routine Monitoring
MD04768,MRI Scanner,ImagingTech,Model-500,6,2,4191.14,3.17,0,14.243773560745908,Low Risk,Normal,Normal,0.33,86.0,13.67,86.0,Routine Monitoring
MD02424,X-Ray Machine,MedEquip,Model-450,7,4,1126.5,4.11,0,14.697487485918067,Low Risk,Normal,Normal,0.33,86.0,13.67,86.0,Routine Monitoring
MD04433,CT Scanner,RescueTech,Model-300,2,4,4146.32,4.37,0,8.046767777552658,Low Risk,Normal,Normal,0.0,86.0,14.0,86.0,Routine Monitoring
MD00057,CT Scanner,RescueTech,Model-450,7,2,7521.24,1.42,0,16.871667203088855,Low Risk,Normal,Normal,1.67,85.67,12.67,85.67,Routine Monitoring
MD01395,Defibrillator,ImagingTech,Model-150,11,2,1190.91,1.47,0,19.57871598944704,Low Risk,Normal,Normal,0.0,85.67,14.33,85.67,Routine Monitoring
MD02515,X-Ray Machine,UltraMed,Model-150,8,3,4457.05,0.6,0,15.700093205022476,Low Risk,Normal,Normal,0.0,85.67,14.33,85.67,Routine Monitoring
MD02264,X-Ray Machine,MedEquip,Model-450,2,5,1324.64,1.28,0,3.137013869247129,Low Risk,Normal,Normal,0.33,85.67,14.0,85.67,Routine Monitoring
MD01060,X-Ray Machine,ImagingTech,Model-500,11,5,3106.97,5.62,1,27.307758959463687,Medium Risk,Normal,Normal,1.33,85.67,13.0,85.67,Routine Monitoring
MD01254,MRI Scanner,UltraMed,Model-300,2,2,4777.69,4.71,1,11.320781709585033,Low Risk,Normal,Normal,0.67,85.67,13.67,85.67,Routine Monitoring
MD00997,MRI Scanner,ImagingTech,Model-550,3,5,2312.85,7.77,3,19.16959841778101,Low Risk,Risk to Failure,Normal,0.67,85.67,13.67,85.67,Routine Monitoring
MD04139,MRI Scanner,ScanPro,Model-350,3,5,3231.04,5.24,0,10.001708407990897,Low Risk,Normal,Normal,0.0,85.67,14.33,85.67,Routine Monitoring
MD04353,PET Scanner,UltraMed,Model-200,2,3,1334.02,5.56,1,9.597049488782597,Low Risk,Normal,Normal,0.0,85.67,14.33,85.67,Routine Monitoring
MD05343,MRI Scanner,UltraMed,Model-650,10,1,2946.21,4.84,0,22.152014662738296,Low Risk,Normal,Normal,5.0,85.67,9.33,85.67,Routine Monitoring
MD05015,PET Scanner,MedEquip,Model-600,6,3,1281.79,4.45,0,13.306479124312752,Low Risk,Normal,Normal,0.33,85.67,14.0,85.67,Routine Monitoring
MD00791,Defibrillator,UltraMed,Model-250,5,5,21910.6,20.16,6,56.02755512949663,High Risk,Failure,Failure,85.67,2.0,12.33,85.67,Inspect Immediately
MD00660,Defibrillator,ScanPro,Model-600,4,2,6530.31,4.26,0,13.318348243099848,Low Risk,Normal,Normal,1.0,85.67,13.33,85.67,Routine Monitoring
MD03660,X-Ray Machine,ScanPro,Model-600,10,4,5355.07,6.78,0,25.698823039362143,Low Risk,Normal,Normal,0.33,85.67,14.0,85.67,Routine Monitoring
MD01800,PET Scanner,CardioSync,Model-600,7,3,7011.0,3.19,1,20.63479222231493,Low Risk,Normal,Normal,1.67,85.67,12.67,85.67,Routine Monitoring
MD03989,CT Scanner,RescueTech,Model-200,6,2,5190.16,4.34,1,18.55225864038805,Low Risk,Normal,Normal,0.67,85.67,13.67,85.67,Routine Monitoring
MD01259,X-Ray Machine,UltraMed,Model-450,11,1,3896.43,2.82,0,22.796700529038223,Low Risk,Normal,Normal,0.0,85.67,14.33,85.67,Routine Monitoring
MD00325,X-Ray Machine,ScanPro,Model-600,8,5,1922.63,5.25,0,18.148632757153173,Low Risk,Normal,Normal,0.33,85.67,14.0,85.67,Routine Monitoring
MD01655,PET Scanner,CardioSync,Model-600,7,3,2744.37,0.9,1,15.4112593403528,Low Risk,Normal,Normal,0.33,85.67,14.0,85.67,Routine Monitoring
MD03713,CT Scanner,ImagingTech,Model-350,9,4,5200.25,4.09,0,21.28324367312939,Low Risk,Normal,Normal,0.0,85.67,14.33,85.67,Routine Monitoring
MD00661,Infusion Pump,MedEquip,Model-200,7,3,7249.15,2.6,0,17.763341859868625,Low Risk,Normal,Normal,0.0,85.67,14.33,85.67,Routine Monitoring
MD02357,PET Scanner,MedEquip,Model-450,7,2,7311.26,4.43,0,19.49886204370891,Low Risk,Normal,Normal,0.33,85.67,14.0,85.67,Routine Monitoring
MD02564,Infusion Pump,MedEquip,Model-150,7,3,7363.37,1.86,0,17.163057478498704,Low Risk,Normal,Normal,2.33,85.67,12.0,85.67,Routine Monitoring
MD04463,X-Ray Machine,ScanPro,Model-150,9,5,4113.3,3.39,0,19.844811897746386,Low Risk,Normal,Normal,0.33,85.67,14.0,85.67,Routine Monitoring
MD02091,CT Scanner,RescueTech,Model-500,2,1,4634.25,1.12,0,5.400394090485577,Low Risk,Normal,Normal,0.33,85.67,14.0,85.67,Routine Monitoring
MD00650,Defibrillator,MedEquip,Model-600,2,3,3122.98,1.07,0,4.253200218564546,Low Risk,Normal,Normal,0.0,85.67,14.33,85.67,Routine Monitoring
MD03271,PET Scanner,ImagingTech,Model-450,12,2,4106.15,7.07,0,28.69316311238576,Medium Risk,Normal,Normal,0.33,85.67,14.0,85.67,Routine Monitoring
MD02949,Infusion Pump,ScanPro,Model-600,7,4,6491.68,4.89,0,19.3266469802406,Low Risk,Normal,Normal,3.33,85.67,11.0,85.67,Routine Monitoring
MD02090,MRI Scanner,UltraMed,Model-550,8,2,4502.53,4.59,0,19.41857175976322,Low Risk,Normal,Normal,1.67,85.67,12.67,85.67,Routine Monitoring
MD03839,X-Ray Machine,ScanPro,Model-550,9,4,4605.17,3.78,0,20.56337760022884,Low Risk,Normal,Normal,0.0,85.67,14.33,85.67,Routine Monitoring
MD03108,Infusion Pump,CardioSync,Model-600,7,1,5525.75,5.57,0,19.25101293363017,Low Risk,Normal,Normal,2.0,85.67,12.33,85.67,Routine Monitoring
MD04321,MRI Scanner,RescueTech,Model-300,4,5,25836.47,25.08,8,66.61383813330235,High Risk,Failure,Failure,85.67,3.33,11.0,85.67,Inspect Immediately
MD03800,MRI Scanner,UltraMed,Model-550,11,4,2315.48,6.55,1,27.590121717063425,Medium Risk,Normal,Normal,0.67,85.67,13.67,85.67,Routine Monitoring
MD04493,PET Scanner,UltraMed,Model-100,1,3,6286.64,3.31,1,9.308817850115958,Low Risk,Normal,Normal,1.33,85.33,13.33,85.33,Routine Monitoring
MD02736,X-Ray Machine,UltraMed,Model-450,4,5,4318.63,7.51,1,17.20891141603683,Low Risk,Normal,Normal,1.33,85.33,13.33,85.33,Routine Monitoring
MD00036,CT Scanner,ImagingTech,Model-350,2,4,7867.44,4.7,0,11.062533239578697,Low Risk,Normal,Normal,0.67,85.33,14.0,85.33,Routine Monitoring
MD00562,X-Ray Machine,UltraMed,Model-200,3,5,5640.23,1.21,0,8.034594639264444,Low Risk,Normal,Normal,0.67,85.33,14.0,85.33,Routine Monitoring
MD05495,Infusion Pump,ImagingTech,Model-550,5,5,4678.95,2.27,1,14.44969713387786,Low Risk,Normal,Normal,0.0,85.33,14.67,85.33,Routine Monitoring
MD04685,PET Scanner,UltraMed,Model-250,6,4,7669.33,2.87,0,16.50065970197014,Low Risk,Normal,Normal,6.33,85.33,8.33,85.33,Routine Monitoring
MD04731,Defibrillator,RescueTech,Model-450,7,1,3246.28,2.41,1,17.17162228300018,Low Risk,Normal,Normal,1.67,85.33,13.0,85.33,Routine Monitoring
MD00092,PET Scanner,ScanPro,Model-200,5,5,5804.6,2.77,1,15.731594111731594,Low Risk,Normal,Normal,1.33,85.33,13.33,85.33,Routine Monitoring
MD02698,Infusion Pump,CardioSync,Model-600,7,5,4111.96,6.55,0,19.12619123762081,Low Risk,Normal,Normal,0.0,85.33,14.67,85.33,Routine Monitoring
MD02630,Defibrillator,UltraMed,Model-550,5,2,5680.92,3.61,0,13.917351093307634,Low Risk,Normal,Normal,1.33,85.33,13.33,85.33,Routine Monitoring
MD01630,PET Scanner,ImagingTech,Model-650,9,3,4088.55,4.3,0,20.66729792217153,Low Risk,Normal,Normal,0.67,85.33,14.0,85.33,Routine Monitoring
MD04887,X-Ray Machine,CardioSync,Model-100,10,4,6895.47,5.31,2,30.463298220538192,Medium Risk,Risk to Failure,Normal,0.0,85.33,14.67,85.33,Routine Monitoring
MD00876,X-Ray Machine,UltraMed,Model-650,4,1,1744.74,5.94,1,13.883621838837652,Low Risk,Normal,Normal,0.0,85.33,14.67,85.33,Routine Monitoring
MD02120,CT Scanner,CardioSync,Model-500,5,3,8960.57,4.94,0,17.535135962449925,Low Risk,Normal,Normal,1.67,85.33,13.0,85.33,Routine Monitoring
MD00122,X-Ray Machine,MedEquip,Model-650,6,1,6244.86,1.3,2,19.012761696142345,Low Risk,Risk to Failure,Normal,0.0,85.33,14.67,85.33,Routine Monitoring
MD00479,MRI Scanner,CardioSync,Model-350,10,4,4030.76,4.03,0,22.19399352297973,Low Risk,Normal,Normal,1.67,85.33,13.0,85.33,Routine Monitoring
MD02672,X-Ray Machine,ScanPro,Model-600,7,5,6127.85,2.22,0,16.59545144341836,Low Risk,Normal,Normal,1.33,85.33,13.33,85.33,Routine Monitoring
MD01716,PET Scanner,UltraMed,Model-600,8,4,18267.26,17.58,3,48.94479852751993,High Risk,Risk to Failure,Failure,85.33,3.67,11.0,85.33,Inspect Immediately
MD02767,MRI Scanner,UltraMed,Model-350,6,5,7985.35,4.75,0,18.46734422441942,Low Risk,Normal,Normal,1.67,85.33,13.0,85.33,Routine Monitoring
MD03182,X-Ray Machine,MedEquip,Model-300,1,2,3330.55,0.96,1,4.984639221349876,Low Risk,Normal,Normal,1.0,85.33,13.67,85.33,Routine Monitoring
MD02133,CT Scanner,MedEquip,Model-250,3,3,4409.54,4.19,1,12.390458162408986,Low Risk,Normal,Normal,2.67,85.33,12.0,85.33,Routine Monitoring
MD04907,PET Scanner,ScanPro,Model-550,6,2,23493.08,21.74,4,55.45798706694764,High Risk,Failure,Failure,85.33,3.67,11.0,85.33,Inspect Immediately
MD02619,Defibrillator,ImagingTech,Model-350,4,3,7242.63,3.06,0,12.728923210814171,Low Risk,Normal,Normal,1.33,85.33,13.33,85.33,Routine Monitoring
MD03945,X-Ray Machine,ImagingTech,Model-100,4,5,2197.52,7.87,1,15.996122939646272,Low Risk,Normal,Normal,0.67,85.33,14.0,85.33,Routine Monitoring
MD05084,PET Scanner,RescueTech,Model-400,7,2,4582.34,2.34,1,18.08033227114253,Low Risk,Normal,Normal,0.33,85.33,14.33,85.33,Routine Monitoring
MD02509,Defibrillator,UltraMed,Model-100,7,4,18291.72,17.36,1,41.9412346809836,Medium Risk,Normal,Failure,85.33,2.67,12.0,85.33,Inspect Immediately
MD04755,X-Ray Machine,ScanPro,Model-150,9,5,6195.78,2.49,0,20.53068863210169,Low Risk,Normal,Normal,1.0,85.33,13.67,85.33,Routine Monitoring
MD01173,PET Scanner,RescueTech,Model-550,10,1,6353.22,3.71,0,23.59041813677286,Low Risk,Normal,Normal,0.0,85.33,14.67,85.33,Routine Monitoring
MD02056,PET Scanner,RescueTech,Model-200,12,2,2838.61,7.86,2,33.49939690572259,Medium Risk,Risk to Failure,Normal,1.33,85.33,13.33,85.33,Routine Monitoring
MD00610,PET Scanner,CardioSync,Model-350,6,4,5489.31,5.84,0,17.655667572272897,Low Risk,Normal,Normal,1.0,85.33,13.67,85.33,Routine Monitoring
MD01731,PET Scanner,MedEquip,Model-200,2,4,4010.25,6.55,1,12.461182951705386,Low Risk,Normal,Normal,0.33,85.33,14.33,85.33,Routine Monitoring
MD04378,PET Scanner,ImagingTech,Model-550,3,3,5108.44,3.9,0,10.131773444976368,Low Risk,Normal,Normal,0.67,85.33,14.0,85.33,Routine Monitoring
MD01406,Infusion Pump,CardioSync,Model-300,7,3,2165.33,4.95,0,16.230172549165687,Low Risk,Normal,Normal,2.33,85.33,12.33,85.33,Routine Monitoring
MD02310,PET Scanner,ScanPro,Model-550,5,2,1493.72,2.14,0,9.509074830984591,Low Risk,Normal,Normal,0.0,85.33,14.67,85.33,Routine Monitoring
MD03512,MRI Scanner,CardioSync,Model-100,5,3,5905.49,3.72,1,16.682558963030075,Low Risk,Normal,Normal,0.33,85.33,14.33,85.33,Routine Monitoring
MD03061,X-Ray Machine,UltraMed,Model-200,5,4,3857.03,0.82,0,10.011614739230254,Low Risk,Normal,Normal,0.67,85.33,14.0,85.33,Routine Monitoring
MD01529,Infusion Pump,RescueTech,Model-450,9,2,1041.9,0.57,1,17.502512710831795,Low Risk,Normal,Normal,0.0,85.33,14.67,85.33,Routine Monitoring
MD03410,Defibrillator,RescueTech,Model-350,1,4,7637.94,2.52,1,9.563606066156089,Low Risk,Normal,Normal,3.0,85.33,11.67,85.33,Routine Monitoring
MD03366,X-Ray Machine,ScanPro,Model-450,5,4,7915.47,2.26,2,19.29837560174469,Low Risk,Risk to Failure,Normal,1.33,85.33,13.33,85.33,Routine Monitoring
MD03125,MRI Scanner,UltraMed,Model-650,7,4,1419.36,4.53,1,17.798776993014684,Low Risk,Normal,Normal,3.67,85.33,11.0,85.33,Routine Monitoring
MD02724,CT Scanner,ScanPro,Model-150,2,5,3209.05,3.15,1,8.737087407533746,Low Risk,Normal,Normal,0.0,85.33,14.67,85.33,Routine Monitoring
MD02095,Infusion Pump,MedEquip,Model-650,12,2,26306.58,30.28,7,83.80473947114787,High Risk,Failure,Failure,85.33,3.33,11.33,85.33,Inspect Immediately
MD04776,X-Ray Machine,ScanPro,Model-600,4,2,3788.22,5.31,0,12.290469982930526,Low Risk,Normal,Normal,1.67,85.33,13.0,85.33,Routine Monitoring
MD02567,MRI Scanner,CardioSync,Model-350,2,3,7720.95,2.3,0,8.739061522757757,Low Risk,Normal,Normal,1.0,85.33,13.67,85.33,Routine Monitoring
MD02576,MRI Scanner,MedEquip,Model-650,10,5,3779.06,0.96,0,19.17503037755621,Low Risk,Normal,Normal,1.33,85.33,13.33,85.33,Routine Monitoring
MD02741,PET Scanner,ScanPro,Model-450,8,3,26592.66,17.45,5,59.89006175226196,High Risk,Failure,Failure,85.33,5.0,9.67,85.33,Inspect Immediately
MD00366,Infusion Pump,ScanPro,Model-550,7,5,2630.29,7.13,0,18.582458524367063,Low Risk,Normal,Normal,1.0,85.33,13.67,85.33,Routine Monitoring
MD02647,CT Scanner,UltraMed,Model-600,5,3,7297.3,3.35,3,22.354791126636307,Low Risk,Risk to Failure,Normal,0.67,85.33,14.0,85.33,Routine Monitoring
MD05194,Defibrillator,RescueTech,Model-600,12,3,2474.66,6.55,0,27.02427158028613,Low Risk,Normal,Normal,1.0,85.0,14.0,85.0,Routine Monitoring
MD00651,MRI Scanner,CardioSync,Model-600,8,4,7011.0,1.12,2,23.041028227688862,Low Risk,Risk to Failure,Normal,0.67,85.0,14.33,85.0,Routine Monitoring
MD00622,CT Scanner,MedEquip,Model-300,6,1,1799.72,2.94,1,14.789104314939015,Low Risk,Normal,Normal,0.0,85.0,15.0,85.0,Routine Monitoring
MD03742,CT Scanner,ImagingTech,Model-500,6,3,5217.87,7.44,1,21.43574681064736,Low Risk,Normal,Normal,1.33,85.0,13.67,85.0,Routine Monitoring
MD01284,Infusion Pump,UltraMed,Model-100,8,2,794.94,5.8,1,20.335077156108905,Low Risk,Normal,Normal,0.0,85.0,15.0,85.0,Routine Monitoring
MD05062,Infusion Pump,UltraMed,Model-300,2,2,5664.93,4.43,0,9.208545542370343,Low Risk,Normal,Normal,1.33,85.0,13.67,85.0,Routine Monitoring
MD05230,PET Scanner,RescueTech,Model-150,3,1,5496.71,4.92,2,16.35675957488195,Low Risk,Risk to Failure,Normal,0.67,85.0,14.33,85.0,Routine Monitoring
MD04544,Defibrillator,MedEquip,Model-500,7,1,913.28,6.86,0,17.082174093067444,Low Risk,Normal,Normal,0.67,85.0,14.33,85.0,Routine Monitoring
MD03280,PET Scanner,MedEquip,Model-350,8,2,1216.81,7.75,1,22.44353217681428,Low Risk,Normal,Normal,5.67,85.0,9.33,85.0,Routine Monitoring
MD01112,PET Scanner,CardioSync,Model-250,7,5,5600.17,2.58,1,19.043530927886582,Low Risk,Normal,Normal,0.67,85.0,14.33,85.0,Routine Monitoring
MD00477,X-Ray Machine,CardioSync,Model-300,4,1,2379.9,6.48,1,14.84512597883898,Low Risk,Normal,Normal,0.67,85.0,14.33,85.0,Routine Monitoring
MD01489,MRI Scanner,UltraMed,Model-250,10,3,2544.74,2.76,0,19.938347844381635,Low Risk,Normal,Normal,6.0,85.0,9.0,85.0,Routine Monitoring
MD01823,MRI Scanner,ImagingTech,Model-300,6,2,13774.7,11.83,5,41.72449151054667,Medium Risk,Failure,Risk to Failure,9.0,6.0,85.0,85.0,Schedule Preventive Maintenance
MD01409,PET Scanner,RescueTech,Model-350,4,3,5322.42,2.05,0,10.3971031300401,Low Risk,Normal,Normal,1.0,85.0,14.0,85.0,Routine Monitoring
MD00697,Infusion Pump,RescueTech,Model-450,11,5,3634.4,6.71,0,26.198783055776584,Low Risk,Normal,Normal,0.33,85.0,14.67,85.0,Routine Monitoring
MD04304,Infusion Pump,MedEquip,Model-300,12,2,3058.34,3.39,0,24.530783104293757,Low Risk,Normal,Normal,0.33,85.0,14.67,85.0,Routine Monitoring
MD05176,CT Scanner,MedEquip,Model-400,3,1,801.66,1.07,0,4.380221449271101,Low Risk,Normal,Normal,0.33,85.0,14.67,85.0,Routine Monitoring
MD04932,PET Scanner,ScanPro,Model-200,11,3,7011.0,0.53,0,22.950622943318063,Low Risk,Normal,Normal,0.67,85.0,14.33,85.0,Routine Monitoring
MD03471,Defibrillator,CardioSync,Model-600,9,2,2804.4,5.23,0,20.59074111029117,Low Risk,Normal,Normal,0.0,85.0,15.0,85.0,Routine Monitoring
MD02617,X-Ray Machine,RescueTech,Model-200,2,4,5827.2,5.45,0,10.268882984128918,Low Risk,Normal,Normal,1.0,85.0,14.0,85.0,Routine Monitoring
MD05306,Infusion Pump,CardioSync,Model-600,9,4,1203.62,4.43,0,18.68560216823988,Low Risk,Normal,Normal,0.0,85.0,15.0,85.0,Routine Monitoring
MD04118,Defibrillator,ScanPro,Model-400,2,4,3298.87,1.03,0,4.344396254244172,Low Risk,Normal,Normal,0.0,85.0,15.0,85.0,Routine Monitoring
MD04131,CT Scanner,ScanPro,Model-400,6,1,3392.58,0.54,2,16.232808242934432,Low Risk,Risk to Failure,Normal,0.33,85.0,14.67,85.0,Routine Monitoring
MD00920,PET Scanner,UltraMed,Model-500,7,3,621.51,5.91,0,15.992146668346388,Low Risk,Normal,Normal,0.0,85.0,15.0,85.0,Routine Monitoring
MD03613,PET Scanner,CardioSync,Model-350,12,2,7703.5,4.18,0,28.644619987926184,Medium Risk,Normal,Normal,2.0,85.0,13.0,85.0,Routine Monitoring
MD02151,MRI Scanner,CardioSync,Model-650,4,1,1100.26,2.53,0,7.76446569281979,Low Risk,Normal,Normal,3.0,85.0,12.0,85.0,Routine Monitoring
MD04844,X-Ray Machine,ImagingTech,Model-450,5,5,2535.67,6.51,0,14.304500900665026,Low Risk,Normal,Normal,0.0,85.0,15.0,85.0,Routine Monitoring
MD00089,Infusion Pump,MedEquip,Model-200,8,5,5886.36,5.58,3,28.84114785737101,Medium Risk,Risk to Failure,Normal,0.33,85.0,14.67,85.0,Routine Monitoring
MD02837,PET Scanner,ScanPro,Model-300,7,3,6267.43,0.93,1,18.005637758645406,Low Risk,Normal,Normal,0.33,85.0,14.67,85.0,Routine Monitoring
MD02547,Defibrillator,MedEquip,Model-350,3,3,5959.94,2.62,1,12.069854151748824,Low Risk,Normal,Normal,1.33,85.0,13.67,85.0,Routine Monitoring
MD01636,Defibrillator,MedEquip,Model-250,12,4,6708.66,1.3,2,30.259746682943792,Medium Risk,Risk to Failure,Normal,1.33,85.0,13.67,85.0,Routine Monitoring
MD04036,MRI Scanner,MedEquip,Model-500,9,5,943.61,6.79,0,20.67597899379383,Low Risk,Normal,Normal,2.0,85.0,13.0,85.0,Routine Monitoring
MD01724,Infusion Pump,CardioSync,Model-100,2,3,8079.22,5.82,2,17.25130493260546,Low Risk,Risk to Failure,Normal,4.67,85.0,10.33,85.0,Routine Monitoring
MD01336,X-Ray Machine,CardioSync,Model-450,4,4,1962.19,3.01,0,8.83576077295043,Low Risk,Normal,Normal,0.33,85.0,14.67,85.0,Routine Monitoring
MD00627,X-Ray Machine,RescueTech,Model-400,4,1,5299.58,2.45,1,13.24992154113981,Low Risk,Normal,Normal,0.33,85.0,14.67,85.0,Routine Monitoring
MD03096,X-Ray Machine,MedEquip,Model-250,5,3,8570.43,3.73,1,18.633294863092598,Low Risk,Normal,Normal,2.33,85.0,12.67,85.0,Routine Monitoring
MD01271,X-Ray Machine,UltraMed,Model-300,9,2,6342.46,2.77,0,20.896170691568376,Low Risk,Normal,Normal,2.67,85.0,12.33,85.0,Routine Monitoring
MD03421,Defibrillator,UltraMed,Model-600,6,2,3163.2,6.9,0,16.94008134625861,Low Risk,Normal,Normal,1.67,85.0,13.33,85.0,Routine Monitoring
MD02347,PET Scanner,UltraMed,Model-600,4,4,3280.94,1.54,0,8.438756388959293,Low Risk,Normal,Normal,0.67,85.0,14.33,85.0,Routine Monitoring
MD00753,X-Ray Machine,MedEquip,Model-250,8,3,733.63,3.89,0,16.026248173867533,Low Risk,Normal,Normal,0.67,85.0,14.33,85.0,Routine Monitoring
MD02601,Defibrillator,ScanPro,Model-150,6,4,25897.97,22.36,6,62.78269134085854,High Risk,Failure,Failure,85.0,3.0,12.0,85.0,Inspect Immediately
MD00680,PET Scanner,ImagingTech,Model-100,4,3,1231.54,5.44,1,13.047915520522125,Low Risk,Normal,Normal,0.0,84.67,15.33,84.67,Routine Monitoring
MD02019,CT Scanner,UltraMed,Model-400,7,3,7055.42,1.21,0,16.33833596941987,Low Risk,Normal,Normal,1.0,84.67,14.33,84.67,Routine Monitoring
MD00834,CT Scanner,UltraMed,Model-550,5,2,2046.29,6.55,0,13.984916735572986,Low Risk,Normal,Normal,0.33,84.67,15.0,84.67,Routine Monitoring
MD02915,Infusion Pump,ScanPro,Model-150,2,1,4844.66,4.78,0,8.934226805207697,Low Risk,Normal,Normal,2.67,84.67,12.67,84.67,Routine Monitoring
MD02327,PET Scanner,UltraMed,Model-550,9,1,5854.56,7.66,2,30.05734455977916,Medium Risk,Risk to Failure,Normal,3.33,84.67,12.0,84.67,Routine Monitoring
MD04271,MRI Scanner,ScanPro,Model-450,9,5,4174.67,4.83,0,21.21957129153624,Low Risk,Normal,Normal,3.67,84.67,11.67,84.67,Routine Monitoring
MD02211,Infusion Pump,CardioSync,Model-650,8,3,1495.62,1.35,1,16.735324697209244,Low Risk,Normal,Normal,0.0,84.67,15.33,84.67,Routine Monitoring
MD02077,PET Scanner,ImagingTech,Model-450,12,4,7000.27,7.12,0,30.847810251581517,Medium Risk,Normal,Normal,2.67,84.67,12.67,84.67,Routine Monitoring
MD02021,PET Scanner,MedEquip,Model-150,11,3,2910.27,2.9,0,22.152141047118363,Low Risk,Normal,Normal,0.0,84.67,15.33,84.67,Routine Monitoring
MD03091,CT Scanner,RescueTech,Model-500,9,5,8046.33,6.77,0,25.83207923020186,Low Risk,Normal,Normal,1.0,84.67,14.33,84.67,Routine Monitoring
MD04770,Defibrillator,MedEquip,Model-650,9,5,2042.06,5.44,0,20.22931600398392,Low Risk,Normal,Normal,0.67,84.67,14.67,84.67,Routine Monitoring
MD04787,MRI Scanner,RescueTech,Model-550,7,5,2430.07,1.56,1,15.791887009715577,Low Risk,Normal,Normal,0.0,84.67,15.33,84.67,Routine Monitoring
MD00486,MRI Scanner,MedEquip,Model-100,8,5,4098.42,6.55,0,20.934508705194176,Low Risk,Normal,Normal,0.0,84.67,15.33,84.67,Routine Monitoring
MD04782,CT Scanner,UltraMed,Model-150,3,2,7328.84,2.2,0,10.179213334984816,Low Risk,Normal,Normal,1.67,84.67,13.67,84.67,Routine Monitoring
MD00294,Defibrillator,ScanPro,Model-650,6,2,5538.7,6.62,1,20.91209321719288,Low Risk,Normal,Normal,0.67,84.67,14.67,84.67,Routine Monitoring
MD02927,PET Scanner,MedEquip,Model-650,12,2,3025.51,7.23,0,28.053663362027983,Medium Risk,Normal,Normal,0.67,84.67,14.67,84.67,Routine Monitoring
MD04223,Infusion Pump,CardioSync,Model-350,7,5,5446.44,7.41,1,23.392740289797427,Low Risk,Normal,Normal,2.33,84.67,13.0,84.67,Routine Monitoring
MD03038,PET Scanner,ScanPro,Model-500,9,2,7788.79,4.48,0,23.52930479586488,Low Risk,Normal,Normal,1.0,84.67,14.33,84.67,Routine Monitoring
MD02503,CT Scanner,CardioSync,Model-450,10,1,6287.58,2.88,0,22.775971548044843,Low Risk,Normal,Normal,1.33,84.67,14.0,84.67,Routine Monitoring
MD02533,PET Scanner,CardioSync,Model-250,12,5,4214.68,6.29,2,33.05178755964354,Medium Risk,Risk to Failure,Normal,1.67,84.67,13.67,84.67,Routine Monitoring
MD04481,Infusion Pump,RescueTech,Model-600,12,4,7752.86,2.0,0,26.66703362904236,Low Risk,Normal,Normal,1.33,84.67,14.0,84.67,Routine Monitoring
MD00664,MRI Scanner,CardioSync,Model-100,10,1,1480.08,5.56,1,24.24891371295729,Low Risk,Normal,Normal,3.0,84.67,12.33,84.67,Routine Monitoring
MD04994,Infusion Pump,RescueTech,Model-300,8,1,1231.85,1.51,1,16.6909425304207,Low Risk,Normal,Normal,0.67,84.67,14.67,84.67,Routine Monitoring
MD04627,MRI Scanner,ImagingTech,Model-150,10,1,1072.44,4.0,0,20.011047406209872,Low Risk,Normal,Normal,3.67,84.67,11.67,84.67,Routine Monitoring
MD00363,PET Scanner,ScanPro,Model-550,5,4,1996.57,1.44,0,9.22886643797375,Low Risk,Normal,Normal,0.33,84.67,15.0,84.67,Routine Monitoring
MD00354,X-Ray Machine,MedEquip,Model-650,7,4,5051.5,7.65,2,25.826687941437733,Low Risk,Risk to Failure,Normal,1.33,84.67,14.0,84.67,Routine Monitoring
MD04363,MRI Scanner,UltraMed,Model-500,9,4,710.5,3.63,2,22.587431216953696,Low Risk,Risk to Failure,Normal,1.67,84.67,13.67,84.67,Routine Monitoring
MD00860,Defibrillator,ScanPro,Model-300,6,3,7859.8,2.78,0,16.556295497627453,Low Risk,Normal,Normal,1.0,84.67,14.33,84.67,Routine Monitoring
MD02432,PET Scanner,ScanPro,Model-450,5,1,1510.81,6.67,1,16.205638777850798,Low Risk,Normal,Normal,0.67,84.67,14.67,84.67,Routine Monitoring
MD02583,PET Scanner,MedEquip,Model-300,5,3,758.48,7.4,1,16.331801863569694,Low Risk,Normal,Normal,1.33,84.67,14.0,84.67,Routine Monitoring
MD02261,PET Scanner,ScanPro,Model-600,10,5,3357.56,1.49,0,19.3574853085263,Low Risk,Normal,Normal,0.67,84.67,14.67,84.67,Routine Monitoring
MD00442,Infusion Pump,ScanPro,Model-300,9,4,3498.56,2.73,1,21.287346983976104,Low Risk,Normal,Normal,0.67,84.67,14.67,84.67,Routine Monitoring
MD01410,MRI Scanner,MedEquip,Model-550,12,3,1108.74,7.16,1,29.09257603926225,Medium Risk,Normal,Normal,1.67,84.67,13.67,84.67,Routine Monitoring
MD02746,PET Scanner,UltraMed,Model-100,5,1,4860.19,6.54,0,16.02570215660492,Low Risk,Normal,Normal,1.67,84.67,13.67,84.67,Routine Monitoring
MD03793,X-Ray Machine,ImagingTech,Model-200,5,3,7286.87,2.66,1,16.70987724588896,Low Risk,Normal,Normal,1.67,84.67,13.67,84.67,Routine Monitoring
MD01165,Infusion Pump,CardioSync,Model-500,5,4,3541.88,4.67,5,25.83805172610601,Low Risk,Failure,Normal,0.33,84.67,15.0,84.67,Routine Monitoring
MD01646,CT Scanner,ImagingTech,Model-100,3,3,6402.13,5.73,1,15.264541555135636,Low Risk,Normal,Normal,2.0,84.67,13.33,84.67,Routine Monitoring
MD01003,Defibrillator,RescueTech,Model-150,6,1,1927.13,1.89,0,11.412099248010042,Low Risk,Normal,Normal,0.33,84.67,15.0,84.67,Routine Monitoring
MD00558,Defibrillator,RescueTech,Model-450,7,3,5863.29,3.69,0,17.760469104213445,Low Risk,Normal,Normal,1.33,84.67,14.0,84.67,Routine Monitoring
MD04262,Infusion Pump,CardioSync,Model-200,7,1,4173.06,6.25,1,21.39361107008286,Low Risk,Normal,Normal,1.0,84.67,14.33,84.67,Routine Monitoring
MD01732,MRI Scanner,CardioSync,Model-350,9,1,965.2,2.79,0,16.997126762461818,Low Risk,Normal,Normal,2.33,84.67,13.0,84.67,Routine Monitoring
MD04410,Infusion Pump,RescueTech,Model-200,6,4,20152.78,18.8,4,50.3089476440752,High Risk,Failure,Failure,84.67,2.0,13.33,84.67,Inspect Immediately
MD00219,PET Scanner,ScanPro,Model-400,5,2,2586.94,7.13,0,14.914512938307976,Low Risk,Normal,Normal,0.67,84.67,14.67,84.67,Routine Monitoring
MD02412,Defibrillator,CardioSync,Model-500,12,2,3599.27,2.94,1,27.009228616750924,Low Risk,Normal,Normal,1.33,84.33,14.33,84.33,Routine Monitoring
MD00677,X-Ray Machine,MedEquip,Model-100,6,2,3839.28,7.78,0,18.245436507157795,Low Risk,Normal,Normal,3.33,84.33,12.33,84.33,Routine Monitoring
MD04007,Infusion Pump,ScanPro,Model-150,4,1,5260.75,4.39,1,15.013504486389564,Low Risk,Normal,Normal,0.33,84.33,15.33,84.33,Routine Monitoring
MD01558,Infusion Pump,MedEquip,Model-200,7,2,708.53,0.76,0,11.298770299608393,Low Risk,Normal,Normal,0.0,84.33,15.67,84.33,Routine Monitoring
MD04077,MRI Scanner,UltraMed,Model-200,8,5,1592.99,6.55,0,19.10921771960057,Low Risk,Normal,Normal,0.67,84.33,15.0,84.33,Routine Monitoring
MD04500,PET Scanner,UltraMed,Model-250,6,5,6976.54,2.65,0,15.79273664895438,Low Risk,Normal,Normal,3.67,84.33,12.0,84.33,Routine Monitoring
MD04305,X-Ray Machine,UltraMed,Model-400,10,1,7595.28,1.68,0,22.620301099604145,Low Risk,Normal,Normal,1.0,84.33,14.67,84.33,Routine Monitoring
MD03944,CT Scanner,RescueTech,Model-100,7,2,6053.19,0.66,0,15.100172394100989,Low Risk,Normal,Normal,0.33,84.33,15.33,84.33,Routine Monitoring
MD00374,MRI Scanner,RescueTech,Model-100,12,1,5477.24,7.54,0,30.1261621200973,Medium Risk,Normal,Normal,1.33,84.33,14.33,84.33,Routine Monitoring
MD04886,Defibrillator,ImagingTech,Model-600,5,3,8673.65,2.72,1,17.775612371067623,Low Risk,Normal,Normal,1.0,84.33,14.67,84.33,Routine Monitoring
MD02596,X-Ray Machine,CardioSync,Model-400,5,5,3195.13,6.22,0,14.517082801548703,Low Risk,Normal,Normal,0.67,84.33,15.0,84.33,Routine Monitoring
MD03491,PET Scanner,MedEquip,Model-550,9,1,853.1,5.79,0,19.686394059595965,Low Risk,Normal,Normal,1.0,84.33,14.67,84.33,Routine Monitoring
MD04297,PET Scanner,ScanPro,Model-300,11,2,1375.42,1.35,0,19.60230036274908,Low Risk,Normal,Normal,0.67,84.33,15.0,84.33,Routine Monitoring
MD05152,PET Scanner,ImagingTech,Model-350,3,1,4474.36,1.15,0,7.129799964079392,Low Risk,Normal,Normal,0.0,84.33,15.67,84.33,Routine Monitoring
MD04654,MRI Scanner,ImagingTech,Model-200,8,2,1337.95,4.62,1,19.6407769355804,Low Risk,Normal,Normal,4.33,84.33,11.33,84.33,Routine Monitoring
MD02538,PET Scanner,UltraMed,Model-200,11,3,911.9,1.62,1,22.01399451101688,Low Risk,Normal,Normal,0.33,84.33,15.33,84.33,Routine Monitoring
MD00006,Infusion Pump,CardioSync,Model-200,4,2,4382.63,1.21,0,8.936572075969824,Low Risk,Normal,Normal,0.0,84.33,15.67,84.33,Routine Monitoring
MD04031,X-Ray Machine,UltraMed,Model-650,10,4,3527.42,6.55,1,26.654879417080203,Low Risk,Normal,Normal,1.67,84.33,14.0,84.33,Routine Monitoring
MD03203,CT Scanner,MedEquip,Model-550,4,5,6157.11,3.37,0,12.224415012476417,Low Risk,Normal,Normal,0.33,84.33,15.33,84.33,Routine Monitoring
MD04873,Defibrillator,UltraMed,Model-550,6,5,24060.87,23.88,7,65.34824238244802,High Risk,Failure,Failure,84.33,4.33,11.33,84.33,Inspect Immediately
MD03121,MRI Scanner,CardioSync,Model-200,6,5,8747.14,1.5,0,16.020486863617556,Low Risk,Normal,Normal,4.0,84.33,11.67,84.33,Routine Monitoring
MD03243,PET Scanner,ScanPro,Model-350,11,1,2077.96,7.62,0,25.90538080963587,Low Risk,Normal,Normal,4.67,84.33,11.0,84.33,Routine Monitoring
MD03600,PET Scanner,CardioSync,Model-300,1,2,2301.18,2.9,2,8.526580080063628,Low Risk,Risk to Failure,Normal,1.33,84.33,14.33,84.33,Routine Monitoring
MD00184,PET Scanner,MedEquip,Model-150,3,2,937.4,7.71,0,10.61211758303025,Low Risk,Normal,Normal,3.0,84.33,12.67,84.33,Routine Monitoring
MD02521,Infusion Pump,UltraMed,Model-650,4,1,2354.39,3.79,1,12.341935164700834,Low Risk,Normal,Normal,0.67,84.33,15.0,84.33,Routine Monitoring
MD02291,PET Scanner,CardioSync,Model-200,3,5,3187.05,1.48,1,8.99675379258281,Low Risk,Normal,Normal,0.33,84.33,15.33,84.33,Routine Monitoring
MD03059,X-Ray Machine,ImagingTech,Model-150,11,5,3453.05,4.17,0,23.7206042982484,Low Risk,Normal,Normal,0.33,84.33,15.33,84.33,Routine Monitoring
MD02975,PET Scanner,CardioSync,Model-550,5,3,7125.86,6.55,0,17.685556279160995,Low Risk,Normal,Normal,1.0,84.33,14.67,84.33,Routine Monitoring
MD02939,PET Scanner,MedEquip,Model-150,6,2,4018.38,4.17,1,17.541557343932876,Low Risk,Normal,Normal,0.33,84.33,15.33,84.33,Routine Monitoring
MD00435,X-Ray Machine,UltraMed,Model-300,7,2,1879.97,6.95,0,17.86956872208354,Low Risk,Normal,Normal,2.67,84.33,13.0,84.33,Routine Monitoring
MD00360,X-Ray Machine,MedEquip,Model-400,10,1,774.35,3.54,0,19.369001853389403,Low Risk,Normal,Normal,0.33,84.33,15.33,84.33,Routine Monitoring
MD02943,Infusion Pump,UltraMed,Model-500,3,3,2166.16,1.39,0,5.669872619772166,Low Risk,Normal,Normal,2.0,84.33,13.67,84.33,Routine Monitoring
MD05160,Infusion Pump,ImagingTech,Model-450,2,1,2372.2,3.31,0,5.775196965509422,Low Risk,Normal,Normal,2.0,84.33,13.67,84.33,Routine Monitoring
MD00647,MRI Scanner,ImagingTech,Model-500,4,3,5985.01,2.2,0,11.018369283287909,Low Risk,Normal,Normal,0.0,84.33,15.67,84.33,Routine Monitoring
MD01925,X-Ray Machine,CardioSync,Model-250,6,3,7937.0,3.49,0,17.268326501183942,Low Risk,Normal,Normal,0.33,84.33,15.33,84.33,Routine Monitoring
MD02461,X-Ray Machine,CardioSync,Model-500,9,2,653.86,3.72,0,17.62929512897211,Low Risk,Normal,Normal,0.33,84.33,15.33,84.33,Routine Monitoring
MD00130,CT Scanner,UltraMed,Model-500,2,2,1315.37,4.19,0,5.818068240670428,Low Risk,Normal,Normal,5.67,84.33,10.0,84.33,Routine Monitoring
MD02502,MRI Scanner,RescueTech,Model-650,10,3,897.98,5.02,4,30.826065587969588,Medium Risk,Failure,Normal,0.33,84.33,15.33,84.33,Routine Monitoring
MD00123,PET Scanner,MedEquip,Model-650,11,4,2483.49,7.59,1,28.673113850491266,Medium Risk,Normal,Normal,0.67,84.33,15.0,84.33,Routine Monitoring
MD01637,CT Scanner,RescueTech,Model-350,3,4,8405.78,1.75,0,10.548160366617548,Low Risk,Normal,Normal,0.67,84.33,15.0,84.33,Routine Monitoring
MD04938,Infusion Pump,ScanPro,Model-450,12,5,7305.09,4.4,1,31.057566720118874,Medium Risk,Normal,Normal,0.67,84.33,15.0,84.33,Routine Monitoring
MD03880,X-Ray Machine,MedEquip,Model-650,3,3,2695.1,1.16,0,5.842784979792676,Low Risk,Normal,Normal,0.0,84.33,15.67,84.33,Routine Monitoring
MD01937,MRI Scanner,ImagingTech,Model-350,10,4,6947.25,3.31,0,23.65373107161425,Low Risk,Normal,Normal,1.67,84.33,14.0,84.33,Routine Monitoring
MD00384,Infusion Pump,ScanPro,Model-550,8,2,7404.82,5.5,0,22.373505997258352,Low Risk,Normal,Normal,3.33,84.33,12.33,84.33,Routine Monitoring
MD00764,CT Scanner,ImagingTech,Model-200,5,2,5617.99,6.76,1,19.280987206153583,Low Risk,Normal,Normal,0.33,84.0,15.67,84.0,Routine Monitoring
MD05305,Infusion Pump,ScanPro,Model-550,4,2,5071.91,2.31,1,12.954745856354576,Low Risk,Normal,Normal,1.0,84.0,15.0,84.0,Routine Monitoring
MD02284,MRI Scanner,MedEquip,Model-200,9,2,3781.63,1.47,0,17.829780005102048,Low Risk,Normal,Normal,0.0,84.0,16.0,84.0,Routine Monitoring
MD05407,X-Ray Machine,ScanPro,Model-450,6,5,4564.96,2.79,0,14.165128925810471,Low Risk,Normal,Normal,0.0,84.0,16.0,84.0,Routine Monitoring
MD03181,PET Scanner,ScanPro,Model-550,11,1,6722.47,3.47,1,27.95593626438297,Medium Risk,Normal,Normal,0.0,84.0,16.0,84.0,Routine Monitoring
MD04325,PET Scanner,ImagingTech,Model-150,11,5,7403.52,7.56,0,29.72981371718587,Medium Risk,Normal,Normal,1.67,84.0,14.33,84.0,Routine Monitoring
MD05430,Infusion Pump,ScanPro,Model-600,8,5,8348.82,4.15,0,21.81432092831436,Low Risk,Normal,Normal,1.0,84.0,15.0,84.0,Routine Monitoring
MD05072,Infusion Pump,RescueTech,Model-200,7,5,885.2,7.24,1,19.912702079507064,Low Risk,Normal,Normal,1.33,84.0,14.67,84.0,Routine Monitoring
MD01541,Infusion Pump,RescueTech,Model-550,7,3,2337.0,1.43,0,13.104008457002164,Low Risk,Normal,Normal,0.33,84.0,15.67,84.0,Routine Monitoring
MD04071,Defibrillator,CardioSync,Model-650,10,3,4366.77,2.38,0,20.91477346016025,Low Risk,Normal,Normal,1.0,84.0,15.0,84.0,Routine Monitoring
MD01228,X-Ray Machine,ImagingTech,Model-500,10,4,2943.0,4.19,1,24.04930661041132,Low Risk,Normal,Normal,1.33,84.0,14.67,84.0,Routine Monitoring
MD02825,CT Scanner,UltraMed,Model-350,4,3,2163.91,1.59,0,7.671144300452106,Low Risk,Normal,Normal,1.67,84.0,14.33,84.0,Routine Monitoring
MD00068,Infusion Pump,CardioSync,Model-300,7,2,8470.15,2.06,0,18.154113423367065,Low Risk,Normal,Normal,0.33,84.0,15.67,84.0,Routine Monitoring
MD04527,X-Ray Machine,ImagingTech,Model-500,10,3,1773.7,5.43,0,21.84275197979948,Low Risk,Normal,Normal,1.0,84.0,15.0,84.0,Routine Monitoring
MD01638,PET Scanner,CardioSync,Model-500,11,2,1385.41,2.42,1,23.097878910203228,Low Risk,Normal,Normal,0.0,84.0,16.0,84.0,Routine Monitoring
MD01397,Defibrillator,ScanPro,Model-150,2,3,7011.0,5.37,0,11.057429929435392,Low Risk,Normal,Normal,3.0,84.0,13.0,84.0,Routine Monitoring
MD01109,PET Scanner,ScanPro,Model-550,7,3,3712.8,6.42,0,18.715315707230776,Low Risk,Normal,Normal,1.33,84.0,14.67,84.0,Routine Monitoring
MD03510,X-Ray Machine,MedEquip,Model-550,3,4,3056.93,6.92,0,11.426587487987083,Low Risk,Normal,Normal,0.0,84.0,16.0,84.0,Routine Monitoring
MD02780,Defibrillator,MedEquip,Model-600,3,2,7112.42,1.09,1,11.49629769731488,Low Risk,Normal,Normal,1.33,84.0,14.67,84.0,Routine Monitoring
MD03348,Defibrillator,ScanPro,Model-350,5,3,2378.29,5.36,0,13.127652098630568,Low Risk,Normal,Normal,0.0,84.0,16.0,84.0,Routine Monitoring
MD04017,Defibrillator,MedEquip,Model-450,1,1,1714.84,6.19,0,6.138204547192808,Low Risk,Normal,Normal,3.33,84.0,12.67,84.0,Routine Monitoring
MD03464,MRI Scanner,ImagingTech,Model-300,10,5,7999.25,1.78,0,23.00697151901653,Low Risk,Normal,Normal,0.67,84.0,15.33,84.0,Routine Monitoring
MD03293,Defibrillator,ScanPro,Model-500,11,3,3563.69,3.36,0,23.05305659267899,Low Risk,Normal,Normal,1.0,84.0,15.0,84.0,Routine Monitoring
MD00226,CT Scanner,RescueTech,Model-100,10,1,2338.32,3.3,0,20.286732325220317,Low Risk,Normal,Normal,0.33,84.0,15.67,84.0,Routine Monitoring
MD03266,X-Ray Machine,ScanPro,Model-200,7,1,6901.43,1.33,0,16.336986454357863,Low Risk,Normal,Normal,1.0,84.0,15.0,84.0,Routine Monitoring
MD00240,PET Scanner,CardioSync,Model-550,3,5,5474.27,1.88,2,13.532529498111169,Low Risk,Risk to Failure,Normal,0.0,84.0,16.0,84.0,Routine Monitoring
MD00778,CT Scanner,UltraMed,Model-600,11,3,2946.09,7.08,1,28.539074574079287,Medium Risk,Normal,Normal,2.0,84.0,14.0,84.0,Routine Monitoring
MD01414,MRI Scanner,RescueTech,Model-400,6,3,1451.02,3.38,1,14.941468443627215,Low Risk,Normal,Normal,1.0,84.0,15.0,84.0,Routine Monitoring
MD03177,PET Scanner,MedEquip,Model-200,10,2,6042.51,2.63,0,22.366518386118653,Low Risk,Normal,Normal,0.33,84.0,15.67,84.0,Routine Monitoring
MD03827,MRI Scanner,MedEquip,Model-100,4,5,6127.54,1.67,1,13.13267521721884,Low Risk,Normal,Normal,0.33,84.0,15.67,84.0,Routine Monitoring
MD00097,CT Scanner,MedEquip,Model-450,3,5,1438.22,4.18,0,7.716514009804522,Low Risk,Normal,Normal,0.0,84.0,16.0,84.0,Routine Monitoring
MD02027,X-Ray Machine,MedEquip,Model-200,9,2,3965.23,2.79,0,19.182750673531128,Low Risk,Normal,Normal,0.0,84.0,16.0,84.0,Routine Monitoring
MD03296,Infusion Pump,RescueTech,Model-450,3,4,811.02,2.68,1,8.374109493200095,Low Risk,Normal,Normal,0.33,84.0,15.67,84.0,Routine Monitoring
MD03068,CT Scanner,UltraMed,Model-150,8,3,8409.37,2.41,0,20.251290805982563,Low Risk,Normal,Normal,0.0,84.0,16.0,84.0,Routine Monitoring
MD02711,Defibrillator,MedEquip,Model-650,5,5,1015.35,5.34,0,12.11623103725724,Low Risk,Normal,Normal,1.67,84.0,14.33,84.0,Routine Monitoring
MD03111,CT Scanner,ScanPro,Model-500,2,2,7356.93,1.15,2,12.41166845117154,Low Risk,Risk to Failure,Normal,0.33,84.0,15.67,84.0,Routine Monitoring
MD01381,PET Scanner,CardioSync,Model-200,10,1,7818.36,0.85,3,29.516196852654023,Medium Risk,Risk to Failure,Normal,2.0,84.0,14.0,84.0,Routine Monitoring
MD05058,Infusion Pump,UltraMed,Model-300,11,3,6475.04,4.69,0,26.402522382863125,Low Risk,Normal,Normal,4.0,84.0,12.0,84.0,Routine Monitoring
MD00816,PET Scanner,CardioSync,Model-600,12,5,8118.44,2.63,1,30.01526764719474,Medium Risk,Normal,Normal,1.33,84.0,14.67,84.0,Routine Monitoring
MD03288,X-Ray Machine,ScanPro,Model-200,2,3,2562.95,6.34,2,13.71281014970665,Low Risk,Risk to Failure,Normal,3.67,84.0,12.33,84.0,Routine Monitoring
MD00903,X-Ray Machine,ScanPro,Model-550,11,4,5108.15,1.2,0,22.18317435103357,Low Risk,Normal,Normal,0.33,84.0,15.67,84.0,Routine Monitoring
MD02202,CT Scanner,ScanPro,Model-600,7,4,5631.82,5.42,1,21.689741738926955,Low Risk,Normal,Normal,3.0,84.0,13.0,84.0,Routine Monitoring
MD01442,Infusion Pump,RescueTech,Model-500,11,5,4718.99,2.21,0,22.832539825851665,Low Risk,Normal,Normal,0.33,83.67,16.0,83.67,Routine Monitoring
MD02731,MRI Scanner,UltraMed,Model-550,3,2,5582.76,6.96,0,13.3036863803629,Low Risk,Normal,Normal,0.67,83.67,15.67,83.67,Routine Monitoring
MD00257,PET Scanner,ScanPro,Model-400,4,4,7787.73,3.94,2,18.93885498598993,Low Risk,Risk to Failure,Normal,0.67,83.67,15.67,83.67,Routine Monitoring
MD00214,MRI Scanner,ImagingTech,Model-550,3,4,2040.33,1.44,0,5.62438345025309,Low Risk,Normal,Normal,0.0,83.67,16.33,83.67,Routine Monitoring
MD04048,MRI Scanner,MedEquip,Model-200,2,1,780.47,6.04,0,7.137119236619766,Low Risk,Normal,Normal,3.33,83.67,13.0,83.67,Routine Monitoring
MD04277,Infusion Pump,RescueTech,Model-600,4,1,5037.99,1.24,0,9.44173348984132,Low Risk,Normal,Normal,3.33,83.67,13.0,83.67,Routine Monitoring
MD01474,X-Ray Machine,RescueTech,Model-200,9,3,4003.78,6.14,2,27.305047482598603,Medium Risk,Risk to Failure,Normal,0.67,83.67,15.67,83.67,Routine Monitoring
MD05342,PET Scanner,RescueTech,Model-550,10,1,4900.6,3.4,0,22.2458050017768,Low Risk,Normal,Normal,0.0,83.67,16.33,83.67,Routine Monitoring
MD00726,PET Scanner,CardioSync,Model-300,9,3,5152.06,6.81,1,26.260450889721085,Low Risk,Normal,Normal,1.33,83.67,15.0,83.67,Routine Monitoring
MD03718,Defibrillator,CardioSync,Model-500,5,2,1652.1,5.7,0,12.912637388712277,Low Risk,Normal,Normal,0.0,83.67,16.33,83.67,Routine Monitoring
MD05195,MRI Scanner,MedEquip,Model-250,10,2,2341.46,3.92,0,20.8616800205601,Low Risk,Normal,Normal,1.0,83.67,15.33,83.67,Routine Monitoring
MD00232,Defibrillator,ScanPro,Model-500,9,4,8056.03,3.59,0,22.90195389195325,Low Risk,Normal,Normal,1.33,83.67,15.0,83.67,Routine Monitoring
MD01431,CT Scanner,ScanPro,Model-150,10,4,5204.93,2.53,0,21.6639483310097,Low Risk,Normal,Normal,0.67,83.67,15.67,83.67,Routine Monitoring
MD02326,X-Ray Machine,ScanPro,Model-350,8,4,7656.43,5.88,0,22.90779766329017,Low Risk,Normal,Normal,3.33,83.67,13.0,83.67,Routine Monitoring
MD02084,PET Scanner,ImagingTech,Model-350,3,5,1988.33,6.71,1,12.954110518737334,Low Risk,Normal,Normal,1.67,83.67,14.67,83.67,Routine Monitoring
MD02667,Defibrillator,CardioSync,Model-150,9,1,1691.51,2.05,0,16.842770768383495,Low Risk,Normal,Normal,0.0,83.67,16.33,83.67,Routine Monitoring
MD01507,X-Ray Machine,UltraMed,Model-500,11,3,1675.43,6.55,0,24.623823518618767,Low Risk,Normal,Normal,0.67,83.67,15.67,83.67,Routine Monitoring
MD04897,PET Scanner,ImagingTech,Model-300,6,2,5757.48,5.41,0,17.453871052288978,Low Risk,Normal,Normal,0.67,83.67,15.67,83.67,Routine Monitoring
MD03762,X-Ray Machine,ScanPro,Model-650,8,2,7011.0,1.68,0,18.55826960699921,Low Risk,Normal,Normal,0.67,83.67,15.67,83.67,Routine Monitoring
MD02134,Infusion Pump,RescueTech,Model-100,10,1,16376.12,25.18,2,55.72310677391947,High Risk,Risk to Failure,Failure,83.67,0.67,15.67,83.67,Inspect Immediately
MD01572,Defibrillator,ScanPro,Model-400,4,1,4068.29,1.07,0,8.57825434781423,Low Risk,Normal,Normal,0.0,83.67,16.33,83.67,Routine Monitoring
MD00746,Infusion Pump,RescueTech,Model-500,6,2,5795.63,5.34,2,22.41700945267522,Low Risk,Risk to Failure,Normal,4.67,83.67,11.67,83.67,Routine Monitoring
MD02510,Defibrillator,RescueTech,Model-350,12,4,6350.12,4.53,0,27.981912480241185,Medium Risk,Normal,Normal,6.0,83.67,10.33,83.67,Routine Monitoring
MD00432,Infusion Pump,CardioSync,Model-550,7,2,7603.17,1.38,0,16.89441018240435,Low Risk,Normal,Normal,0.33,83.67,16.0,83.67,Routine Monitoring
MD00485,Defibrillator,UltraMed,Model-150,8,2,3972.09,5.79,0,20.140502559306324,Low Risk,Normal,Normal,1.0,83.67,15.33,83.67,Routine Monitoring
MD00393,Infusion Pump,CardioSync,Model-100,5,3,3191.75,6.52,0,14.791713952625791,Low Risk,Normal,Normal,3.33,83.67,13.0,83.67,Routine Monitoring
MD02450,Defibrillator,CardioSync,Model-600,10,5,1136.18,2.4,2,23.579651652224204,Low Risk,Risk to Failure,Normal,0.0,83.67,16.33,83.67,Routine Monitoring
MD04442,X-Ray Machine,RescueTech,Model-200,6,5,2424.41,0.77,0,10.739901886034236,Low Risk,Normal,Normal,0.67,83.67,15.67,83.67,Routine Monitoring
MD04619,MRI Scanner,CardioSync,Model-400,11,5,2066.13,1.42,1,22.670161266977114,Low Risk,Normal,Normal,1.0,83.67,15.33,83.67,Routine Monitoring
MD03993,X-Ray Machine,CardioSync,Model-550,2,3,1870.04,1.92,2,9.125489327781102,Low Risk,Risk to Failure,Normal,0.33,83.67,16.0,83.67,Routine Monitoring
MD02135,CT Scanner,MedEquip,Model-300,8,3,3965.74,4.04,0,18.51949705794497,Low Risk,Normal,Normal,1.0,83.67,15.33,83.67,Routine Monitoring
MD02664,PET Scanner,ScanPro,Model-200,9,3,3586.46,4.65,0,20.62478413896736,Low Risk,Normal,Normal,0.33,83.67,16.0,83.67,Routine Monitoring
MD03677,CT Scanner,CardioSync,Model-100,5,4,7154.62,3.25,0,14.658479360878484,Low Risk,Normal,Normal,0.33,83.67,16.0,83.67,Routine Monitoring
MD00593,Infusion Pump,ScanPro,Model-450,9,2,4926.99,4.92,2,26.85079008303873,Low Risk,Risk to Failure,Normal,1.67,83.67,14.67,83.67,Routine Monitoring
MD04365,CT Scanner,MedEquip,Model-550,1,3,4281.64,2.76,0,4.840102217216664,Low Risk,Normal,Normal,0.0,83.67,16.33,83.67,Routine Monitoring
MD04248,CT Scanner,MedEquip,Model-350,10,3,1502.54,3.42,0,19.788675601787745,Low Risk,Normal,Normal,0.0,83.67,16.33,83.67,Routine Monitoring
MD02245,Defibrillator,MedEquip,Model-550,9,2,8445.87,1.11,0,20.895325199577982,Low Risk,Normal,Normal,3.33,83.67,13.0,83.67,Routine Monitoring
MD04900,Infusion Pump,CardioSync,Model-550,8,3,2866.48,1.69,0,15.548082250470951,Low Risk,Normal,Normal,0.67,83.67,15.67,83.67,Routine Monitoring
MD02796,MRI Scanner,MedEquip,Model-650,6,4,4156.12,2.89,1,16.459639609768132,Low Risk,Normal,Normal,1.33,83.67,15.0,83.67,Routine Monitoring
MD00414,Defibrillator,ImagingTech,Model-350,5,4,17549.13,27.56,5,57.1850512339436,High Risk,Failure,Failure,83.67,1.0,15.33,83.67,Inspect Immediately
MD03363,Defibrillator,MedEquip,Model-550,12,4,2760.56,2.46,0,23.45485009652636,Low Risk,Normal,Normal,1.33,83.33,15.33,83.33,Routine Monitoring
MD04960,MRI Scanner,MedEquip,Model-200,11,1,22114.12,27.26,2,63.64279905540107,High Risk,Risk to Failure,Failure,83.33,2.33,14.33,83.33,Inspect Immediately
MD00868,Defibrillator,UltraMed,Model-550,10,1,821.72,3.5,1,21.86656669703074,Low Risk,Normal,Normal,1.0,83.33,15.67,83.33,Routine Monitoring
MD01199,PET Scanner,ScanPro,Model-600,2,1,3836.33,4.81,0,8.227333458091168,Low Risk,Normal,Normal,1.33,83.33,15.33,83.33,Routine Monitoring
MD01229,Defibrillator,UltraMed,Model-300,7,1,5509.5,4.23,0,18.001489526767948,Low Risk,Normal,Normal,0.33,83.33,16.33,83.33,Routine Monitoring
MD05247,Defibrillator,UltraMed,Model-550,3,1,2021.46,1.83,0,5.970857688203681,Low Risk,Normal,Normal,0.0,83.33,16.67,83.33,Routine Monitoring
MD00831,MRI Scanner,MedEquip,Model-200,4,1,3490.25,2.2,1,11.700851755670094,Low Risk,Normal,Normal,1.33,83.33,15.33,83.33,Routine Monitoring
MD04985,X-Ray Machine,MedEquip,Model-150,9,1,8120.52,3.53,0,22.893518331584797,Low Risk,Normal,Normal,0.0,83.33,16.67,83.33,Routine Monitoring
MD04382,X-Ray Machine,UltraMed,Model-100,6,3,8166.38,3.1,1,19.57521595943612,Low Risk,Normal,Normal,0.33,83.33,16.33,83.33,Routine Monitoring
MD05355,MRI Scanner,ImagingTech,Model-500,6,3,8450.86,4.35,0,18.43702596722252,Low Risk,Normal,Normal,1.33,83.33,15.33,83.33,Routine Monitoring
MD01025,CT Scanner,MedEquip,Model-350,11,5,5874.62,1.38,0,22.907829977713448,Low Risk,Normal,Normal,1.0,83.33,15.67,83.33,Routine Monitoring
MD03683,CT Scanner,MedEquip,Model-650,10,3,6543.08,2.0,0,22.149304107959765,Low Risk,Normal,Normal,0.33,83.33,16.33,83.33,Routine Monitoring
MD03075,CT Scanner,UltraMed,Model-250,2,2,3001.56,2.99,0,5.938140632834863,Low Risk,Normal,Normal,1.0,83.33,15.67,83.33,Routine Monitoring
MD05137,Infusion Pump,ImagingTech,Model-350,11,2,2135.0,5.81,2,29.27513836048588,Medium Risk,Risk to Failure,Normal,0.33,83.33,16.33,83.33,Routine Monitoring
MD01876,Defibrillator,UltraMed,Model-500,8,2,5861.51,1.34,0,17.40678762937955,Low Risk,Normal,Normal,1.0,83.33,15.67,83.33,Routine Monitoring
MD04827,Infusion Pump,RescueTech,Model-500,12,5,1254.09,0.58,0,20.62088225193282,Low Risk,Normal,Normal,0.67,83.33,16.0,83.33,Routine Monitoring
MD02404,PET Scanner,MedEquip,Model-600,6,1,6400.5,1.53,1,16.838589154403596,Low Risk,Normal,Normal,0.33,83.33,16.33,83.33,Routine Monitoring
MD04151,MRI Scanner,RescueTech,Model-300,8,1,6343.9,3.11,0,19.393077371239976,Low Risk,Normal,Normal,0.33,83.33,16.33,83.33,Routine Monitoring
MD01634,Infusion Pump,UltraMed,Model-200,5,5,6049.81,5.48,1,18.41331675610509,Low Risk,Normal,Normal,1.67,83.33,15.0,83.33,Routine Monitoring
MD00928,X-Ray Machine,UltraMed,Model-500,4,1,853.96,3.29,0,8.28699820745004,Low Risk,Normal,Normal,0.67,83.33,16.0,83.33,Routine Monitoring
MD01613,Defibrillator,CardioSync,Model-650,9,5,17125.92,19.1,2,48.835416215898135,High Risk,Risk to Failure,Failure,83.33,0.67,16.0,83.33,Inspect Immediately
MD03714,PET Scanner,CardioSync,Model-100,6,1,4581.33,6.3,1,19.91905010158248,Low Risk,Normal,Normal,1.0,83.33,15.67,83.33,Routine Monitoring
MD05067,X-Ray Machine,UltraMed,Model-100,10,5,1671.14,7.62,1,26.290816782109072,Low Risk,Normal,Normal,1.67,83.33,15.0,83.33,Routine Monitoring
MD04014,X-Ray Machine,ImagingTech,Model-650,6,2,4928.85,4.16,0,15.695629258417654,Low Risk,Normal,Normal,0.33,83.33,16.33,83.33,Routine Monitoring
MD02248,Defibrillator,MedEquip,Model-350,9,3,24941.36,25.03,3,62.50644687303671,High Risk,Risk to Failure,Failure,83.33,1.0,15.67,83.33,Inspect Immediately
MD03850,MRI Scanner,RescueTech,Model-350,8,2,1907.0,1.38,1,17.062738381283808,Low Risk,Normal,Normal,3.67,83.33,13.0,83.33,Routine Monitoring
MD04370,PET Scanner,UltraMed,Model-400,3,5,23566.91,27.08,4,54.98949528882915,High Risk,Failure,Failure,83.33,0.67,16.0,83.33,Inspect Immediately
MD01805,PET Scanner,RescueTech,Model-400,9,2,3789.59,4.1,0,20.26476632800633,Low Risk,Normal,Normal,0.0,83.33,16.67,83.33,Routine Monitoring
MD04449,PET Scanner,ImagingTech,Model-400,5,5,6440.77,2.8,0,13.722774957790962,Low Risk,Normal,Normal,0.33,83.33,16.33,83.33,Routine Monitoring
MD01332,PET Scanner,RescueTech,Model-300,6,5,4903.16,2.22,0,13.885041298303983,Low Risk,Normal,Normal,0.67,83.33,16.0,83.33,Routine Monitoring
MD02173,MRI Scanner,ScanPro,Model-150,2,5,1663.49,4.44,1,8.802596833187547,Low Risk,Normal,Normal,3.33,83.33,13.33,83.33,Routine Monitoring
MD00774,Defibrillator,UltraMed,Model-300,12,2,8742.45,1.09,1,29.04746636688162,Medium Risk,Normal,Normal,3.0,83.33,13.67,83.33,Routine Monitoring
MD01938,PET Scanner,ImagingTech,Model-500,8,1,3740.83,6.73,0,20.840248383208017,Low Risk,Normal,Normal,1.33,83.33,15.33,83.33,Routine Monitoring
MD04570,Infusion Pump,UltraMed,Model-600,7,4,2563.98,6.04,1,20.027376034595527,Low Risk,Normal,Normal,3.0,83.33,13.67,83.33,Routine Monitoring
MD04075,Infusion Pump,UltraMed,Model-300,6,1,2224.8,6.55,0,15.933149161370393,Low Risk,Normal,Normal,1.0,83.33,15.67,83.33,Routine Monitoring
MD04690,X-Ray Machine,RescueTech,Model-300,12,3,2012.78,1.37,0,21.90329352927013,Low Risk,Normal,Normal,1.0,83.33,15.67,83.33,Routine Monitoring
MD04566,PET Scanner,ScanPro,Model-350,4,4,7342.59,3.34,1,15.56036816094357,Low Risk,Normal,Normal,1.0,83.33,15.67,83.33,Routine Monitoring
MD01082,CT Scanner,ScanPro,Model-650,2,2,7011.0,4.89,0,10.614080175740812,Low Risk,Normal,Normal,0.0,83.33,16.67,83.33,Routine Monitoring
MD01797,Infusion Pump,UltraMed,Model-250,8,5,7011.0,5.95,0,22.502235124240592,Low Risk,Normal,Normal,0.33,83.33,16.33,83.33,Routine Monitoring
MD03215,MRI Scanner,RescueTech,Model-450,4,5,6226.12,3.31,0,12.219272425870894,Low Risk,Normal,Normal,2.0,83.0,15.0,83.0,Routine Monitoring
MD05361,Infusion Pump,CardioSync,Model-600,10,2,7011.0,5.94,0,26.12936230740226,Low Risk,Normal,Normal,5.0,83.0,12.0,83.0,Routine Monitoring
MD05141,PET Scanner,ImagingTech,Model-150,9,4,8481.77,5.25,1,27.2453711964525,Medium Risk,Normal,Normal,1.0,83.0,16.0,83.0,Routine Monitoring
MD00965,MRI Scanner,CardioSync,Model-450,10,2,3894.55,7.41,1,27.716681086606343,Medium Risk,Normal,Normal,1.33,83.0,15.67,83.0,Routine Monitoring
MD02782,X-Ray Machine,RescueTech,Model-300,11,3,538.95,3.55,2,26.0249232168537,Low Risk,Risk to Failure,Normal,2.0,83.0,15.0,83.0,Routine Monitoring
MD04441,PET Scanner,RescueTech,Model-300,6,4,7011.0,2.29,0,15.485329615955772,Low Risk,Normal,Normal,1.67,83.0,15.33,83.0,Routine Monitoring
MD01063,PET Scanner,ImagingTech,Model-150,8,1,3166.89,7.74,0,21.35499534211547,Low Risk,Normal,Normal,2.67,83.0,14.33,83.0,Routine Monitoring
MD01334,CT Scanner,ImagingTech,Model-150,3,5,5102.82,6.55,3,20.07533918231541,Low Risk,Risk to Failure,Normal,0.67,83.0,16.33,83.0,Routine Monitoring
MD04072,PET Scanner,ScanPro,Model-200,8,2,4478.76,6.72,0,21.36861903816676,Low Risk,Normal,Normal,0.67,83.0,16.33,83.0,Routine Monitoring
MD03862,Defibrillator,ScanPro,Model-150,4,3,2045.38,4.61,0,10.374200030252204,Low Risk,Normal,Normal,1.67,83.0,15.33,83.0,Routine Monitoring
MD02577,Defibrillator,MedEquip,Model-500,12,5,8192.67,2.56,1,30.00469155496304,Medium Risk,Normal,Normal,2.33,83.0,14.67,83.0,Routine Monitoring
MD02316,Infusion Pump,ScanPro,Model-550,7,5,20577.51,32.89,1,57.95072227744699,High Risk,Normal,Failure,83.0,4.67,12.33,83.0,Inspect Immediately
MD01142,PET Scanner,ScanPro,Model-400,3,2,24991.32,26.5,1,47.9915121441922,Medium Risk,Normal,Failure,83.0,2.0,15.0,83.0,Inspect Immediately
MD03948,Infusion Pump,MedEquip,Model-350,12,1,2280.94,6.55,2,31.88313997025144,Medium Risk,Risk to Failure,Normal,0.67,83.0,16.33,83.0,Routine Monitoring
MD04037,X-Ray Machine,RescueTech,Model-150,12,1,4784.76,6.08,0,28.27314471558289,Medium Risk,Normal,Normal,1.0,83.0,16.0,83.0,Routine Monitoring
MD05414,X-Ray Machine,RescueTech,Model-450,6,5,1394.47,3.7,1,15.195836347352602,Low Risk,Normal,Normal,0.0,83.0,17.0,83.0,Routine Monitoring
MD01778,MRI Scanner,UltraMed,Model-550,3,5,2864.32,3.36,0,7.998087210811291,Low Risk,Normal,Normal,1.67,83.0,15.33,83.0,Routine Monitoring
MD01921,X-Ray Machine,ImagingTech,Model-150,11,5,7320.82,6.55,0,28.73668218046934,Medium Risk,Normal,Normal,0.33,83.0,16.67,83.0,Routine Monitoring
MD00520,Defibrillator,RescueTech,Model-650,2,4,3037.6,1.95,0,5.003805865851256,Low Risk,Normal,Normal,0.0,83.0,17.0,83.0,Routine Monitoring
MD02047,MRI Scanner,UltraMed,Model-200,9,2,4711.06,2.94,1,22.36465999846636,Low Risk,Normal,Normal,0.33,83.0,16.67,83.0,Routine Monitoring
MD04942,Defibrillator,MedEquip,Model-500,4,1,1051.31,5.99,0,10.924616760503351,Low Risk,Normal,Normal,2.0,83.0,15.0,83.0,Routine Monitoring
MD00284,Defibrillator,UltraMed,Model-150,6,1,4704.3,1.9,1,15.944598520951937,Low Risk,Normal,Normal,4.33,83.0,12.67,83.0,Routine Monitoring
MD04940,CT Scanner,CardioSync,Model-200,6,2,1165.26,7.86,0,16.371213597026397,Low Risk,Normal,Normal,2.0,83.0,15.0,83.0,Routine Monitoring
MD00301,MRI Scanner,RescueTech,Model-450,7,3,6981.47,7.65,1,24.73273674083188,Low Risk,Normal,Normal,4.67,83.0,12.33,83.0,Routine Monitoring
MD02000,Infusion Pump,MedEquip,Model-200,9,1,5269.72,2.45,1,22.319076606260985,Low Risk,Normal,Normal,0.0,83.0,17.0,83.0,Routine Monitoring
MD02840,Defibrillator,UltraMed,Model-200,9,4,4464.19,7.68,0,24.062885623090388,Low Risk,Normal,Normal,2.0,83.0,15.0,83.0,Routine Monitoring
MD00155,X-Ray Machine,ScanPro,Model-450,4,3,2336.16,2.24,0,8.397003743240901,Low Risk,Normal,Normal,1.0,83.0,16.0,83.0,Routine Monitoring
MD03052,PET Scanner,CardioSync,Model-550,11,5,24583.48,6.55,11,68.813117237672,High Risk,Failure,Failure,83.0,5.0,12.0,83.0,Inspect Immediately
MD00724,CT Scanner,MedEquip,Model-500,5,5,2367.4,7.17,1,17.29151639272739,Low Risk,Normal,Normal,1.67,83.0,15.33,83.0,Routine Monitoring
MD04780,CT Scanner,UltraMed,Model-300,6,1,14456.95,11.42,2,34.34283926328489,Medium Risk,Risk to Failure,Risk to Failure,8.0,9.0,83.0,83.0,Schedule Preventive Maintenance
MD04613,MRI Scanner,ImagingTech,Model-650,10,2,21627.56,24.84,4,64.23492005037423,High Risk,Failure,Failure,83.0,1.33,15.67,83.0,Inspect Immediately
MD02371,MRI Scanner,ImagingTech,Model-500,6,5,4326.97,6.08,1,19.53053821823173,Low Risk,Normal,Normal,1.67,83.0,15.33,83.0,Routine Monitoring
MD01071,X-Ray Machine,RescueTech,Model-350,3,3,2187.86,5.15,1,11.65858821191124,Low Risk,Normal,Normal,1.0,83.0,16.0,83.0,Routine Monitoring
MD02451,MRI Scanner,MedEquip,Model-550,2,5,4869.47,1.5,0,5.922745083956643,Low Risk,Normal,Normal,0.33,83.0,16.67,83.0,Routine Monitoring
MD02359,CT Scanner,ImagingTech,Model-500,4,2,4857.87,3.67,0,11.55496807053501,Low Risk,Normal,Normal,0.33,83.0,16.67,83.0,Routine Monitoring
MD00771,Infusion Pump,ImagingTech,Model-450,7,2,2296.56,4.19,0,15.623807625043948,Low Risk,Normal,Normal,0.33,83.0,16.67,83.0,Routine Monitoring
MD02621,PET Scanner,MedEquip,Model-250,5,3,3281.69,4.35,0,12.852927957408568,Low Risk,Normal,Normal,0.0,83.0,17.0,83.0,Routine Monitoring
MD02725,X-Ray Machine,CardioSync,Model-350,8,3,781.25,4.71,0,16.81833012638292,Low Risk,Normal,Normal,0.67,83.0,16.33,83.0,Routine Monitoring
MD03503,MRI Scanner,MedEquip,Model-550,2,3,7453.26,4.55,0,10.622242221829108,Low Risk,Normal,Normal,2.67,83.0,14.33,83.0,Routine Monitoring
MD04761,CT Scanner,CardioSync,Model-150,11,4,8154.17,4.17,0,27.145530142592,Medium Risk,Normal,Normal,1.33,82.67,16.0,82.67,Routine Monitoring
MD01376,CT Scanner,MedEquip,Model-650,2,4,7011.0,4.66,2,15.401641752095491,Low Risk,Risk to Failure,Normal,0.67,82.67,16.67,82.67,Routine Monitoring
MD02403,CT Scanner,UltraMed,Model-300,4,3,8265.25,5.13,1,17.88588248146671,Low Risk,Normal,Normal,0.33,82.67,17.0,82.67,Routine Monitoring
MD02353,MRI Scanner,MedEquip,Model-100,9,1,2799.34,3.06,0,18.58274438333073,Low Risk,Normal,Normal,0.67,82.67,16.67,82.67,Routine Monitoring
MD03870,CT Scanner,MedEquip,Model-650,11,2,27600.27,26.02,5,73.99432576312532,High Risk,Failure,Failure,82.67,2.67,14.67,82.67,Inspect Immediately
MD02381,X-Ray Machine,MedEquip,Model-150,2,1,2023.79,7.02,0,8.948092566107277,Low Risk,Normal,Normal,3.67,82.67,13.67,82.67,Routine Monitoring
MD04282,X-Ray Machine,MedEquip,Model-150,4,2,931.04,7.87,0,12.57344917608689,Low Risk,Normal,Normal,1.0,82.67,16.33,82.67,Routine Monitoring
MD01452,X-Ray Machine,MedEquip,Model-600,2,3,1268.75,3.41,1,7.563660634981275,Low Risk,Normal,Normal,0.67,82.67,16.67,82.67,Routine Monitoring
MD00595,CT Scanner,ScanPro,Model-650,8,1,3572.51,3.95,0,18.14988754709163,Low Risk,Normal,Normal,1.0,82.67,16.33,82.67,Routine Monitoring
MD01544,Defibrillator,ImagingTech,Model-450,7,5,1658.0,3.44,2,19.46586095213885,Low Risk,Risk to Failure,Normal,0.33,82.67,17.0,82.67,Routine Monitoring
MD03135,PET Scanner,CardioSync,Model-150,8,5,2355.81,2.89,0,16.28441616755682,Low Risk,Normal,Normal,0.0,82.67,17.33,82.67,Routine Monitoring
MD05041,X-Ray Machine,UltraMed,Model-650,5,2,6017.06,5.2,0,15.630836577348964,Low Risk,Normal,Normal,2.0,82.67,15.33,82.67,Routine Monitoring
MD03222,CT Scanner,ScanPro,Model-300,3,2,2306.2,5.32,0,9.401822632076229,Low Risk,Normal,Normal,4.0,82.67,13.33,82.67,Routine Monitoring
MD02529,Defibrillator,ScanPro,Model-450,7,3,6313.65,5.79,0,20.02822685713116,Low Risk,Normal,Normal,2.33,82.67,15.0,82.67,Routine Monitoring
MD02792,Defibrillator,RescueTech,Model-450,11,4,7874.96,5.29,1,30.476598917949307,Medium Risk,Normal,Normal,1.0,82.67,16.33,82.67,Routine Monitoring
MD01545,Defibrillator,MedEquip,Model-600,2,5,1394.47,3.7,1,7.923109074625329,Low Risk,Normal,Normal,0.33,82.67,17.0,82.67,Routine Monitoring
MD04310,MRI Scanner,RescueTech,Model-600,11,3,3655.15,6.46,0,25.98298880660808,Low Risk,Normal,Normal,3.67,82.67,13.67,82.67,Routine Monitoring
MD00617,Infusion Pump,ImagingTech,Model-200,9,4,2486.98,6.5,0,21.53251939883689,Low Risk,Normal,Normal,1.33,82.67,16.0,82.67,Routine Monitoring
MD03226,CT Scanner,RescueTech,Model-250,5,5,2028.8,2.79,0,10.499268271651166,Low Risk,Normal,Normal,1.67,82.67,15.67,82.67,Routine Monitoring
MD04395,CT Scanner,ImagingTech,Model-150,8,3,2088.59,2.94,0,16.135919573183298,Low Risk,Normal,Normal,0.0,82.67,17.33,82.67,Routine Monitoring
MD01043,Defibrillator,CardioSync,Model-150,7,3,1889.29,7.77,0,18.63374782169613,Low Risk,Normal,Normal,2.67,82.67,14.67,82.67,Routine Monitoring
MD03861,Infusion Pump,ImagingTech,Model-400,7,5,3861.81,4.92,1,19.93840658100948,Low Risk,Normal,Normal,0.33,82.67,17.0,82.67,Routine Monitoring
MD03286,MRI Scanner,ScanPro,Model-400,2,1,3867.02,2.82,0,6.411637979922199,Low Risk,Normal,Normal,3.0,82.67,14.33,82.67,Routine Monitoring
MD05380,Infusion Pump,MedEquip,Model-550,11,2,8633.1,4.69,0,27.97474250650264,Medium Risk,Normal,Normal,4.0,82.67,13.33,82.67,Routine Monitoring
MD00542,X-Ray Machine,MedEquip,Model-550,6,2,2124.91,7.69,0,16.91333156330208,Low Risk,Normal,Normal,1.67,82.67,15.67,82.67,Routine Monitoring
MD02756,X-Ray Machine,MedEquip,Model-350,5,1,5195.24,1.85,0,11.937900927728808,Low Risk,Normal,Normal,0.67,82.67,16.67,82.67,Routine Monitoring
MD00157,PET Scanner,MedEquip,Model-150,7,1,1786.76,2.82,1,16.487006893819377,Low Risk,Normal,Normal,0.0,82.67,17.33,82.67,Routine Monitoring
MD00135,X-Ray Machine,ScanPro,Model-650,7,2,3036.95,1.77,0,13.927985252012952,Low Risk,Normal,Normal,0.33,82.67,17.0,82.67,Routine Monitoring
MD01291,PET Scanner,RescueTech,Model-450,10,3,1516.08,0.59,0,17.18462369623856,Low Risk,Normal,Normal,0.33,82.67,17.0,82.67,Routine Monitoring
MD02901,Defibrillator,ImagingTech,Model-150,12,1,1153.19,3.46,0,23.207471691648838,Low Risk,Normal,Normal,0.0,82.67,17.33,82.67,Routine Monitoring
MD04913,X-Ray Machine,UltraMed,Model-250,8,4,6810.74,2.2,0,18.892668950986984,Low Risk,Normal,Normal,2.33,82.67,15.0,82.67,Routine Monitoring
MD02343,CT Scanner,MedEquip,Model-200,4,1,1574.47,2.79,0,8.350091592912579,Low Risk,Normal,Normal,0.67,82.67,16.67,82.67,Routine Monitoring
MD04802,Defibrillator,ImagingTech,Model-400,11,5,7594.54,3.34,2,30.97119503413948,Medium Risk,Risk to Failure,Normal,0.67,82.67,16.67,82.67,Routine Monitoring
MD02548,Infusion Pump,ImagingTech,Model-250,6,3,2844.18,7.26,0,17.040176738995658,Low Risk,Normal,Normal,0.0,82.67,17.33,82.67,Routine Monitoring
MD04944,Defibrillator,MedEquip,Model-300,9,1,6292.51,5.49,2,28.37209568828777,Medium Risk,Risk to Failure,Normal,0.67,82.67,16.67,82.67,Routine Monitoring
MD04785,X-Ray Machine,ScanPro,Model-550,8,3,20515.24,25.08,6,65.00986833156728,High Risk,Failure,Failure,82.67,7.33,10.0,82.67,Inspect Immediately
MD03431,CT Scanner,RescueTech,Model-300,12,5,1168.0,6.6,0,26.118507585879307,Low Risk,Normal,Normal,1.0,82.67,16.33,82.67,Routine Monitoring
MD04417,CT Scanner,ScanPro,Model-450,10,5,2594.43,2.39,1,22.13279993128052,Low Risk,Normal,Normal,1.0,82.67,16.33,82.67,Routine Monitoring
MD02821,PET Scanner,UltraMed,Model-500,5,5,7011.0,2.05,0,13.445472920926662,Low Risk,Normal,Normal,2.0,82.67,15.33,82.67,Routine Monitoring
MD02116,MRI Scanner,RescueTech,Model-300,2,4,7640.71,1.41,0,7.858559618150017,Low Risk,Normal,Normal,0.67,82.67,16.67,82.67,Routine Monitoring
MD04891,MRI Scanner,ScanPro,Model-500,12,4,3849.59,5.23,0,26.806743035475428,Low Risk,Normal,Normal,1.67,82.67,15.67,82.67,Routine Monitoring
MD02060,Infusion Pump,MedEquip,Model-350,4,2,8447.22,4.92,1,17.824488299544406,Low Risk,Normal,Normal,2.0,82.67,15.33,82.67,Routine Monitoring
MD02589,CT Scanner,CardioSync,Model-200,1,1,2941.91,6.55,1,9.86467910035997,Low Risk,Normal,Normal,2.33,82.67,15.0,82.67,Routine Monitoring
MD00716,Infusion Pump,MedEquip,Model-200,4,4,2548.88,3.19,0,9.429440553811418,Low Risk,Normal,Normal,0.67,82.67,16.67,82.67,Routine Monitoring
MD01926,CT Scanner,RescueTech,Model-300,7,4,8305.02,2.24,1,20.700066758552467,Low Risk,Normal,Normal,0.67,82.67,16.67,82.67,Routine Monitoring
MD04278,Infusion Pump,RescueTech,Model-550,5,2,3758.46,6.55,0,15.232290825770598,Low Risk,Normal,Normal,1.0,82.67,16.33,82.67,Routine Monitoring
MD00953,PET Scanner,ScanPro,Model-400,11,3,503.28,6.81,0,24.01002015226153,Low Risk,Normal,Normal,0.67,82.67,16.67,82.67,Routine Monitoring
MD01257,PET Scanner,ScanPro,Model-200,2,4,950.13,1.34,2,7.919589313246847,Low Risk,Risk to Failure,Normal,0.33,82.33,17.33,82.33,Routine Monitoring
MD01769,Infusion Pump,UltraMed,Model-500,10,2,1952.9,6.12,0,22.61062054682368,Low Risk,Normal,Normal,3.33,82.33,14.33,82.33,Routine Monitoring
MD03876,Defibrillator,RescueTech,Model-400,9,3,7079.85,4.51,0,23.04052724850204,Low Risk,Normal,Normal,0.67,82.33,17.0,82.33,Routine Monitoring
MD03426,CT Scanner,RescueTech,Model-100,6,1,2970.61,3.29,1,15.965413373753332,Low Risk,Normal,Normal,1.0,82.33,16.67,82.33,Routine Monitoring
MD02290,Infusion Pump,UltraMed,Model-500,5,1,3496.08,3.69,0,12.399512454272486,Low Risk,Normal,Normal,8.0,82.33,9.67,82.33,Routine Monitoring
MD01438,CT Scanner,MedEquip,Model-400,9,2,8592.4,4.8,0,24.410328520813845,Low Risk,Normal,Normal,2.67,82.33,15.0,82.33,Routine Monitoring
MD04945,Defibrillator,ScanPro,Model-600,3,4,8443.09,2.61,0,11.36967694621163,Low Risk,Normal,Normal,0.33,82.33,17.33,82.33,Routine Monitoring
MD00957,X-Ray Machine,MedEquip,Model-500,6,5,7785.38,0.68,2,19.562422823568085,Low Risk,Risk to Failure,Normal,2.67,82.33,15.0,82.33,Routine Monitoring
MD03007,Infusion Pump,MedEquip,Model-450,5,5,5399.58,0.91,1,13.718542968053145,Low Risk,Normal,Normal,0.33,82.33,17.33,82.33,Routine Monitoring
MD02115,Defibrillator,CardioSync,Model-100,2,4,7011.0,5.49,0,11.16826736785904,Low Risk,Normal,Normal,0.67,82.33,17.0,82.33,Routine Monitoring
MD01468,X-Ray Machine,CardioSync,Model-100,2,3,5365.5,7.54,1,14.362937547068736,Low Risk,Normal,Normal,2.0,82.33,15.67,82.33,Routine Monitoring
MD01932,Infusion Pump,CardioSync,Model-200,7,5,7887.51,6.7,0,22.01535464863015,Low Risk,Normal,Normal,0.0,82.33,17.67,82.33,Routine Monitoring
MD02218,PET Scanner,RescueTech,Model-450,8,1,656.26,5.53,1,19.984659821990977,Low Risk,Normal,Normal,0.33,82.33,17.33,82.33,Routine Monitoring
MD05094,MRI Scanner,ScanPro,Model-600,2,5,1328.78,1.05,0,2.927591576437776,Low Risk,Normal,Normal,0.33,82.33,17.33,82.33,Routine Monitoring
MD05120,Defibrillator,ScanPro,Model-600,2,5,7011.0,0.91,0,6.937971801356577,Low Risk,Normal,Normal,0.33,82.33,17.33,82.33,Routine Monitoring
MD05083,Infusion Pump,ScanPro,Model-550,6,2,5314.82,3.79,0,15.635072765007136,Low Risk,Normal,Normal,0.67,82.33,17.0,82.33,Routine Monitoring
MD03112,Defibrillator,CardioSync,Model-350,6,4,3714.6,3.78,1,16.960021604961792,Low Risk,Normal,Normal,2.0,82.33,15.67,82.33,Routine Monitoring
MD01469,MRI Scanner,MedEquip,Model-600,10,5,4306.6,2.29,0,20.787809489458425,Low Risk,Normal,Normal,0.0,82.33,17.67,82.33,Routine Monitoring
MD02881,PET Scanner,MedEquip,Model-300,9,5,3252.26,6.29,2,26.89608639515808,Low Risk,Risk to Failure,Normal,1.33,82.33,16.33,82.33,Routine Monitoring
MD03903,Defibrillator,MedEquip,Model-100,9,2,23330.69,32.27,10,85.52021110392818,High Risk,Failure,Failure,82.33,0.67,17.0,82.33,Inspect Immediately
MD02671,X-Ray Machine,UltraMed,Model-200,12,2,7011.0,1.93,0,26.061908209775744,Low Risk,Normal,Normal,1.33,82.33,16.33,82.33,Routine Monitoring
MD05468,X-Ray Machine,CardioSync,Model-500,6,3,4846.44,7.38,0,18.609728700999945,Low Risk,Normal,Normal,1.67,82.33,16.0,82.33,Routine Monitoring
MD04580,X-Ray Machine,UltraMed,Model-600,9,3,4392.45,4.26,0,20.85175359754009,Low Risk,Normal,Normal,0.33,82.33,17.33,82.33,Routine Monitoring
MD01848,PET Scanner,UltraMed,Model-250,11,1,5996.04,3.23,0,24.70503242058599,Low Risk,Normal,Normal,5.33,82.33,12.33,82.33,Routine Monitoring
MD05071,CT Scanner,ImagingTech,Model-500,10,2,3268.68,7.73,0,25.056280003004947,Low Risk,Normal,Normal,2.33,82.33,15.33,82.33,Routine Monitoring
MD03921,PET Scanner,ImagingTech,Model-550,10,4,3422.03,5.55,0,23.154453896689297,Low Risk,Normal,Normal,0.0,82.33,17.67,82.33,Routine Monitoring
MD02854,MRI Scanner,ImagingTech,Model-450,2,1,7308.54,5.41,0,11.311143754063014,Low Risk,Normal,Normal,4.33,82.33,13.33,82.33,Routine Monitoring
MD00008,MRI Scanner,MedEquip,Model-350,9,3,12803.31,10.77,1,35.492282265598654,Medium Risk,Normal,Risk to Failure,6.0,11.67,82.33,82.33,Schedule Preventive Maintenance
MD03836,MRI Scanner,ImagingTech,Model-300,8,5,6919.36,3.67,1,22.82956093674977,Low Risk,Normal,Normal,0.33,82.33,17.33,82.33,Routine Monitoring
MD01241,Infusion Pump,ImagingTech,Model-250,4,2,3658.33,2.81,1,12.386727398794488,Low Risk,Normal,Normal,0.33,82.33,17.33,82.33,Routine Monitoring
MD00146,CT Scanner,UltraMed,Model-100,5,2,8008.3,2.65,1,17.22622708954493,Low Risk,Normal,Normal,0.67,82.33,17.0,82.33,Routine Monitoring
MD04380,Defibrillator,RescueTech,Model-650,10,1,614.41,6.51,2,26.995706723479792,Low Risk,Risk to Failure,Normal,7.67,82.33,10.0,82.33,Routine Monitoring
MD00683,PET Scanner,CardioSync,Model-500,4,3,7011.0,4.95,0,14.30586253131627,Low Risk,Normal,Normal,1.0,82.33,16.67,82.33,Routine Monitoring
MD03152,X-Ray Machine,ImagingTech,Model-550,4,2,2636.69,5.78,0,11.885654505273038,Low Risk,Normal,Normal,0.0,82.33,17.67,82.33,Routine Monitoring
MD01509,X-Ray Machine,ScanPro,Model-350,10,5,7572.82,5.36,0,26.00295300387714,Low Risk,Normal,Normal,2.67,82.33,15.0,82.33,Routine Monitoring
MD03148,MRI Scanner,RescueTech,Model-400,4,1,8551.19,1.22,2,16.982746296703148,Low Risk,Risk to Failure,Normal,0.33,82.33,17.33,82.33,Routine Monitoring
MD03699,PET Scanner,ImagingTech,Model-450,3,4,6535.33,7.3,0,14.31170543908916,Low Risk,Normal,Normal,0.67,82.33,17.0,82.33,Routine Monitoring
MD01559,PET Scanner,MedEquip,Model-400,12,2,7627.75,5.88,0,30.15963058037118,Medium Risk,Normal,Normal,2.33,82.33,15.33,82.33,Routine Monitoring
MD03263,X-Ray Machine,ScanPro,Model-650,9,4,27474.92,18.81,4,61.10715762894086,High Risk,Failure,Failure,82.33,2.33,15.33,82.33,Inspect Immediately
MD03460,PET Scanner,CardioSync,Model-150,3,2,6701.17,3.53,0,10.950382663549398,Low Risk,Normal,Normal,0.67,82.33,17.0,82.33,Routine Monitoring
MD01950,CT Scanner,CardioSync,Model-400,10,5,5141.7,5.0,0,23.899287065916152,Low Risk,Normal,Normal,0.0,82.33,17.67,82.33,Routine Monitoring
MD04798,Infusion Pump,ScanPro,Model-650,2,4,2148.7,1.07,0,3.5434040951669097,Low Risk,Normal,Normal,0.33,82.33,17.33,82.33,Routine Monitoring
MD01530,PET Scanner,ImagingTech,Model-150,6,2,2212.9,4.9,0,14.400464828226909,Low Risk,Normal,Normal,0.33,82.33,17.33,82.33,Routine Monitoring
MD01356,Infusion Pump,UltraMed,Model-350,11,5,1534.75,7.01,0,24.94621020020799,Low Risk,Normal,Normal,5.33,82.0,12.67,82.0,Routine Monitoring
MD01880,Defibrillator,RescueTech,Model-100,2,2,4856.93,7.39,0,11.35388020332713,Low Risk,Normal,Normal,3.67,82.0,14.33,82.0,Routine Monitoring
MD00046,PET Scanner,CardioSync,Model-200,11,4,1889.68,4.18,0,22.590872523183176,Low Risk,Normal,Normal,0.0,82.0,18.0,82.0,Routine Monitoring
MD03856,Infusion Pump,ImagingTech,Model-150,6,4,21541.25,20.91,2,48.26938689814882,High Risk,Risk to Failure,Failure,82.0,5.67,12.33,82.0,Inspect Immediately
MD01008,Defibrillator,UltraMed,Model-400,4,2,4328.66,7.58,0,14.78087378465467,Low Risk,Normal,Normal,3.0,82.0,15.0,82.0,Routine Monitoring
MD02154,CT Scanner,RescueTech,Model-250,7,5,6586.2,4.27,0,18.822847917132837,Low Risk,Normal,Normal,1.33,82.0,16.67,82.0,Routine Monitoring
MD01883,Defibrillator,ScanPro,Model-450,8,4,15856.65,20.92,3,50.27356250700437,High Risk,Risk to Failure,Failure,82.0,3.33,14.67,82.0,Inspect Immediately
MD03680,Defibrillator,ImagingTech,Model-350,6,1,5953.07,3.72,1,18.535404429804966,Low Risk,Normal,Normal,2.33,82.0,15.67,82.0,Routine Monitoring
MD03357,PET Scanner,CardioSync,Model-350,3,5,8741.52,4.18,1,15.537216506017057,Low Risk,Normal,Normal,2.0,82.0,16.0,82.0,Routine Monitoring
MD04964,Defibrillator,ScanPro,Model-650,9,2,665.68,0.84,0,14.977807878901514,Low Risk,Normal,Normal,0.33,82.0,17.67,82.0,Routine Monitoring
MD00665,PET Scanner,ScanPro,Model-250,10,2,20438.09,30.68,8,78.76243936151869,High Risk,Failure,Failure,82.0,5.0,13.0,82.0,Inspect Immediately
MD03356,PET Scanner,UltraMed,Model-100,6,4,1848.55,5.63,1,17.30928454238508,Low Risk,Normal,Normal,2.0,82.0,16.0,82.0,Routine Monitoring
MD04825,Defibrillator,RescueTech,Model-200,9,1,621.82,1.05,1,17.639819894098082,Low Risk,Normal,Normal,0.33,82.0,17.67,82.0,Routine Monitoring
MD02542,CT Scanner,ImagingTech,Model-550,3,3,5025.67,1.2,1,10.077630319745554,Low Risk,Normal,Normal,0.67,82.0,17.33,82.0,Routine Monitoring
MD02059,Infusion Pump,ScanPro,Model-100,10,3,4494.34,3.48,0,22.02372239709786,Low Risk,Normal,Normal,0.33,82.0,17.67,82.0,Routine Monitoring
MD03465,X-Ray Machine,CardioSync,Model-650,9,1,647.69,2.46,0,16.461006970630617,Low Risk,Normal,Normal,0.67,82.0,17.33,82.0,Routine Monitoring
MD05206,Infusion Pump,UltraMed,Model-450,7,2,2367.88,6.14,0,17.476875045616875,Low Risk,Normal,Normal,1.0,82.0,17.0,82.0,Routine Monitoring
MD00142,PET Scanner,CardioSync,Model-650,7,2,789.34,2.21,0,12.696928847916938,Low Risk,Normal,Normal,1.0,82.0,17.0,82.0,Routine Monitoring
MD05291,MRI Scanner,CardioSync,Model-350,7,5,7011.0,3.29,0,18.227156754334636,Low Risk,Normal,Normal,1.0,82.0,17.0,82.0,Routine Monitoring
MD04192,Defibrillator,RescueTech,Model-450,6,5,7448.76,5.09,1,20.89045956438021,Low Risk,Normal,Normal,1.67,82.0,16.33,82.0,Routine Monitoring
MD03837,X-Ray Machine,CardioSync,Model-500,6,5,7701.72,12.89,5,38.27918302719887,Medium Risk,Failure,Risk to Failure,6.0,12.0,82.0,82.0,Schedule Preventive Maintenance
MD05463,MRI Scanner,MedEquip,Model-450,2,2,3056.4,6.06,1,11.31368457140608,Low Risk,Normal,Normal,2.33,82.0,15.67,82.0,Routine Monitoring
MD00587,MRI Scanner,UltraMed,Model-250,7,1,2199.85,5.86,1,19.595838784858422,Low Risk,Normal,Normal,4.0,82.0,14.0,82.0,Routine Monitoring
MD01834,Defibrillator,UltraMed,Model-400,9,4,8847.38,4.69,0,24.494489139590947,Low Risk,Normal,Normal,3.33,82.0,14.67,82.0,Routine Monitoring
MD02009,Defibrillator,ScanPro,Model-250,11,2,22933.71,31.36,6,78.02684406430808,High Risk,Failure,Failure,82.0,2.33,15.67,82.0,Inspect Immediately
MD01629,Defibrillator,ScanPro,Model-250,3,2,6224.35,4.08,3,18.611007999028324,Low Risk,Risk to Failure,Normal,5.33,82.0,12.67,82.0,Routine Monitoring
MD03626,Infusion Pump,CardioSync,Model-250,10,5,6708.89,4.24,0,24.33906785078369,Low Risk,Normal,Normal,1.67,82.0,16.33,82.0,Routine Monitoring
MD00209,CT Scanner,RescueTech,Model-400,5,2,2896.26,2.18,0,10.567818745888502,Low Risk,Normal,Normal,1.0,82.0,17.0,82.0,Routine Monitoring
MD03496,PET Scanner,MedEquip,Model-250,11,4,1107.87,0.95,1,21.53792295806083,Low Risk,Normal,Normal,0.0,81.67,18.33,81.67,Routine Monitoring
MD05436,PET Scanner,UltraMed,Model-300,9,1,4284.85,3.18,1,22.275826391352872,Low Risk,Normal,Normal,1.0,81.67,17.33,81.67,Routine Monitoring
MD01234,Infusion Pump,ScanPro,Model-500,3,5,16071.39,24.6,3,44.73811358952079,Medium Risk,Risk to Failure,Failure,81.67,3.0,15.33,81.67,Inspect Immediately
MD05422,MRI Scanner,ScanPro,Model-500,9,1,6926.1,2.82,1,23.86755455204778,Low Risk,Normal,Normal,2.0,81.67,16.33,81.67,Routine Monitoring
MD02445,Defibrillator,RescueTech,Model-600,11,2,3509.19,1.04,0,20.870494345821797,Low Risk,Normal,Normal,0.33,81.67,18.0,81.67,Routine Monitoring
MD00847,CT Scanner,CardioSync,Model-200,7,5,7589.32,5.07,0,20.292571217777304,Low Risk,Normal,Normal,0.67,81.67,17.67,81.67,Routine Monitoring
MD04658,PET Scanner,ImagingTech,Model-200,4,4,7567.15,2.34,1,14.80032243990711,Low Risk,Normal,Normal,0.33,81.67,18.0,81.67,Routine Monitoring
MD00066,PET Scanner,ScanPro,Model-650,11,3,8439.4,7.64,0,30.5583791617296,Medium Risk,Normal,Normal,6.67,81.67,11.67,81.67,Routine Monitoring
MD03963,MRI Scanner,ImagingTech,Model-550,11,3,2389.67,6.37,0,24.97791549824931,Low Risk,Normal,Normal,1.0,81.67,17.33,81.67,Routine Monitoring
MD05415,Infusion Pump,ScanPro,Model-100,11,4,7314.89,6.71,1,31.38014522497205,Medium Risk,Normal,Normal,0.33,81.67,18.0,81.67,Routine Monitoring
MD03620,Defibrillator,ImagingTech,Model-200,5,2,24014.93,32.0,6,68.49659171146322,High Risk,Failure,Failure,81.67,4.0,14.33,81.67,Inspect Immediately
MD05281,Defibrillator,MedEquip,Model-350,4,2,6865.01,3.22,1,15.101597446036529,Low Risk,Normal,Normal,4.33,81.67,14.0,81.67,Routine Monitoring
MD05338,Infusion Pump,MedEquip,Model-150,10,1,5989.12,3.09,0,22.752498802169608,Low Risk,Normal,Normal,0.67,81.67,17.67,81.67,Routine Monitoring
MD03049,Infusion Pump,ScanPro,Model-650,3,1,1792.01,4.76,0,8.509976345870708,Low Risk,Normal,Normal,0.33,81.67,18.0,81.67,Routine Monitoring
MD05211,PET Scanner,RescueTech,Model-450,6,2,1288.74,6.05,0,14.789374948055556,Low Risk,Normal,Normal,3.33,81.67,15.0,81.67,Routine Monitoring
MD03746,CT Scanner,CardioSync,Model-150,9,2,6194.06,0.61,0,18.79298235161968,Low Risk,Normal,Normal,0.67,81.67,17.67,81.67,Routine Monitoring
MD05358,MRI Scanner,ScanPro,Model-550,12,2,2932.15,6.76,0,27.551534125582258,Medium Risk,Normal,Normal,5.33,81.67,13.0,81.67,Routine Monitoring
MD01499,PET Scanner,MedEquip,Model-450,2,2,6858.68,6.08,0,11.602247805100289,Low Risk,Normal,Normal,4.67,81.67,13.67,81.67,Routine Monitoring
MD03676,CT Scanner,RescueTech,Model-150,1,1,20405.2,14.65,4,37.56880703126018,Medium Risk,Failure,Failure,81.67,5.33,13.0,81.67,Inspect Immediately
MD03156,Infusion Pump,ImagingTech,Model-200,12,5,4618.1,7.67,1,32.120323295198055,Medium Risk,Normal,Normal,2.0,81.67,16.33,81.67,Routine Monitoring
MD00709,MRI Scanner,ImagingTech,Model-500,3,5,3997.04,7.86,0,12.979716204962935,Low Risk,Normal,Normal,1.67,81.67,16.67,81.67,Routine Monitoring
MD01413,MRI Scanner,RescueTech,Model-300,11,5,3765.42,3.4,0,23.23696957300853,Low Risk,Normal,Normal,1.33,81.67,17.0,81.67,Routine Monitoring
MD00151,X-Ray Machine,MedEquip,Model-500,7,3,4699.63,1.13,0,14.548171188716331,Low Risk,Normal,Normal,1.0,81.67,17.33,81.67,Routine Monitoring
MD01473,Defibrillator,MedEquip,Model-500,4,2,4469.43,1.48,1,11.749193065215769,Low Risk,Normal,Normal,0.33,81.67,18.0,81.67,Routine Monitoring
MD02336,PET Scanner,ImagingTech,Model-650,2,4,2351.37,3.13,0,5.593765444271732,Low Risk,Normal,Normal,0.33,81.67,18.0,81.67,Routine Monitoring
MD02296,CT Scanner,CardioSync,Model-450,6,4,7531.4,3.24,0,16.74192177329209,Low Risk,Normal,Normal,0.67,81.67,17.67,81.67,Routine Monitoring
MD03143,Defibrillator,ScanPro,Model-300,10,5,4580.67,5.89,0,24.312601960576856,Low Risk,Normal,Normal,0.67,81.67,17.67,81.67,Routine Monitoring
MD05434,X-Ray Machine,UltraMed,Model-300,11,4,3120.64,6.91,0,26.009220482548717,Low Risk,Normal,Normal,3.67,81.67,14.67,81.67,Routine Monitoring
MD02693,Infusion Pump,MedEquip,Model-450,11,4,4822.02,0.54,0,21.36511300103316,Low Risk,Normal,Normal,0.0,81.33,18.67,81.33,Routine Monitoring
MD05441,MRI Scanner,MedEquip,Model-400,11,4,5733.96,6.55,2,32.58060068811112,Medium Risk,Risk to Failure,Normal,3.33,81.33,15.33,81.33,Routine Monitoring
MD03558,CT Scanner,ImagingTech,Model-350,7,4,8719.83,3.71,0,19.860028575393716,Low Risk,Normal,Normal,0.67,81.33,18.0,81.33,Routine Monitoring
MD00786,Defibrillator,MedEquip,Model-350,8,3,8604.83,1.56,2,24.608591543041683,Low Risk,Risk to Failure,Normal,2.67,81.33,16.0,81.33,Routine Monitoring
MD00453,MRI Scanner,ScanPro,Model-450,11,1,904.86,4.48,0,22.15049124729125,Low Risk,Normal,Normal,2.67,81.33,16.0,81.33,Routine Monitoring
MD02031,X-Ray Machine,CardioSync,Model-200,3,1,1210.35,6.08,0,9.305429071417588,Low Risk,Normal,Normal,1.67,81.33,17.0,81.33,Routine Monitoring
MD01881,MRI Scanner,MedEquip,Model-250,6,3,4515.94,2.4,1,16.269194513354126,Low Risk,Normal,Normal,1.0,81.33,17.67,81.33,Routine Monitoring
MD01425,MRI Scanner,ScanPro,Model-100,4,3,5689.25,2.82,0,11.375558160543005,Low Risk,Normal,Normal,1.67,81.33,17.0,81.33,Routine Monitoring
MD03438,Defibrillator,ScanPro,Model-400,9,4,3467.14,6.51,1,24.755835755464386,Low Risk,Normal,Normal,1.33,81.33,17.33,81.33,Routine Monitoring
MD00180,X-Ray Machine,ScanPro,Model-400,7,1,10451.94,11.33,4,38.1601069738187,Medium Risk,Failure,Risk to Failure,5.67,13.0,81.33,81.33,Schedule Preventive Maintenance
MD01365,X-Ray Machine,UltraMed,Model-650,5,1,6095.55,5.92,0,16.353043842991095,Low Risk,Normal,Normal,0.67,81.33,18.0,81.33,Routine Monitoring
MD00141,X-Ray Machine,ImagingTech,Model-450,6,2,1096.37,1.89,2,15.80686232692594,Low Risk,Risk to Failure,Normal,0.0,81.33,18.67,81.33,Routine Monitoring
MD00943,CT Scanner,RescueTech,Model-350,11,4,2623.79,5.66,1,26.992691705285417,Low Risk,Normal,Normal,1.0,81.33,17.67,81.33,Routine Monitoring
MD00890,PET Scanner,CardioSync,Model-450,2,5,8212.14,3.07,1,12.308117043782614,Low Risk,Normal,Normal,0.33,81.33,18.33,81.33,Routine Monitoring
MD00910,Defibrillator,CardioSync,Model-400,10,2,1521.39,1.04,1,20.10413260596467,Low Risk,Normal,Normal,0.33,81.33,18.33,81.33,Routine Monitoring
MD03924,Infusion Pump,CardioSync,Model-350,9,2,6223.38,3.86,1,24.316190259678088,Low Risk,Normal,Normal,2.0,81.33,16.67,81.33,Routine Monitoring
MD03048,CT Scanner,MedEquip,Model-450,6,4,6150.95,6.18,3,25.95173422904071,Low Risk,Risk to Failure,Normal,1.0,81.33,17.67,81.33,Routine Monitoring
MD03242,X-Ray Machine,ImagingTech,Model-550,3,3,3177.5,0.9,0,5.954082006993286,Low Risk,Normal,Normal,0.67,81.33,18.0,81.33,Routine Monitoring
MD04987,MRI Scanner,CardioSync,Model-450,4,2,1099.95,1.67,0,6.969904871904644,Low Risk,Normal,Normal,0.33,81.33,18.33,81.33,Routine Monitoring
MD01341,MRI Scanner,CardioSync,Model-200,6,2,3422.55,0.64,0,11.347006939484077,Low Risk,Normal,Normal,0.33,81.33,18.33,81.33,Routine Monitoring
MD02818,CT Scanner,ImagingTech,Model-100,7,1,8710.39,5.27,3,28.794037913767884,Medium Risk,Risk to Failure,Normal,1.33,81.33,17.33,81.33,Routine Monitoring
MD00678,Infusion Pump,ScanPro,Model-350,8,1,3218.11,6.97,2,25.68110395798361,Low Risk,Risk to Failure,Normal,3.0,81.33,15.67,81.33,Routine Monitoring
MD03467,MRI Scanner,RescueTech,Model-450,9,3,6835.88,7.09,0,25.245791730153663,Low Risk,Normal,Normal,2.67,81.33,16.0,81.33,Routine Monitoring
MD01390,Defibrillator,UltraMed,Model-150,7,4,15022.55,12.16,1,34.75657745919104,Medium Risk,Normal,Risk to Failure,6.67,12.0,81.33,81.33,Schedule Preventive Maintenance
MD03227,X-Ray Machine,ImagingTech,Model-650,8,2,4463.69,0.65,1,18.25111293691417,Low Risk,Normal,Normal,0.33,81.33,18.33,81.33,Routine Monitoring
MD00040,Defibrillator,RescueTech,Model-350,5,3,930.05,3.51,0,10.363816149531427,Low Risk,Normal,Normal,2.33,81.33,16.33,81.33,Routine Monitoring
MD02808,PET Scanner,MedEquip,Model-650,4,2,2469.44,6.26,1,14.707156944398651,Low Risk,Normal,Normal,1.0,81.33,17.67,81.33,Routine Monitoring
MD02629,Defibrillator,CardioSync,Model-500,3,2,6475.39,3.71,0,10.9521504105219,Low Risk,Normal,Normal,0.33,81.33,18.33,81.33,Routine Monitoring
MD04202,X-Ray Machine,RescueTech,Model-100,4,4,7368.23,1.94,0,11.78594432489819,Low Risk,Normal,Normal,0.0,81.33,18.67,81.33,Routine Monitoring
MD03951,Defibrillator,RescueTech,Model-450,12,4,3521.01,4.43,0,25.82844507156848,Low Risk,Normal,Normal,0.33,81.33,18.33,81.33,Routine Monitoring
MD05494,X-Ray Machine,ImagingTech,Model-650,6,3,5067.0,5.35,0,16.89541416408713,Low Risk,Normal,Normal,0.0,81.33,18.67,81.33,Routine Monitoring
MD00797,PET Scanner,ScanPro,Model-400,6,4,3711.64,7.7,1,20.578554799439893,Low Risk,Normal,Normal,0.67,81.33,18.0,81.33,Routine Monitoring
MD02642,Infusion Pump,ImagingTech,Model-250,12,3,6606.72,2.07,1,28.39668682166496,Medium Risk,Normal,Normal,0.0,81.33,18.67,81.33,Routine Monitoring
MD05412,Infusion Pump,RescueTech,Model-450,9,5,1463.85,3.16,0,17.702159019184748,Low Risk,Normal,Normal,0.0,81.33,18.67,81.33,Routine Monitoring
MD04250,Defibrillator,ScanPro,Model-100,2,3,6426.76,5.23,0,10.502480869727249,Low Risk,Normal,Normal,0.67,81.33,18.0,81.33,Routine Monitoring
MD02474,X-Ray Machine,CardioSync,Model-400,10,4,5175.83,4.01,0,23.009743064967356,Low Risk,Normal,Normal,0.0,81.33,18.67,81.33,Routine Monitoring
MD04568,X-Ray Machine,UltraMed,Model-550,12,1,6231.36,2.73,1,28.73283020386731,Medium Risk,Normal,Normal,0.33,81.33,18.33,81.33,Routine Monitoring
MD00557,Defibrillator,CardioSync,Model-300,10,2,7811.5,0.95,0,22.10356364130785,Low Risk,Normal,Normal,0.33,81.33,18.33,81.33,Routine Monitoring
MD04918,X-Ray Machine,UltraMed,Model-350,4,4,17566.24,20.15,3,43.535122810155634,Medium Risk,Risk to Failure,Failure,81.33,4.67,14.0,81.33,Inspect Immediately
MD01001,X-Ray Machine,MedEquip,Model-250,9,2,1927.98,3.2,0,18.077239325929224,Low Risk,Normal,Normal,0.33,81.0,18.67,81.0,Routine Monitoring
MD03044,Infusion Pump,ScanPro,Model-350,2,4,26672.04,31.1,4,59.146560494237306,High Risk,Failure,Failure,81.0,3.0,16.0,81.0,Inspect Immediately
MD03689,PET Scanner,CardioSync,Model-300,8,5,2414.05,5.81,0,19.023890323760877,Low Risk,Normal,Normal,0.0,81.0,19.0,81.0,Routine Monitoring
MD00272,Defibrillator,MedEquip,Model-400,2,3,4297.25,1.06,0,5.099459407089944,Low Risk,Normal,Normal,0.0,81.0,19.0,81.0,Routine Monitoring
MD05035,Defibrillator,CardioSync,Model-400,10,3,1069.43,7.77,0,23.490997375957495,Low Risk,Normal,Normal,2.0,81.0,17.0,81.0,Routine Monitoring
MD01675,MRI Scanner,RescueTech,Model-650,3,3,7006.78,2.06,0,9.81527132420756,Low Risk,Normal,Normal,6.0,81.0,13.0,81.0,Routine Monitoring
MD00395,Infusion Pump,CardioSync,Model-500,5,1,2337.05,1.24,0,9.292188636502008,Low Risk,Normal,Normal,3.33,81.0,15.67,81.0,Routine Monitoring
MD04575,Defibrillator,MedEquip,Model-250,10,2,753.23,3.24,1,21.576521618862746,Low Risk,Normal,Normal,2.0,81.0,17.0,81.0,Routine Monitoring
MD03811,CT Scanner,MedEquip,Model-200,8,2,6003.19,6.18,2,26.98044967885301,Low Risk,Risk to Failure,Normal,1.0,81.0,18.0,81.0,Routine Monitoring
MD02653,PET Scanner,MedEquip,Model-250,6,3,23189.68,15.6,2,44.56576757977052,Medium Risk,Risk to Failure,Failure,81.0,4.67,14.33,81.0,Inspect Immediately
MD03487,PET Scanner,ScanPro,Model-300,7,2,3091.62,6.28,0,18.133454600884797,Low Risk,Normal,Normal,1.0,81.0,18.0,81.0,Routine Monitoring
MD02639,Defibrillator,MedEquip,Model-500,2,1,5073.22,1.87,0,6.412932658668279,Low Risk,Normal,Normal,0.67,81.0,18.33,81.0,Routine Monitoring
MD00178,Infusion Pump,ScanPro,Model-500,3,3,2549.24,4.23,2,13.572112140881131,Low Risk,Risk to Failure,Normal,6.67,81.0,12.33,81.0,Routine Monitoring
MD03787,X-Ray Machine,UltraMed,Model-250,11,2,14171.26,10.64,1,40.00517012073799,Medium Risk,Normal,Risk to Failure,6.33,12.67,81.0,81.0,Schedule Preventive Maintenance
MD00567,X-Ray Machine,CardioSync,Model-100,12,3,803.53,1.27,0,20.929949235561185,Low Risk,Normal,Normal,0.67,81.0,18.33,81.0,Routine Monitoring
MD00757,Infusion Pump,UltraMed,Model-100,2,3,4817.51,5.99,0,10.03205794404793,Low Risk,Normal,Normal,2.33,81.0,16.67,81.0,Routine Monitoring
MD01073,Infusion Pump,MedEquip,Model-550,3,3,2332.1,6.55,0,10.556775406993845,Low Risk,Normal,Normal,0.33,81.0,18.67,81.0,Routine Monitoring
MD01936,MRI Scanner,UltraMed,Model-200,8,5,7803.49,6.55,0,23.63377824056068,Low Risk,Normal,Normal,1.0,81.0,18.0,81.0,Routine Monitoring
MD02010,PET Scanner,UltraMed,Model-100,11,5,8821.07,3.42,0,26.93865548928156,Low Risk,Normal,Normal,1.67,81.0,17.33,81.0,Routine Monitoring
MD03946,PET Scanner,ScanPro,Model-300,12,1,4569.53,1.54,1,26.42299258511893,Low Risk,Normal,Normal,2.33,81.0,16.67,81.0,Routine Monitoring
MD01375,X-Ray Machine,RescueTech,Model-150,10,2,7372.59,3.06,0,23.7326944009298,Low Risk,Normal,Normal,0.67,81.0,18.33,81.0,Routine Monitoring
MD05189,X-Ray Machine,ImagingTech,Model-250,6,4,8666.27,3.37,0,17.6887870663221,Low Risk,Normal,Normal,2.33,81.0,16.67,81.0,Routine Monitoring
MD04063,PET Scanner,ImagingTech,Model-450,12,4,6916.08,1.97,0,26.029701573561884,Low Risk,Normal,Normal,0.0,81.0,19.0,81.0,Routine Monitoring
MD02679,CT Scanner,MedEquip,Model-400,7,3,3527.07,1.29,0,13.84170459139187,Low Risk,Normal,Normal,1.0,81.0,18.0,81.0,Routine Monitoring
MD04303,MRI Scanner,UltraMed,Model-150,6,5,5014.31,4.24,0,15.831781401241573,Low Risk,Normal,Normal,1.33,81.0,17.67,81.0,Routine Monitoring
MD01443,CT Scanner,ScanPro,Model-550,8,4,4700.23,0.94,0,16.19129751647172,Low Risk,Normal,Normal,0.33,81.0,18.67,81.0,Routine Monitoring
MD01217,PET Scanner,UltraMed,Model-350,3,4,5234.45,6.55,0,12.671236115150766,Low Risk,Normal,Normal,1.33,81.0,17.67,81.0,Routine Monitoring
MD01066,Infusion Pump,ImagingTech,Model-200,8,1,5047.18,7.52,0,22.521648601034663,Low Risk,Normal,Normal,2.33,81.0,16.67,81.0,Routine Monitoring
MD01451,Infusion Pump,CardioSync,Model-350,3,4,8609.59,1.82,1,13.26129805731117,Low Risk,Normal,Normal,1.67,81.0,17.33,81.0,Routine Monitoring
MD00134,Infusion Pump,MedEquip,Model-500,8,3,6660.93,0.51,0,17.222566678565027,Low Risk,Normal,Normal,0.0,81.0,19.0,81.0,Routine Monitoring
MD01662,MRI Scanner,RescueTech,Model-150,7,4,861.74,2.62,0,13.128369292126235,Low Risk,Normal,Normal,3.0,81.0,16.0,81.0,Routine Monitoring
MD01307,Defibrillator,UltraMed,Model-650,12,4,7011.0,1.15,0,25.34146486002205,Low Risk,Normal,Normal,1.0,81.0,18.0,81.0,Routine Monitoring
MD00977,Infusion Pump,CardioSync,Model-350,10,3,5486.5,0.54,0,20.031027467364275,Low Risk,Normal,Normal,1.33,81.0,17.67,81.0,Routine Monitoring
MD02956,Defibrillator,UltraMed,Model-600,10,2,1499.98,4.11,0,20.42412582563673,Low Risk,Normal,Normal,0.0,81.0,19.0,81.0,Routine Monitoring
MD00381,PET Scanner,RescueTech,Model-150,4,5,20836.83,20.51,3,46.25037120050055,Medium Risk,Risk to Failure,Failure,81.0,7.33,11.67,81.0,Inspect Immediately
MD02053,CT Scanner,CardioSync,Model-250,9,1,1526.49,6.55,2,25.878952025562143,Low Risk,Risk to Failure,Normal,0.33,81.0,18.67,81.0,Routine Monitoring
MD01904,PET Scanner,UltraMed,Model-450,3,5,18851.2,29.57,3,51.353816980448464,High Risk,Risk to Failure,Failure,81.0,2.67,16.33,81.0,Inspect Immediately
MD04510,CT Scanner,RescueTech,Model-600,9,5,7113.5,4.48,1,25.537333058613587,Low Risk,Normal,Normal,0.33,81.0,18.67,81.0,Routine Monitoring
MD00667,Defibrillator,CardioSync,Model-450,5,3,4465.43,1.2,1,13.305840057669018,Low Risk,Normal,Normal,1.0,81.0,18.0,81.0,Routine Monitoring
MD03727,MRI Scanner,RescueTech,Model-550,11,5,3729.4,6.07,1,28.17686078259369,Medium Risk,Normal,Normal,2.67,81.0,16.33,81.0,Routine Monitoring
MD00766,MRI Scanner,ImagingTech,Model-150,6,3,3936.93,6.0,0,16.672489184098893,Low Risk,Normal,Normal,0.67,81.0,18.33,81.0,Routine Monitoring
MD01972,MRI Scanner,RescueTech,Model-200,11,1,2676.95,3.13,0,22.19459791360236,Low Risk,Normal,Normal,2.33,80.67,17.0,80.67,Routine Monitoring
MD01243,MRI Scanner,RescueTech,Model-550,3,5,1953.75,0.75,3,12.423991704008422,Low Risk,Risk to Failure,Normal,0.0,80.67,19.33,80.67,Routine Monitoring
MD02161,PET Scanner,ImagingTech,Model-500,9,4,3527.7,2.56,0,18.651556760837316,Low Risk,Normal,Normal,2.67,80.67,16.67,80.67,Routine Monitoring
MD03863,PET Scanner,RescueTech,Model-600,11,2,3411.42,4.85,0,24.31835424479849,Low Risk,Normal,Normal,0.33,80.67,19.0,80.67,Routine Monitoring
MD03802,Defibrillator,CardioSync,Model-150,12,2,5626.79,2.47,0,25.552232609142468,Low Risk,Normal,Normal,0.33,80.67,19.0,80.67,Routine Monitoring
MD02145,Infusion Pump,MedEquip,Model-500,2,5,22260.56,26.67,3,49.34089847449556,High Risk,Risk to Failure,Failure,80.67,1.67,17.67,80.67,Inspect Immediately
MD03999,MRI Scanner,RescueTech,Model-300,11,3,3119.6,2.01,1,23.98260073820411,Low Risk,Normal,Normal,1.33,80.67,18.0,80.67,Routine Monitoring
MD00776,MRI Scanner,ScanPro,Model-500,10,2,5682.86,2.44,1,24.429008515581785,Low Risk,Normal,Normal,4.0,80.67,15.33,80.67,Routine Monitoring
MD02791,Infusion Pump,ImagingTech,Model-600,3,2,7859.75,5.54,1,16.15097470012492,Low Risk,Normal,Normal,4.0,80.67,15.33,80.67,Routine Monitoring
MD03211,X-Ray Machine,CardioSync,Model-400,8,4,5816.81,4.44,0,20.23752265137016,Low Risk,Normal,Normal,0.0,80.67,19.33,80.67,Routine Monitoring
MD03913,Infusion Pump,MedEquip,Model-250,2,5,5336.24,5.91,1,12.836078769770644,Low Risk,Normal,Normal,1.0,80.67,18.33,80.67,Routine Monitoring
MD01733,CT Scanner,ImagingTech,Model-200,6,1,5612.3,7.47,0,19.250811843110892,Low Risk,Normal,Normal,4.0,80.67,15.33,80.67,Routine Monitoring
MD02518,X-Ray Machine,CardioSync,Model-550,10,3,6131.3,3.15,1,25.411500488110374,Low Risk,Normal,Normal,0.33,80.67,19.0,80.67,Routine Monitoring
MD04459,Infusion Pump,MedEquip,Model-650,11,2,18163.45,24.54,11,80.75228629419195,High Risk,Failure,Failure,80.67,1.33,18.0,80.67,Inspect Immediately
MD02180,CT Scanner,ScanPro,Model-350,10,5,19893.04,27.28,7,72.72495780614729,High Risk,Failure,Failure,80.67,2.67,16.67,80.67,Inspect Immediately
MD02033,MRI Scanner,UltraMed,Model-450,11,5,3625.71,4.34,0,24.003412686290133,Low Risk,Normal,Normal,0.0,80.67,19.33,80.67,Routine Monitoring
MD01430,Defibrillator,ScanPro,Model-450,9,4,7574.1,0.5,0,19.69678745308117,Low Risk,Normal,Normal,1.33,80.67,18.0,80.67,Routine Monitoring
MD03816,PET Scanner,ScanPro,Model-100,4,3,19082.53,24.41,5,53.57452072087834,High Risk,Failure,Failure,80.67,6.33,13.0,80.67,Inspect Immediately
MD05350,CT Scanner,ScanPro,Model-300,3,3,1894.96,2.34,0,6.34975724818295,Low Risk,Normal,Normal,1.0,80.67,18.33,80.67,Routine Monitoring
MD01645,CT Scanner,ImagingTech,Model-500,2,1,8583.52,3.98,0,10.919197248896594,Low Risk,Normal,Normal,1.0,80.67,18.33,80.67,Routine Monitoring
MD01819,X-Ray Machine,ImagingTech,Model-500,10,3,8653.06,4.08,0,25.60767858200688,Low Risk,Normal,Normal,2.33,80.67,17.0,80.67,Routine Monitoring
MD00449,PET Scanner,CardioSync,Model-100,5,5,4809.96,1.51,0,11.343171932272083,Low Risk,Normal,Normal,0.0,80.67,19.33,80.67,Routine Monitoring
MD00826,X-Ray Machine,RescueTech,Model-350,11,3,7990.21,1.46,2,29.523000887209417,Medium Risk,Risk to Failure,Normal,1.0,80.67,18.33,80.67,Routine Monitoring
MD02912,Defibrillator,UltraMed,Model-450,3,4,6545.75,3.57,2,15.874099719225388,Low Risk,Risk to Failure,Normal,3.67,80.67,15.67,80.67,Routine Monitoring
MD00037,Infusion Pump,UltraMed,Model-100,8,1,23510.11,15.15,4,53.01993497754524,High Risk,Failure,Failure,80.67,2.67,16.67,80.67,Inspect Immediately
MD00003,PET Scanner,ImagingTech,Model-400,11,1,2720.43,2.16,2,26.33033861212906,Low Risk,Risk to Failure,Normal,0.33,80.67,19.0,80.67,Routine Monitoring
MD03761,Defibrillator,ScanPro,Model-200,1,3,6674.58,1.93,1,8.316814795322575,Low Risk,Normal,Normal,2.67,80.67,16.67,80.67,Routine Monitoring
MD04726,MRI Scanner,CardioSync,Model-200,6,4,8078.47,2.9,0,16.8264414698436,Low Risk,Normal,Normal,1.33,80.67,18.0,80.67,Routine Monitoring
MD01039,X-Ray Machine,RescueTech,Model-600,7,5,1271.59,0.83,0,11.773633836394104,Low Risk,Normal,Normal,0.0,80.67,19.33,80.67,Routine Monitoring
MD02271,Defibrillator,CardioSync,Model-400,12,2,5883.98,7.4,0,30.293175701893222,Medium Risk,Normal,Normal,6.0,80.67,13.33,80.67,Routine Monitoring
MD05186,CT Scanner,ImagingTech,Model-450,4,1,5684.92,5.8,1,16.62486666243074,Low Risk,Normal,Normal,2.0,80.67,17.33,80.67,Routine Monitoring
MD01683,X-Ray Machine,ImagingTech,Model-200,10,5,933.06,5.93,0,21.692139802712603,Low Risk,Normal,Normal,1.33,80.67,18.0,80.67,Routine Monitoring
MD00333,MRI Scanner,ImagingTech,Model-600,9,5,1965.72,6.04,2,25.727886909141343,Low Risk,Risk to Failure,Normal,0.33,80.67,19.0,80.67,Routine Monitoring
MD02119,MRI Scanner,CardioSync,Model-550,5,1,4213.02,1.55,0,10.945226648166363,Low Risk,Normal,Normal,0.67,80.67,18.67,80.67,Routine Monitoring
MD02742,PET Scanner,UltraMed,Model-200,9,4,17424.05,25.98,2,55.40729386574437,High Risk,Risk to Failure,Failure,80.67,6.67,12.67,80.67,Inspect Immediately
MD02107,X-Ray Machine,ImagingTech,Model-350,8,5,2785.15,6.55,1,22.47774683491621,Low Risk,Normal,Normal,1.67,80.67,17.67,80.67,Routine Monitoring
MD02462,MRI Scanner,CardioSync,Model-500,4,5,3472.0,4.89,0,11.672161921165262,Low Risk,Normal,Normal,5.0,80.67,14.33,80.67,Routine Monitoring
MD01760,Defibrillator,RescueTech,Model-100,10,3,8405.52,6.55,2,32.708741211991324,Medium Risk,Risk to Failure,Normal,3.33,80.67,16.0,80.67,Routine Monitoring
MD05127,Infusion Pump,RescueTech,Model-150,3,4,2256.75,3.54,0,7.7217079549181,Low Risk,Normal,Normal,1.0,80.67,18.33,80.67,Routine Monitoring
MD01283,Infusion Pump,ImagingTech,Model-250,10,2,6636.75,9.43,0,29.080230618522613,Medium Risk,Normal,Risk to Failure,8.0,11.67,80.33,80.33,Schedule Preventive Maintenance
MD05273,Defibrillator,MedEquip,Model-550,5,5,7011.0,1.09,0,12.5587734135375,Low Risk,Normal,Normal,1.67,80.33,18.0,80.33,Routine Monitoring
MD02427,CT Scanner,RescueTech,Model-350,8,3,8386.65,5.87,1,25.93055132096743,Low Risk,Normal,Normal,1.67,80.33,18.0,80.33,Routine Monitoring
MD02136,MRI Scanner,ScanPro,Model-600,7,2,4791.03,6.76,1,22.314882350702845,Low Risk,Normal,Normal,9.67,80.33,10.0,80.33,Routine Monitoring
MD05385,PET Scanner,ScanPro,Model-200,4,5,1566.02,2.82,0,8.371644840063437,Low Risk,Normal,Normal,1.0,80.33,18.67,80.33,Routine Monitoring
MD04221,CT Scanner,CardioSync,Model-550,5,1,5080.97,6.19,2,20.863272035107173,Low Risk,Risk to Failure,Normal,0.33,80.33,19.33,80.33,Routine Monitoring
MD04241,Defibrillator,UltraMed,Model-550,6,3,4136.87,6.42,0,17.20608331021047,Low Risk,Normal,Normal,1.0,80.33,18.67,80.33,Routine Monitoring
MD03792,Infusion Pump,ScanPro,Model-550,9,4,3204.33,6.09,0,21.676438695619176,Low Risk,Normal,Normal,0.67,80.33,19.0,80.33,Routine Monitoring
MD00745,CT Scanner,CardioSync,Model-500,9,5,6037.93,3.88,0,21.69955653237909,Low Risk,Normal,Normal,1.67,80.33,18.0,80.33,Routine Monitoring
MD01222,X-Ray Machine,CardioSync,Model-150,5,2,3834.98,1.92,1,13.511560416342393,Low Risk,Normal,Normal,1.0,80.33,18.67,80.33,Routine Monitoring
MD04286,PET Scanner,ImagingTech,Model-150,11,5,3634.79,1.57,1,23.951530238230934,Low Risk,Normal,Normal,0.0,80.33,19.67,80.33,Routine Monitoring
MD01416,CT Scanner,UltraMed,Model-350,8,5,1532.7,7.17,0,19.637954502156443,Low Risk,Normal,Normal,4.0,80.33,15.67,80.33,Routine Monitoring
MD04051,MRI Scanner,RescueTech,Model-650,7,4,1434.46,2.48,0,13.416304950287824,Low Risk,Normal,Normal,7.67,80.33,12.0,80.33,Routine Monitoring
MD04425,CT Scanner,UltraMed,Model-100,3,1,4304.99,5.82,0,11.319831802711718,Low Risk,Normal,Normal,1.0,80.33,18.67,80.33,Routine Monitoring
MD03650,Defibrillator,CardioSync,Model-450,3,2,3489.59,0.6,0,5.904356592720895,Low Risk,Normal,Normal,0.0,80.33,19.67,80.33,Routine Monitoring
MD04371,PET Scanner,RescueTech,Model-650,6,5,25309.45,29.13,2,58.60701331811343,High Risk,Risk to Failure,Failure,80.33,7.33,12.33,80.33,Inspect Immediately
MD01481,PET Scanner,UltraMed,Model-350,6,2,8753.05,2.09,0,16.56974323858226,Low Risk,Normal,Normal,2.67,80.33,17.0,80.33,Routine Monitoring
MD02937,MRI Scanner,ImagingTech,Model-650,4,2,665.1,0.66,0,5.720220080626312,Low Risk,Normal,Normal,0.33,80.33,19.33,80.33,Routine Monitoring
MD03704,PET Scanner,ImagingTech,Model-500,8,4,8702.16,6.59,1,26.825435719638783,Low Risk,Normal,Normal,2.33,80.33,17.33,80.33,Routine Monitoring
MD00321,Defibrillator,MedEquip,Model-550,4,3,2188.98,4.65,2,15.515763328095083,Low Risk,Risk to Failure,Normal,0.0,80.33,19.67,80.33,Routine Monitoring
MD01437,CT Scanner,ImagingTech,Model-450,5,5,1930.63,5.5,0,12.930826904803777,Low Risk,Normal,Normal,0.0,80.33,19.67,80.33,Routine Monitoring
MD03482,Defibrillator,UltraMed,Model-250,3,3,4691.21,3.19,4,19.172019019160462,Low Risk,Failure,Normal,0.33,80.33,19.33,80.33,Routine Monitoring
MD00058,MRI Scanner,MedEquip,Model-200,2,4,687.12,5.72,0,6.773544083543778,Low Risk,Normal,Normal,1.67,80.33,18.0,80.33,Routine Monitoring
MD01233,CT Scanner,ScanPro,Model-550,3,4,26408.87,27.28,5,59.74468889165735,High Risk,Failure,Failure,80.33,7.0,12.67,80.33,Inspect Immediately
MD02674,Defibrillator,ScanPro,Model-650,7,5,7615.81,4.61,2,24.886993236632744,Low Risk,Risk to Failure,Normal,0.0,80.33,19.67,80.33,Routine Monitoring
MD00087,X-Ray Machine,ImagingTech,Model-150,9,4,1010.28,4.18,1,20.81383607108291,Low Risk,Normal,Normal,0.0,80.33,19.67,80.33,Routine Monitoring
MD02242,Infusion Pump,ImagingTech,Model-150,10,2,3311.46,6.7,0,24.136092008506985,Low Risk,Normal,Normal,2.0,80.33,17.67,80.33,Routine Monitoring
MD00298,MRI Scanner,RescueTech,Model-500,3,1,7021.24,7.41,3,22.267308389167084,Low Risk,Risk to Failure,Normal,5.33,80.33,14.33,80.33,Routine Monitoring
MD05311,Infusion Pump,CardioSync,Model-600,2,4,5268.21,5.52,0,9.926294925625475,Low Risk,Normal,Normal,1.67,80.33,18.0,80.33,Routine Monitoring
MD03062,MRI Scanner,MedEquip,Model-400,11,2,7065.66,6.59,2,33.587735253155145,Medium Risk,Risk to Failure,Normal,6.0,80.33,13.67,80.33,Routine Monitoring
MD03374,Infusion Pump,ImagingTech,Model-250,5,2,4291.8,7.57,0,16.56296538571815,Low Risk,Normal,Normal,0.0,80.33,19.67,80.33,Routine Monitoring
MD05093,MRI Scanner,RescueTech,Model-200,1,1,6009.02,1.25,0,4.703852876335835,Low Risk,Normal,Normal,1.67,80.33,18.0,80.33,Routine Monitoring
MD03751,X-Ray Machine,CardioSync,Model-350,3,1,8256.82,6.26,3,22.105278333332866,Low Risk,Risk to Failure,Normal,1.67,80.33,18.0,80.33,Routine Monitoring
MD04859,PET Scanner,ScanPro,Model-550,10,4,8896.98,4.76,0,26.4134614174967,Low Risk,Normal,Normal,3.33,80.33,16.33,80.33,Routine Monitoring
MD02582,Infusion Pump,CardioSync,Model-600,3,3,4675.93,6.55,1,14.764335295222155,Low Risk,Normal,Normal,6.67,80.33,13.0,80.33,Routine Monitoring
MD00208,CT Scanner,RescueTech,Model-650,10,1,3987.94,7.21,2,30.099989814540603,Medium Risk,Risk to Failure,Normal,3.33,80.33,16.33,80.33,Routine Monitoring
MD00653,Defibrillator,ScanPro,Model-600,11,4,604.01,0.89,1,21.115425088363384,Low Risk,Normal,Normal,0.33,80.33,19.33,80.33,Routine Monitoring
MD01135,Defibrillator,CardioSync,Model-350,2,1,7454.28,3.65,0,9.791704538350483,Low Risk,Normal,Normal,3.33,80.33,16.33,80.33,Routine Monitoring
MD03259,MRI Scanner,RescueTech,Model-150,5,1,1462.36,6.55,0,13.559503866238112,Low Risk,Normal,Normal,2.0,80.33,17.67,80.33,Routine Monitoring
MD00212,Infusion Pump,ImagingTech,Model-500,9,1,1557.07,5.5,0,19.931403009636377,Low Risk,Normal,Normal,0.67,80.33,19.0,80.33,Routine Monitoring
MD03801,Infusion Pump,ScanPro,Model-500,11,1,4259.05,6.12,0,26.1089110914224,Low Risk,Normal,Normal,0.67,80.33,19.0,80.33,Routine Monitoring
MD04749,Infusion Pump,CardioSync,Model-200,2,3,865.38,6.37,0,7.503782015782855,Low Risk,Normal,Normal,1.67,80.33,18.0,80.33,Routine Monitoring
MD02458,Defibrillator,CardioSync,Model-100,12,2,8447.97,5.75,1,33.13711486127626,Medium Risk,Normal,Normal,1.0,80.33,18.67,80.33,Routine Monitoring
MD04447,CT Scanner,MedEquip,Model-400,10,3,4033.47,3.02,0,21.263086076770445,Low Risk,Normal,Normal,1.0,80.33,18.67,80.33,Routine Monitoring
MD04963,X-Ray Machine,CardioSync,Model-350,8,1,1187.47,0.64,0,13.355038762114916,Low Risk,Normal,Normal,0.33,80.33,19.33,80.33,Routine Monitoring
MD01026,MRI Scanner,RescueTech,Model-600,10,2,2524.56,2.27,1,21.97105982099479,Low Risk,Normal,Normal,2.33,80.33,17.33,80.33,Routine Monitoring
MD04707,Defibrillator,MedEquip,Model-250,11,4,7661.03,4.06,0,26.684659891561413,Low Risk,Normal,Normal,6.67,80.33,13.0,80.33,Routine Monitoring
MD02998,PET Scanner,CardioSync,Model-350,2,2,8599.06,1.25,0,8.408966943403815,Low Risk,Normal,Normal,1.0,80.33,18.67,80.33,Routine Monitoring
MD00922,MRI Scanner,ScanPro,Model-600,6,2,3595.71,4.16,1,17.224391417195086,Low Risk,Normal,Normal,12.67,80.33,7.0,80.33,Routine Monitoring
MD04093,CT Scanner,CardioSync,Model-550,6,2,3602.18,7.12,1,19.963095180077055,Low Risk,Normal,Normal,1.0,80.33,18.67,80.33,Routine Monitoring
MD01943,X-Ray Machine,ImagingTech,Model-550,6,1,6886.12,3.89,0,16.872182800059548,Low Risk,Normal,Normal,1.33,80.33,18.33,80.33,Routine Monitoring
MD00517,Defibrillator,CardioSync,Model-650,1,4,1191.66,5.22,1,7.361114158881538,Low Risk,Normal,Normal,2.33,80.0,17.67,80.0,Routine Monitoring
MD02163,Defibrillator,UltraMed,Model-200,7,4,8915.39,4.47,1,23.20447113137191,Low Risk,Normal,Normal,3.0,80.0,17.0,80.0,Routine Monitoring
MD04045,PET Scanner,ScanPro,Model-500,7,1,3842.61,3.48,0,16.094369466773426,Low Risk,Normal,Normal,1.67,80.0,18.33,80.0,Routine Monitoring
MD04908,PET Scanner,MedEquip,Model-550,11,4,3616.45,5.18,0,24.772528530245733,Low Risk,Normal,Normal,0.33,80.0,19.67,80.0,Routine Monitoring
MD01464,X-Ray Machine,ImagingTech,Model-600,4,4,2495.08,4.92,0,10.988151827565098,Low Risk,Normal,Normal,0.0,80.0,20.0,80.0,Routine Monitoring
MD04966,CT Scanner,ImagingTech,Model-600,3,2,2505.77,5.98,1,12.656822077448304,Low Risk,Normal,Normal,4.33,80.0,15.67,80.0,Routine Monitoring
MD03515,CT Scanner,ImagingTech,Model-100,8,3,3208.44,4.31,0,18.217162482302037,Low Risk,Normal,Normal,0.33,80.0,19.67,80.0,Routine Monitoring
MD01863,Defibrillator,MedEquip,Model-500,3,1,7089.52,1.6,1,11.950673381595166,Low Risk,Normal,Normal,2.0,80.0,18.0,80.0,Routine Monitoring
MD03478,CT Scanner,UltraMed,Model-550,10,2,2601.29,6.44,0,23.37856122144443,Low Risk,Normal,Normal,0.33,80.0,19.67,80.0,Routine Monitoring
MD01128,PET Scanner,RescueTech,Model-200,3,5,1577.69,1.42,0,5.268861565599897,Low Risk,Normal,Normal,1.67,80.0,18.33,80.0,Routine Monitoring
MD05126,X-Ray Machine,CardioSync,Model-100,3,5,7647.33,3.74,1,14.333657927592425,Low Risk,Normal,Normal,1.0,80.0,19.0,80.0,Routine Monitoring
MD02299,Infusion Pump,CardioSync,Model-250,4,5,4903.02,6.83,0,14.506580593286154,Low Risk,Normal,Normal,1.33,80.0,18.67,80.0,Routine Monitoring
MD01065,CT Scanner,MedEquip,Model-250,12,2,3006.07,1.86,0,23.07952529125314,Low Risk,Normal,Normal,0.33,80.0,19.67,80.0,Routine Monitoring
MD03212,Infusion Pump,MedEquip,Model-100,8,1,6096.11,3.34,0,19.424992350478448,Low Risk,Normal,Normal,0.33,80.0,19.67,80.0,Routine Monitoring
MD02373,Infusion Pump,ImagingTech,Model-250,3,4,2760.85,3.22,1,10.293395451105074,Low Risk,Normal,Normal,0.33,80.0,19.67,80.0,Routine Monitoring
MD00118,Infusion Pump,ImagingTech,Model-450,6,3,6244.23,7.07,0,19.34173621724773,Low Risk,Normal,Normal,3.67,80.0,16.33,80.0,Routine Monitoring
MD04469,PET Scanner,ImagingTech,Model-300,8,5,3796.3,6.25,1,22.937310411511284,Low Risk,Normal,Normal,0.67,80.0,19.33,80.0,Routine Monitoring
MD01960,CT Scanner,MedEquip,Model-400,2,2,7475.26,2.27,1,11.032358640183537,Low Risk,Normal,Normal,2.0,80.0,18.0,80.0,Routine Monitoring
MD01238,Defibrillator,RescueTech,Model-300,6,5,5733.8,4.88,0,16.947087347030028,Low Risk,Normal,Normal,0.67,80.0,19.33,80.0,Routine Monitoring
MD01088,CT Scanner,MedEquip,Model-650,5,4,1556.7,5.59,0,12.741534258140051,Low Risk,Normal,Normal,0.33,80.0,19.67,80.0,Routine Monitoring
MD02618,Defibrillator,RescueTech,Model-650,5,1,4923.35,2.35,1,14.701642473578262,Low Risk,Normal,Normal,1.33,80.0,18.67,80.0,Routine Monitoring
MD05077,CT Scanner,ImagingTech,Model-200,4,5,8660.95,4.07,0,14.695099353118774,Low Risk,Normal,Normal,3.67,80.0,16.33,80.0,Routine Monitoring
MD03969,CT Scanner,ScanPro,Model-350,10,1,6852.29,2.15,0,22.5131209098032,Low Risk,Normal,Normal,6.67,80.0,13.33,80.0,Routine Monitoring
MD04127,CT Scanner,RescueTech,Model-550,3,2,23701.0,30.87,2,53.58780017889645,High Risk,Risk to Failure,Failure,80.0,2.33,17.67,80.0,Inspect Immediately
MD02968,MRI Scanner,CardioSync,Model-550,4,2,6084.67,6.68,1,17.728906018039385,Low Risk,Normal,Normal,2.0,80.0,18.0,80.0,Routine Monitoring
MD00396,CT Scanner,MedEquip,Model-550,5,3,1180.03,2.91,0,9.991747891320234,Low Risk,Normal,Normal,0.33,80.0,19.67,80.0,Routine Monitoring
MD02908,Defibrillator,ScanPro,Model-100,6,5,3623.81,1.81,1,15.074296720647654,Low Risk,Normal,Normal,0.0,80.0,20.0,80.0,Routine Monitoring
MD03580,X-Ray Machine,ScanPro,Model-600,4,1,6023.91,3.68,1,14.913704330493331,Low Risk,Normal,Normal,1.67,80.0,18.33,80.0,Routine Monitoring
MD02599,Defibrillator,ImagingTech,Model-550,12,2,873.24,4.69,0,24.139602337054228,Low Risk,Normal,Normal,2.0,80.0,18.0,80.0,Routine Monitoring
MD00725,CT Scanner,MedEquip,Model-150,7,4,2353.38,5.41,2,21.792050218606967,Low Risk,Risk to Failure,Normal,0.0,80.0,20.0,80.0,Routine Monitoring
MD03955,X-Ray Machine,MedEquip,Model-200,11,2,2468.96,4.04,1,25.383587364505136,Low Risk,Normal,Normal,0.0,80.0,20.0,80.0,Routine Monitoring
MD04739,MRI Scanner,UltraMed,Model-150,12,1,2845.72,2.04,1,25.62896101904625,Low Risk,Normal,Normal,0.0,80.0,20.0,80.0,Routine Monitoring
MD04560,Defibrillator,ImagingTech,Model-500,11,5,2478.09,6.55,1,27.708588633787247,Medium Risk,Normal,Normal,1.33,80.0,18.67,80.0,Routine Monitoring
MD01905,MRI Scanner,UltraMed,Model-650,4,1,7140.51,6.55,0,15.878047484348,Low Risk,Normal,Normal,1.67,80.0,18.33,80.0,Routine Monitoring
MD04832,X-Ray Machine,RescueTech,Model-250,6,3,3419.61,0.95,0,11.631195098731212,Low Risk,Normal,Normal,0.33,80.0,19.67,80.0,Routine Monitoring
MD02933,MRI Scanner,UltraMed,Model-250,10,1,2977.99,0.68,1,20.83280294182174,Low Risk,Normal,Normal,2.0,80.0,18.0,80.0,Routine Monitoring
MD01746,PET Scanner,RescueTech,Model-500,3,2,1777.52,6.28,1,12.403360774644332,Low Risk,Normal,Normal,1.33,80.0,18.67,80.0,Routine Monitoring
MD04180,CT Scanner,ScanPro,Model-450,3,3,24329.37,23.79,4,52.50618023301169,High Risk,Failure,Failure,80.0,4.0,16.0,80.0,Inspect Immediately
MD02960,X-Ray Machine,MedEquip,Model-400,3,1,8330.42,2.18,0,10.890425530679453,Low Risk,Normal,Normal,0.67,80.0,19.33,80.0,Routine Monitoring
MD03784,Defibrillator,RescueTech,Model-150,2,2,7854.29,4.33,0,10.71120424876449,Low Risk,Normal,Normal,5.0,80.0,15.0,80.0,Routine Monitoring
MD05213,CT Scanner,UltraMed,Model-300,6,1,13425.5,10.17,2,32.4368361998119,Medium Risk,Risk to Failure,Risk to Failure,11.33,8.67,80.0,80.0,Schedule Preventive Maintenance
MD04660,Infusion Pump,MedEquip,Model-450,8,2,8546.76,5.84,0,23.519487543039475,Low Risk,Normal,Normal,0.67,80.0,19.33,80.0,Routine Monitoring
MD05099,Defibrillator,UltraMed,Model-250,9,4,1974.38,7.21,0,21.81486103837079,Low Risk,Normal,Normal,4.33,80.0,15.67,80.0,Routine Monitoring
MD01589,X-Ray Machine,RescueTech,Model-600,3,4,3942.59,7.65,0,12.746082010422422,Low Risk,Normal,Normal,3.33,80.0,16.67,80.0,Routine Monitoring
MD03223,CT Scanner,RescueTech,Model-150,5,1,2681.22,7.29,0,15.130982376789502,Low Risk,Normal,Normal,2.33,80.0,17.67,80.0,Routine Monitoring
MD01388,Defibrillator,CardioSync,Model-150,6,2,20757.76,26.58,6,62.93565674562935,High Risk,Failure,Failure,80.0,8.33,11.67,80.0,Inspect Immediately
MD02152,PET Scanner,CardioSync,Model-500,2,2,7011.0,1.05,0,7.067282146184163,Low Risk,Normal,Normal,0.33,79.67,20.0,79.67,Routine Monitoring
MD03165,X-Ray Machine,MedEquip,Model-350,1,3,22972.81,31.63,1,47.62289579906057,Medium Risk,Normal,Failure,79.67,3.0,17.33,79.67,Inspect Immediately
MD01602,X-Ray Machine,RescueTech,Model-150,8,1,4588.66,6.55,0,21.29166522234988,Low Risk,Normal,Normal,0.67,79.67,19.67,79.67,Routine Monitoring
MD01623,X-Ray Machine,RescueTech,Model-650,1,3,2195.4,4.47,0,4.899638904311968,Low Risk,Normal,Normal,1.33,79.67,19.0,79.67,Routine Monitoring
MD02906,PET Scanner,RescueTech,Model-600,4,3,3439.95,2.24,1,11.701152307354992,Low Risk,Normal,Normal,5.0,79.67,15.33,79.67,Routine Monitoring
MD01114,PET Scanner,UltraMed,Model-100,9,3,3168.44,7.0,1,24.99080885107992,Low Risk,Normal,Normal,1.33,79.67,19.0,79.67,Routine Monitoring
MD01101,Infusion Pump,RescueTech,Model-350,3,3,2431.4,6.59,0,10.66606464782384,Low Risk,Normal,Normal,2.67,79.67,17.67,79.67,Routine Monitoring
MD01682,X-Ray Machine,ImagingTech,Model-650,4,4,8434.52,1.06,3,19.24996498155077,Low Risk,Risk to Failure,Normal,1.67,79.67,18.67,79.67,Routine Monitoring
MD00869,Defibrillator,UltraMed,Model-400,9,2,5855.69,5.77,0,23.31247814804748,Low Risk,Normal,Normal,0.33,79.67,20.0,79.67,Routine Monitoring
MD01358,X-Ray Machine,ImagingTech,Model-300,3,3,667.8,5.58,1,10.948340279663496,Low Risk,Normal,Normal,0.33,79.67,20.0,79.67,Routine Monitoring
MD01131,Infusion Pump,CardioSync,Model-600,4,1,7054.28,6.03,1,17.83493042944325,Low Risk,Normal,Normal,3.67,79.67,16.67,79.67,Routine Monitoring
MD01977,X-Ray Machine,RescueTech,Model-250,5,2,7351.76,4.76,0,16.19680699075346,Low Risk,Normal,Normal,0.33,79.67,20.0,79.67,Routine Monitoring
MD03265,MRI Scanner,ScanPro,Model-200,4,2,6214.77,3.06,1,14.480092234713368,Low Risk,Normal,Normal,3.33,79.67,17.0,79.67,Routine Monitoring
MD03080,PET Scanner,UltraMed,Model-300,11,5,8258.5,5.04,0,28.025109525297843,Medium Risk,Normal,Normal,4.0,79.67,16.33,79.67,Routine Monitoring
MD02153,PET Scanner,RescueTech,Model-150,4,2,3781.63,1.47,0,8.738870914192955,Low Risk,Normal,Normal,0.0,79.67,20.33,79.67,Routine Monitoring
MD02833,MRI Scanner,ScanPro,Model-500,7,3,6664.27,1.03,0,15.88711373050696,Low Risk,Normal,Normal,0.67,79.67,19.67,79.67,Routine Monitoring
MD01146,Defibrillator,UltraMed,Model-650,11,2,8901.7,1.96,0,25.6488750196934,Low Risk,Normal,Normal,1.33,79.67,19.0,79.67,Routine Monitoring
MD04971,Defibrillator,RescueTech,Model-500,8,1,4474.62,2.05,1,19.55217926201059,Low Risk,Normal,Normal,0.67,79.67,19.67,79.67,Routine Monitoring
MD01578,PET Scanner,CardioSync,Model-200,5,1,2220.36,1.41,0,9.364195706334293,Low Risk,Normal,Normal,0.33,79.67,20.0,79.67,Routine Monitoring
MD05221,MRI Scanner,ImagingTech,Model-150,5,1,4872.5,6.8,0,16.274818193622032,Low Risk,Normal,Normal,1.67,79.67,18.67,79.67,Routine Monitoring
MD02858,Defibrillator,RescueTech,Model-500,11,5,7623.24,4.55,0,27.10971479790453,Medium Risk,Normal,Normal,2.0,79.67,18.33,79.67,Routine Monitoring
MD00024,PET Scanner,MedEquip,Model-150,3,1,7853.91,2.09,0,10.460143706777956,Low Risk,Normal,Normal,1.0,79.67,19.33,79.67,Routine Monitoring
MD01147,Infusion Pump,MedEquip,Model-150,4,4,6597.83,1.62,0,10.929115214698616,Low Risk,Normal,Normal,1.0,79.67,19.33,79.67,Routine Monitoring
MD02571,X-Ray Machine,ImagingTech,Model-100,9,4,2859.45,2.8,2,23.38638877992249,Low Risk,Risk to Failure,Normal,0.0,79.67,20.33,79.67,Routine Monitoring
MD00503,Defibrillator,ImagingTech,Model-150,6,4,552.04,6.28,0,14.465102360382732,Low Risk,Normal,Normal,0.67,79.67,19.67,79.67,Routine Monitoring
MD05499,Infusion Pump,ScanPro,Model-650,12,2,2616.83,1.13,1,24.62168962620691,Low Risk,Normal,Normal,0.33,79.67,20.0,79.67,Routine Monitoring
MD04558,Infusion Pump,ImagingTech,Model-200,2,5,2632.7,3.27,0,5.928034264481608,Low Risk,Normal,Normal,0.33,79.67,20.0,79.67,Routine Monitoring
MD03824,Infusion Pump,ScanPro,Model-450,6,5,3023.25,0.88,0,11.277778182804376,Low Risk,Normal,Normal,0.33,79.67,20.0,79.67,Routine Monitoring
MD00751,MRI Scanner,RescueTech,Model-500,2,3,3527.41,4.7,1,10.400673743920938,Low Risk,Normal,Normal,2.0,79.67,18.33,79.67,Routine Monitoring
MD01172,PET Scanner,UltraMed,Model-250,7,4,4286.81,4.1,0,16.99064437624648,Low Risk,Normal,Normal,2.67,79.67,17.67,79.67,Routine Monitoring
MD02121,X-Ray Machine,ScanPro,Model-400,8,3,20134.04,32.52,5,69.10407234603841,High Risk,Failure,Failure,79.67,7.67,12.67,79.67,Inspect Immediately
MD03317,PET Scanner,RescueTech,Model-300,4,1,6785.4,5.98,2,20.09285993657956,Low Risk,Risk to Failure,Normal,1.0,79.67,19.33,79.67,Routine Monitoring
MD03412,MRI Scanner,UltraMed,Model-400,8,1,8338.76,2.47,1,22.75526773815872,Low Risk,Normal,Normal,1.33,79.67,19.0,79.67,Routine Monitoring
MD05353,X-Ray Machine,ScanPro,Model-650,12,5,6254.41,3.74,0,27.18250468638928,Medium Risk,Normal,Normal,1.33,79.67,19.0,79.67,Routine Monitoring
MD04475,Infusion Pump,CardioSync,Model-200,9,1,4622.05,3.38,0,20.20621712637976,Low Risk,Normal,Normal,0.0,79.33,20.67,79.33,Routine Monitoring
MD02020,MRI Scanner,CardioSync,Model-300,6,3,5095.31,4.62,0,16.241777878402765,Low Risk,Normal,Normal,1.0,79.33,19.67,79.33,Routine Monitoring
MD04536,CT Scanner,ScanPro,Model-150,9,1,6327.01,6.31,2,29.15461927448241,Medium Risk,Risk to Failure,Normal,1.67,79.33,19.0,79.33,Routine Monitoring
MD05433,X-Ray Machine,MedEquip,Model-550,4,3,8791.01,6.09,0,16.65561603434335,Low Risk,Normal,Normal,3.0,79.33,17.67,79.33,Routine Monitoring
MD02276,MRI Scanner,RescueTech,Model-150,7,3,8521.63,3.84,0,19.83570702458244,Low Risk,Normal,Normal,2.0,79.33,18.67,79.33,Routine Monitoring
MD04973,Infusion Pump,UltraMed,Model-550,8,4,8751.92,3.66,0,21.65540678421452,Low Risk,Normal,Normal,1.0,79.33,19.67,79.33,Routine Monitoring
MD00465,X-Ray Machine,RescueTech,Model-450,7,4,2760.56,2.46,0,14.363941005617267,Low Risk,Normal,Normal,2.0,79.33,18.67,79.33,Routine Monitoring
MD00565,Infusion Pump,ScanPro,Model-350,1,4,1221.61,4.69,0,4.393401733026675,Low Risk,Normal,Normal,2.0,79.33,18.67,79.33,Routine Monitoring
MD02097,MRI Scanner,ImagingTech,Model-250,6,4,2677.59,3.4,1,15.85353932091821,Low Risk,Normal,Normal,2.0,79.33,18.67,79.33,Routine Monitoring
MD00603,X-Ray Machine,ImagingTech,Model-200,7,4,5116.59,6.55,0,19.85809836847536,Low Risk,Normal,Normal,2.0,79.33,18.67,79.33,Routine Monitoring
MD01034,Infusion Pump,UltraMed,Model-250,7,5,7011.0,0.54,0,15.68713212379276,Low Risk,Normal,Normal,1.67,79.33,19.0,79.33,Routine Monitoring
MD02870,Infusion Pump,UltraMed,Model-600,7,5,3939.44,1.32,0,14.1698395241446,Low Risk,Normal,Normal,0.33,79.33,20.33,79.33,Routine Monitoring
MD05002,Defibrillator,RescueTech,Model-250,5,5,1039.19,5.11,1,14.421160864609377,Low Risk,Normal,Normal,1.67,79.33,19.0,79.33,Routine Monitoring
MD00693,X-Ray Machine,UltraMed,Model-550,2,2,1854.49,6.5,0,8.34445619029823,Low Risk,Normal,Normal,0.67,79.33,20.0,79.33,Routine Monitoring
MD03734,Defibrillator,CardioSync,Model-550,8,3,6056.97,1.37,1,20.07689624821207,Low Risk,Normal,Normal,1.33,79.33,19.33,79.33,Routine Monitoring
MD01984,Defibrillator,ScanPro,Model-150,10,5,24037.24,22.7,7,71.51385291848919,High Risk,Failure,Failure,79.33,3.67,17.0,79.33,Inspect Immediately
MD02976,Defibrillator,MedEquip,Model-350,3,3,1651.07,0.69,1,7.148060308122546,Low Risk,Normal,Normal,0.0,79.33,20.67,79.33,Routine Monitoring
MD03295,X-Ray Machine,ScanPro,Model-550,4,1,6798.37,7.41,0,16.423121830679328,Low Risk,Normal,Normal,1.67,79.33,19.0,79.33,Routine Monitoring
MD01958,Infusion Pump,ImagingTech,Model-450,10,4,4843.71,3.51,0,22.305959686694564,Low Risk,Normal,Normal,0.0,79.33,20.67,79.33,Routine Monitoring
MD00612,MRI Scanner,ImagingTech,Model-500,7,2,12983.28,12.1,3,38.21548117237946,Medium Risk,Risk to Failure,Risk to Failure,8.0,12.67,79.33,79.33,Schedule Preventive Maintenance
MD04389,CT Scanner,RescueTech,Model-300,12,3,4291.43,6.71,0,28.495633580034628,Medium Risk,Normal,Normal,0.33,79.33,20.33,79.33,Routine Monitoring
MD00042,PET Scanner,ImagingTech,Model-400,10,4,1967.27,3.23,0,19.95175460529791,Low Risk,Normal,Normal,0.33,79.33,20.33,79.33,Routine Monitoring
MD02233,CT Scanner,RescueTech,Model-100,4,3,4898.72,7.14,1,17.289777946268334,Low Risk,Normal,Normal,0.67,79.33,20.0,79.33,Routine Monitoring
MD03916,MRI Scanner,MedEquip,Model-200,11,3,4357.4,7.18,1,29.65962645153595,Medium Risk,Normal,Normal,2.0,79.33,18.67,79.33,Routine Monitoring
MD03420,MRI Scanner,MedEquip,Model-400,2,1,2437.31,1.51,1,6.660070239089484,Low Risk,Normal,Normal,1.33,79.33,19.33,79.33,Routine Monitoring
MD03033,PET Scanner,MedEquip,Model-600,7,4,783.62,2.9,1,15.830076904267935,Low Risk,Normal,Normal,0.33,79.33,20.33,79.33,Routine Monitoring
MD04360,X-Ray Machine,CardioSync,Model-450,10,3,7807.11,2.97,1,26.46612892376533,Low Risk,Normal,Normal,0.33,79.33,20.33,79.33,Routine Monitoring
MD00874,PET Scanner,MedEquip,Model-200,7,3,7011.0,6.13,0,20.85030946369424,Low Risk,Normal,Normal,0.0,79.33,20.67,79.33,Routine Monitoring
MD04348,MRI Scanner,UltraMed,Model-550,8,3,4086.1,6.3,0,20.69462183603885,Low Risk,Normal,Normal,1.33,79.33,19.33,79.33,Routine Monitoring
MD04622,Defibrillator,ScanPro,Model-300,6,1,533.25,3.39,1,14.282078230808487,Low Risk,Normal,Normal,0.33,79.33,20.33,79.33,Routine Monitoring
MD01239,PET Scanner,CardioSync,Model-450,3,4,5732.34,7.9,0,14.280887099812851,Low Risk,Normal,Normal,1.0,79.33,19.67,79.33,Routine Monitoring
MD02142,PET Scanner,RescueTech,Model-400,6,1,1995.16,1.84,0,11.415479151268512,Low Risk,Normal,Normal,0.33,79.33,20.33,79.33,Routine Monitoring
MD03818,Infusion Pump,ScanPro,Model-650,11,1,8035.53,5.83,0,28.5923480981821,Medium Risk,Normal,Normal,2.0,79.33,18.67,79.33,Routine Monitoring
MD03895,PET Scanner,ScanPro,Model-550,3,3,4337.0,3.68,0,9.366551191417416,Low Risk,Normal,Normal,0.33,79.0,20.67,79.0,Routine Monitoring
MD03807,Defibrillator,CardioSync,Model-400,3,1,1356.57,5.92,0,9.264172064349136,Low Risk,Normal,Normal,0.67,79.0,20.33,79.0,Routine Monitoring
MD03372,MRI Scanner,UltraMed,Model-150,6,5,9621.8,10.55,5,37.516696575890464,Medium Risk,Failure,Risk to Failure,6.0,15.0,79.0,79.0,Schedule Preventive Maintenance
MD04582,PET Scanner,ImagingTech,Model-250,11,5,1726.91,6.69,0,24.790638794710997,Low Risk,Normal,Normal,0.33,79.0,20.67,79.0,Routine Monitoring
MD00934,PET Scanner,ImagingTech,Model-450,8,1,4922.55,3.69,0,18.893289829973074,Low Risk,Normal,Normal,1.33,79.0,19.67,79.0,Routine Monitoring
MD04829,PET Scanner,ImagingTech,Model-100,5,2,6127.82,6.1,0,16.542809793398703,Low Risk,Normal,Normal,4.67,79.0,16.33,79.0,Routine Monitoring
MD00429,PET Scanner,CardioSync,Model-150,12,1,4407.67,3.11,2,30.255195221618223,Medium Risk,Risk to Failure,Normal,0.0,79.0,21.0,79.0,Routine Monitoring
MD03652,PET Scanner,CardioSync,Model-400,7,5,18888.62,16.56,6,54.13718038037882,High Risk,Failure,Failure,79.0,4.0,17.0,79.0,Inspect Immediately
MD00861,CT Scanner,ScanPro,Model-500,5,2,27923.75,25.64,3,57.969915816615256,High Risk,Risk to Failure,Failure,79.0,2.0,19.0,79.0,Inspect Immediately
MD02753,Infusion Pump,RescueTech,Model-550,11,1,5692.43,6.09,1,29.625467823038417,Medium Risk,Normal,Normal,0.67,79.0,20.33,79.0,Routine Monitoring
MD04259,MRI Scanner,MedEquip,Model-400,2,3,4066.94,3.85,0,7.508641180673604,Low Risk,Normal,Normal,2.0,79.0,19.0,79.0,Routine Monitoring
MD04119,MRI Scanner,ScanPro,Model-650,10,5,6980.1,0.59,1,23.66534814318107,Low Risk,Normal,Normal,0.0,79.0,21.0,79.0,Routine Monitoring
MD03939,X-Ray Machine,ScanPro,Model-550,12,5,7600.16,2.93,0,27.41477663222363,Medium Risk,Normal,Normal,1.0,79.0,20.0,79.0,Routine Monitoring
MD01870,X-Ray Machine,MedEquip,Model-200,10,3,7479.73,3.36,0,24.087843131714887,Low Risk,Normal,Normal,0.0,79.0,21.0,79.0,Routine Monitoring
MD00555,Defibrillator,ScanPro,Model-400,11,1,4776.43,2.33,1,25.48522425828931,Low Risk,Normal,Normal,1.0,79.0,20.0,79.0,Routine Monitoring
MD00618,Defibrillator,RescueTech,Model-350,5,4,17442.03,20.73,4,48.29852770363254,High Risk,Failure,Failure,79.0,1.67,19.33,79.0,Inspect Immediately
MD01773,CT Scanner,MedEquip,Model-150,3,5,4418.65,2.91,1,11.214829097463934,Low Risk,Normal,Normal,0.67,79.0,20.33,79.0,Routine Monitoring
MD02684,PET Scanner,CardioSync,Model-250,9,4,5063.53,3.59,2,25.721815842042115,Low Risk,Risk to Failure,Normal,1.0,79.0,20.0,79.0,Routine Monitoring
MD02747,MRI Scanner,UltraMed,Model-250,6,3,21440.37,31.52,8,72.99576923366834,High Risk,Failure,Failure,79.0,2.67,18.33,79.0,Inspect Immediately
MD00278,X-Ray Machine,MedEquip,Model-200,8,2,6543.13,4.05,0,20.406449804700983,Low Risk,Normal,Normal,1.0,79.0,20.0,79.0,Routine Monitoring
MD02390,CT Scanner,RescueTech,Model-500,6,1,8108.32,3.22,1,19.643754712754397,Low Risk,Normal,Normal,0.67,79.0,20.33,79.0,Routine Monitoring
MD04388,Infusion Pump,ImagingTech,Model-650,5,4,961.39,6.64,0,13.277658257883257,Low Risk,Normal,Normal,1.67,79.0,19.33,79.0,Routine Monitoring
MD00615,Defibrillator,ScanPro,Model-150,8,4,8526.0,2.63,0,20.539461698986024,Low Risk,Normal,Normal,3.0,79.0,18.0,79.0,Routine Monitoring
MD01145,PET Scanner,CardioSync,Model-400,2,1,14499.17,31.33,6,55.49064902193549,High Risk,Failure,Failure,79.0,3.67,17.33,79.0,Inspect Immediately
MD02541,MRI Scanner,CardioSync,Model-300,10,1,27520.34,22.08,6,70.97874965928047,High Risk,Failure,Failure,79.0,0.67,20.33,79.0,Inspect Immediately
MD05163,Defibrillator,MedEquip,Model-350,2,5,1764.25,1.94,0,4.06689062038384,Low Risk,Normal,Normal,1.0,79.0,20.0,79.0,Routine Monitoring
MD00632,Defibrillator,ImagingTech,Model-500,7,2,4603.01,5.89,2,23.874331956001328,Low Risk,Risk to Failure,Normal,2.0,79.0,19.0,79.0,Routine Monitoring
MD03533,X-Ray Machine,ScanPro,Model-550,6,3,16308.36,18.05,0,36.8154229031039,Medium Risk,Normal,Failure,79.0,3.33,17.67,79.0,Inspect Immediately
MD03848,Defibrillator,MedEquip,Model-150,5,3,2832.41,6.58,0,14.585341257683874,Low Risk,Normal,Normal,3.33,79.0,17.67,79.0,Routine Monitoring
MD01167,Defibrillator,MedEquip,Model-250,12,5,2108.4,5.13,0,25.445862356045605,Low Risk,Normal,Normal,1.33,79.0,19.67,79.0,Routine Monitoring
MD01471,X-Ray Machine,UltraMed,Model-600,6,5,6209.78,6.55,3,26.336342653813126,Low Risk,Risk to Failure,Normal,4.0,79.0,17.0,79.0,Routine Monitoring
MD03823,Defibrillator,ImagingTech,Model-100,7,4,4274.74,6.35,0,19.06005294108835,Low Risk,Normal,Normal,0.33,79.0,20.67,79.0,Routine Monitoring
MD00280,PET Scanner,ScanPro,Model-450,8,5,5072.92,4.59,1,22.33412027848964,Low Risk,Normal,Normal,0.67,79.0,20.33,79.0,Routine Monitoring
MD02395,MRI Scanner,CardioSync,Model-600,7,5,5065.47,4.54,1,20.464328615861263,Low Risk,Normal,Normal,0.33,79.0,20.67,79.0,Routine Monitoring
MD01827,Defibrillator,UltraMed,Model-600,7,3,7895.31,3.34,0,18.91758893811121,Low Risk,Normal,Normal,2.0,79.0,19.0,79.0,Routine Monitoring
MD02940,MRI Scanner,CardioSync,Model-600,10,2,5816.93,0.65,0,20.3733579482692,Low Risk,Normal,Normal,0.0,79.0,21.0,79.0,Routine Monitoring
MD01562,MRI Scanner,CardioSync,Model-450,6,5,8883.55,3.19,1,20.180826780193627,Low Risk,Normal,Normal,5.33,79.0,15.67,79.0,Routine Monitoring
MD03763,PET Scanner,CardioSync,Model-500,2,3,7342.5,2.01,0,8.195490680656214,Low Risk,Normal,Normal,0.67,79.0,20.33,79.0,Routine Monitoring
MD04494,Infusion Pump,ImagingTech,Model-450,8,3,5557.28,7.86,0,23.207313212661784,Low Risk,Normal,Normal,3.67,79.0,17.33,79.0,Routine Monitoring
MD02923,Defibrillator,CardioSync,Model-400,5,4,5054.29,4.2,0,14.005780560305489,Low Risk,Normal,Normal,0.33,78.67,21.0,78.67,Routine Monitoring
MD04951,X-Ray Machine,ScanPro,Model-200,10,3,26499.3,22.07,5,67.72565083198282,High Risk,Failure,Failure,78.67,1.0,20.33,78.67,Inspect Immediately
MD04804,Infusion Pump,MedEquip,Model-100,6,3,759.04,0.73,1,11.989677375087505,Low Risk,Normal,Normal,0.33,78.67,21.0,78.67,Routine Monitoring
MD04602,MRI Scanner,UltraMed,Model-100,9,2,19876.67,31.72,9,79.99583510775997,High Risk,Failure,Failure,78.67,0.67,20.67,78.67,Inspect Immediately
MD05227,X-Ray Machine,ScanPro,Model-400,10,4,6519.12,4.62,0,24.551799171796365,Low Risk,Normal,Normal,1.0,78.67,20.33,78.67,Routine Monitoring
MD00779,PET Scanner,CardioSync,Model-500,9,5,8017.15,1.82,1,23.738776272571048,Low Risk,Normal,Normal,0.67,78.67,20.67,78.67,Routine Monitoring
MD04182,CT Scanner,RescueTech,Model-600,7,1,5582.16,4.78,0,18.562429734649605,Low Risk,Normal,Normal,0.33,78.67,21.0,78.67,Routine Monitoring
MD03696,Infusion Pump,RescueTech,Model-450,9,3,4061.58,7.23,0,23.35393014787399,Low Risk,Normal,Normal,0.67,78.67,20.67,78.67,Routine Monitoring
MD04104,MRI Scanner,ImagingTech,Model-450,10,1,7596.32,3.84,1,27.116132666608845,Medium Risk,Normal,Normal,1.67,78.67,19.67,78.67,Routine Monitoring
MD03283,Defibrillator,CardioSync,Model-100,9,3,2157.74,2.64,1,20.22738592267488,Low Risk,Normal,Normal,0.33,78.67,21.0,78.67,Routine Monitoring
MD03261,PET Scanner,MedEquip,Model-300,11,4,8001.64,2.58,2,30.56581078965984,Medium Risk,Risk to Failure,Normal,1.33,78.67,20.0,78.67,Routine Monitoring
MD05328,X-Ray Machine,MedEquip,Model-550,4,4,4191.44,7.7,0,14.791741785080385,Low Risk,Normal,Normal,1.33,78.67,20.0,78.67,Routine Monitoring
MD00516,Infusion Pump,ImagingTech,Model-100,6,5,2144.96,1.87,0,11.552322906823193,Low Risk,Normal,Normal,0.33,78.67,21.0,78.67,Routine Monitoring
MD03926,X-Ray Machine,MedEquip,Model-100,3,3,6144.98,0.86,1,10.579046322957437,Low Risk,Normal,Normal,0.0,78.67,21.33,78.67,Routine Monitoring
MD00921,Defibrillator,UltraMed,Model-200,4,4,4825.85,7.44,0,15.013783268410316,Low Risk,Normal,Normal,3.33,78.67,18.0,78.67,Routine Monitoring
MD05149,PET Scanner,ScanPro,Model-300,7,1,1974.77,7.5,0,18.446638673131453,Low Risk,Normal,Normal,0.33,78.67,21.0,78.67,Routine Monitoring
MD03674,MRI Scanner,CardioSync,Model-200,9,1,773.34,7.66,1,23.85550293506088,Low Risk,Normal,Normal,4.33,78.67,17.0,78.67,Routine Monitoring
MD00047,PET Scanner,CardioSync,Model-450,8,4,6935.9,4.88,0,21.45922172685169,Low Risk,Normal,Normal,0.33,78.67,21.0,78.67,Routine Monitoring
MD02149,PET Scanner,ImagingTech,Model-600,5,2,8413.88,5.51,0,17.663331532470703,Low Risk,Normal,Normal,2.33,78.67,19.0,78.67,Routine Monitoring
MD00739,PET Scanner,RescueTech,Model-200,9,1,5152.76,4.71,0,21.82130569112014,Low Risk,Normal,Normal,0.33,78.67,21.0,78.67,Routine Monitoring
MD00450,Infusion Pump,MedEquip,Model-500,8,1,7011.0,2.68,0,19.481914927196254,Low Risk,Normal,Normal,0.67,78.67,20.67,78.67,Routine Monitoring
MD05060,MRI Scanner,ImagingTech,Model-100,2,1,1568.59,6.48,1,10.617695408048142,Low Risk,Normal,Normal,2.67,78.67,18.67,78.67,Routine Monitoring
MD00308,MRI Scanner,ImagingTech,Model-350,8,4,14846.22,9.97,2,36.92351362268575,Medium Risk,Risk to Failure,Risk to Failure,7.0,14.33,78.67,78.67,Schedule Preventive Maintenance
MD04141,Infusion Pump,CardioSync,Model-450,5,1,3864.12,6.55,0,15.309267730149417,Low Risk,Normal,Normal,2.33,78.67,19.0,78.67,Routine Monitoring
MD00016,MRI Scanner,CardioSync,Model-200,9,3,1037.19,6.55,1,23.022480330383694,Low Risk,Normal,Normal,1.67,78.67,19.67,78.67,Routine Monitoring
MD01557,X-Ray Machine,CardioSync,Model-400,6,5,738.84,6.55,0,14.85057675146364,Low Risk,Normal,Normal,0.33,78.67,21.0,78.67,Routine Monitoring
MD01812,CT Scanner,RescueTech,Model-400,5,5,23167.54,18.45,8,60.363845180984015,High Risk,Failure,Failure,78.67,1.33,20.0,78.67,Inspect Immediately
MD05482,Defibrillator,ImagingTech,Model-300,4,4,3780.11,4.69,0,11.711901473519546,Low Risk,Normal,Normal,1.0,78.67,20.33,78.67,Routine Monitoring
MD01230,Defibrillator,MedEquip,Model-200,4,5,24845.53,19.45,2,45.69178148044966,Medium Risk,Risk to Failure,Failure,78.67,5.33,16.0,78.67,Inspect Immediately
MD01979,PET Scanner,RescueTech,Model-350,12,2,6487.69,1.04,0,24.85861473765785,Low Risk,Normal,Normal,1.67,78.67,19.67,78.67,Routine Monitoring
MD01324,Defibrillator,CardioSync,Model-450,5,3,6277.83,3.15,1,16.427343486910047,Low Risk,Normal,Normal,2.33,78.67,19.0,78.67,Routine Monitoring
MD00906,CT Scanner,ImagingTech,Model-450,3,5,6525.89,3.04,0,10.370099013916532,Low Risk,Normal,Normal,0.0,78.67,21.33,78.67,Routine Monitoring
MD01258,MRI Scanner,UltraMed,Model-550,7,2,8780.94,1.04,0,17.438416284328948,Low Risk,Normal,Normal,2.0,78.67,19.33,78.67,Routine Monitoring
MD01497,MRI Scanner,RescueTech,Model-500,6,3,6482.31,1.99,0,14.823067369735416,Low Risk,Normal,Normal,0.67,78.67,20.67,78.67,Routine Monitoring
MD00039,X-Ray Machine,ScanPro,Model-100,6,4,6988.85,4.8,0,17.787542341143908,Low Risk,Normal,Normal,0.67,78.67,20.67,78.67,Routine Monitoring
MD04205,PET Scanner,CardioSync,Model-200,11,5,7011.0,6.55,0,28.510967770904276,Medium Risk,Normal,Normal,1.67,78.67,19.67,78.67,Routine Monitoring
MD03889,Infusion Pump,ScanPro,Model-650,8,4,3370.25,6.57,0,20.4224849954565,Low Risk,Normal,Normal,0.33,78.67,21.0,78.67,Routine Monitoring
MD05059,PET Scanner,CardioSync,Model-150,4,5,2915.96,2.69,1,11.735048161168663,Low Risk,Normal,Normal,0.0,78.67,21.33,78.67,Routine Monitoring
MD01842,Infusion Pump,CardioSync,Model-150,4,5,2294.81,5.22,0,11.119341915769338,Low Risk,Normal,Normal,1.33,78.67,20.0,78.67,Routine Monitoring
MD03741,Infusion Pump,MedEquip,Model-600,7,1,1395.88,7.47,0,17.99718825564315,Low Risk,Normal,Normal,2.67,78.67,18.67,78.67,Routine Monitoring
MD04264,PET Scanner,CardioSync,Model-550,6,5,3177.07,4.39,1,17.131836359398534,Low Risk,Normal,Normal,0.67,78.67,20.67,78.67,Routine Monitoring
MD03977,Infusion Pump,ScanPro,Model-550,7,3,8667.0,6.93,0,22.79567805423879,Low Risk,Normal,Normal,2.33,78.33,19.33,78.33,Routine Monitoring
MD02435,X-Ray Machine,MedEquip,Model-500,11,5,1662.2,5.69,1,26.319850038186544,Low Risk,Normal,Normal,0.0,78.33,21.67,78.33,Routine Monitoring
MD03772,PET Scanner,CardioSync,Model-200,3,2,21527.19,14.03,7,48.9499184523497,High Risk,Failure,Failure,78.33,5.33,16.33,78.33,Inspect Immediately
MD04767,Defibrillator,ScanPro,Model-100,2,1,1399.5,7.52,0,8.955098723890336,Low Risk,Normal,Normal,0.67,78.33,21.0,78.33,Routine Monitoring
MD00807,Infusion Pump,ImagingTech,Model-200,4,5,22592.39,22.58,8,61.94130219456222,High Risk,Failure,Failure,78.33,2.0,19.67,78.33,Inspect Immediately
MD04678,Defibrillator,MedEquip,Model-500,8,2,3053.15,0.67,1,17.241959469075283,Low Risk,Normal,Normal,1.33,78.33,20.33,78.33,Routine Monitoring
MD01262,Defibrillator,ImagingTech,Model-150,12,1,7603.67,0.84,1,27.986915067416216,Medium Risk,Normal,Normal,0.67,78.33,21.0,78.33,Routine Monitoring
MD01993,MRI Scanner,ImagingTech,Model-550,6,1,1896.47,1.11,0,10.669319045253747,Low Risk,Normal,Normal,0.0,78.33,21.67,78.33,Routine Monitoring
MD03344,PET Scanner,CardioSync,Model-200,2,3,3480.3,0.53,0,4.014751521094816,Low Risk,Normal,Normal,0.33,78.33,21.33,78.33,Routine Monitoring
MD00300,Infusion Pump,MedEquip,Model-500,4,5,8815.19,1.74,2,17.6553748440499,Low Risk,Risk to Failure,Normal,2.67,78.33,19.0,78.33,Routine Monitoring
MD02006,Defibrillator,RescueTech,Model-200,7,4,2860.31,0.87,0,12.96801621483434,Low Risk,Normal,Normal,0.67,78.33,21.0,78.33,Routine Monitoring
MD03056,Defibrillator,RescueTech,Model-150,2,5,1546.71,4.0,1,8.311114689637982,Low Risk,Normal,Normal,0.0,78.33,21.67,78.33,Routine Monitoring
MD02669,Infusion Pump,RescueTech,Model-600,4,1,3665.78,6.04,0,12.875529361467647,Low Risk,Normal,Normal,11.0,78.33,10.67,78.33,Routine Monitoring
MD04015,PET Scanner,MedEquip,Model-100,10,4,2267.23,6.65,0,23.32915266451594,Low Risk,Normal,Normal,0.67,78.33,21.0,78.33,Routine Monitoring
MD04764,MRI Scanner,ScanPro,Model-450,11,4,5071.73,6.41,0,26.96883326031189,Low Risk,Normal,Normal,1.67,78.33,20.0,78.33,Routine Monitoring
MD04308,PET Scanner,RescueTech,Model-150,7,5,672.97,3.05,0,13.388011413167112,Low Risk,Normal,Normal,0.0,78.33,21.67,78.33,Routine Monitoring
MD03466,Infusion Pump,UltraMed,Model-250,7,4,2928.17,7.43,1,21.57656783381216,Low Risk,Normal,Normal,3.0,78.33,18.67,78.33,Routine Monitoring
MD01349,CT Scanner,ScanPro,Model-300,4,2,7660.15,4.96,0,14.788026842529876,Low Risk,Normal,Normal,2.33,78.33,19.33,78.33,Routine Monitoring
MD01371,CT Scanner,CardioSync,Model-150,6,1,4305.35,6.35,0,17.264171549208214,Low Risk,Normal,Normal,0.67,78.33,21.0,78.33,Routine Monitoring
MD00205,CT Scanner,CardioSync,Model-500,3,2,5639.98,4.64,0,11.20251595403572,Low Risk,Normal,Normal,4.0,78.33,17.67,78.33,Routine Monitoring
MD05238,Infusion Pump,ScanPro,Model-550,8,1,747.58,4.4,0,16.507470336724005,Low Risk,Normal,Normal,1.33,78.33,20.33,78.33,Routine Monitoring
MD02831,X-Ray Machine,RescueTech,Model-300,10,1,6325.59,0.88,1,23.456372485688224,Low Risk,Normal,Normal,0.0,78.33,21.67,78.33,Routine Monitoring
MD04659,Infusion Pump,CardioSync,Model-400,7,5,8413.81,1.2,0,17.318732841403794,Low Risk,Normal,Normal,1.0,78.33,20.67,78.33,Routine Monitoring
MD03649,PET Scanner,ScanPro,Model-350,11,4,7877.41,6.72,0,29.299196634176035,Medium Risk,Normal,Normal,6.0,78.33,15.67,78.33,Routine Monitoring
MD01221,MRI Scanner,ScanPro,Model-200,10,2,7991.18,4.06,2,30.10700357953771,Medium Risk,Risk to Failure,Normal,5.67,78.33,16.0,78.33,Routine Monitoring
MD03192,PET Scanner,ImagingTech,Model-600,7,3,4138.53,2.39,0,15.303183854468656,Low Risk,Normal,Normal,0.33,78.33,21.33,78.33,Routine Monitoring
MD00099,PET Scanner,UltraMed,Model-300,8,2,8950.98,2.76,0,20.969147977729847,Low Risk,Normal,Normal,4.67,78.33,17.0,78.33,Routine Monitoring
MD03060,X-Ray Machine,MedEquip,Model-250,2,4,8410.33,2.31,0,9.250534757529564,Low Risk,Normal,Normal,3.33,78.33,18.33,78.33,Routine Monitoring
MD04893,X-Ray Machine,ScanPro,Model-450,4,4,1025.0,2.29,0,7.48796134575151,Low Risk,Normal,Normal,0.33,78.33,21.33,78.33,Routine Monitoring
MD05394,PET Scanner,MedEquip,Model-500,3,4,1018.18,5.6,1,11.222076935416764,Low Risk,Normal,Normal,0.33,78.33,21.33,78.33,Routine Monitoring
MD02484,PET Scanner,ScanPro,Model-250,5,2,7799.42,2.87,1,17.277252874235423,Low Risk,Normal,Normal,0.67,78.33,21.0,78.33,Routine Monitoring
MD01005,Infusion Pump,ImagingTech,Model-550,7,3,7636.02,4.86,1,22.63262823919285,Low Risk,Normal,Normal,0.33,78.33,21.33,78.33,Routine Monitoring
MD01394,PET Scanner,MedEquip,Model-350,5,4,16414.82,32.12,1,50.57049047168799,High Risk,Normal,Failure,78.33,1.67,20.0,78.33,Inspect Immediately
MD01907,Infusion Pump,ScanPro,Model-450,11,3,6668.12,3.48,0,25.42557689368764,Low Risk,Normal,Normal,0.67,78.33,21.0,78.33,Routine Monitoring
MD03890,X-Ray Machine,UltraMed,Model-650,2,3,6919.82,3.05,1,11.348145054785135,Low Risk,Normal,Normal,2.0,78.33,19.67,78.33,Routine Monitoring
MD00026,Infusion Pump,MedEquip,Model-450,4,3,25752.37,23.65,4,55.23175561447738,High Risk,Failure,Failure,78.33,1.0,20.67,78.33,Inspect Immediately
MD00963,PET Scanner,ImagingTech,Model-500,5,5,14173.02,13.24,2,33.998839264031695,Medium Risk,Risk to Failure,Risk to Failure,4.33,17.33,78.33,78.33,Schedule Preventive Maintenance
MD01240,Infusion Pump,ImagingTech,Model-300,2,1,4590.86,3.73,0,7.779497285143675,Low Risk,Normal,Normal,0.33,78.0,21.67,78.0,Routine Monitoring
MD01161,MRI Scanner,RescueTech,Model-350,11,3,920.34,3.66,1,23.904379791333724,Low Risk,Normal,Normal,13.0,78.0,9.0,78.0,Routine Monitoring
MD00067,PET Scanner,CardioSync,Model-200,10,3,1847.28,7.96,0,24.23318017296816,Low Risk,Normal,Normal,5.33,78.0,16.67,78.0,Routine Monitoring
MD02631,CT Scanner,MedEquip,Model-550,4,4,967.33,6.31,0,11.159000976105409,Low Risk,Normal,Normal,0.33,78.0,21.67,78.0,Routine Monitoring
MD01036,Infusion Pump,ImagingTech,Model-550,3,2,1182.73,7.81,0,10.883213365771656,Low Risk,Normal,Normal,2.0,78.0,20.0,78.0,Routine Monitoring
MD05354,PET Scanner,RescueTech,Model-250,6,2,25216.46,22.02,7,64.47214871314611,High Risk,Failure,Failure,78.0,4.33,17.67,78.0,Inspect Immediately
MD02148,PET Scanner,MedEquip,Model-400,3,2,932.6,6.37,1,11.870935890678131,Low Risk,Normal,Normal,1.0,78.0,21.0,78.0,Routine Monitoring
MD03094,MRI Scanner,ScanPro,Model-650,2,4,1552.42,3.62,0,5.464289397207882,Low Risk,Normal,Normal,1.0,78.0,21.0,78.0,Routine Monitoring
MD05498,PET Scanner,CardioSync,Model-250,4,2,2413.89,5.2,2,16.187622840270468,Low Risk,Risk to Failure,Normal,0.33,78.0,21.67,78.0,Routine Monitoring
MD02700,X-Ray Machine,CardioSync,Model-550,8,2,1047.39,1.95,0,14.462961086282634,Low Risk,Normal,Normal,0.0,78.0,22.0,78.0,Routine Monitoring
MD02905,CT Scanner,UltraMed,Model-350,7,5,23979.63,27.08,5,65.06290312160966,High Risk,Failure,Failure,78.0,2.67,19.33,78.0,Inspect Immediately
MD04003,Defibrillator,ImagingTech,Model-500,10,2,7891.39,3.08,0,24.129130756053502,Low Risk,Normal,Normal,0.33,78.0,21.67,78.0,Routine Monitoring
MD00841,PET Scanner,RescueTech,Model-150,5,1,3072.81,7.52,1,18.128707436680337,Low Risk,Normal,Normal,0.33,78.0,21.67,78.0,Routine Monitoring
MD03397,Infusion Pump,MedEquip,Model-200,12,1,4589.18,5.6,0,27.6873082785795,Medium Risk,Normal,Normal,0.0,78.0,22.0,78.0,Routine Monitoring
MD03607,Infusion Pump,ImagingTech,Model-300,7,2,5906.25,4.54,0,18.576865447809237,Low Risk,Normal,Normal,0.67,78.0,21.33,78.0,Routine Monitoring
MD00152,Defibrillator,RescueTech,Model-650,12,4,4662.37,3.09,0,25.422279929687924,Low Risk,Normal,Normal,0.67,78.0,21.33,78.0,Routine Monitoring
MD03698,X-Ray Machine,ImagingTech,Model-200,10,3,1733.75,5.01,0,21.42571601128365,Low Risk,Normal,Normal,1.67,78.0,20.33,78.0,Routine Monitoring
MD01803,X-Ray Machine,CardioSync,Model-400,1,4,5434.32,1.94,1,7.422479646926289,Low Risk,Normal,Normal,0.0,78.0,22.0,78.0,Routine Monitoring
MD03451,Infusion Pump,CardioSync,Model-200,5,4,3601.3,5.69,0,14.32345944407732,Low Risk,Normal,Normal,11.33,78.0,10.67,78.0,Routine Monitoring
MD04656,X-Ray Machine,RescueTech,Model-100,12,3,3336.64,4.94,1,28.665184367905866,Medium Risk,Normal,Normal,1.0,78.0,21.0,78.0,Routine Monitoring
MD01251,X-Ray Machine,ImagingTech,Model-550,10,2,5339.08,4.54,0,23.61820826316736,Low Risk,Normal,Normal,1.33,78.0,20.67,78.0,Routine Monitoring
MD05057,PET Scanner,CardioSync,Model-150,9,1,626.95,2.89,1,19.343064662774776,Low Risk,Normal,Normal,0.33,78.0,21.67,78.0,Routine Monitoring
MD02203,PET Scanner,CardioSync,Model-500,2,1,2368.43,1.82,1,6.896218865166647,Low Risk,Normal,Normal,0.33,78.0,21.67,78.0,Routine Monitoring
MD04822,CT Scanner,CardioSync,Model-600,10,1,2877.88,7.57,1,27.1237856574024,Medium Risk,Normal,Normal,3.0,78.0,19.0,78.0,Routine Monitoring
MD01171,Defibrillator,RescueTech,Model-500,9,1,2322.41,2.32,0,17.55178711701345,Low Risk,Normal,Normal,0.67,78.0,21.33,78.0,Routine Monitoring
MD02072,Defibrillator,UltraMed,Model-400,9,1,8382.77,0.73,2,25.49836948134525,Low Risk,Risk to Failure,Normal,1.67,78.0,20.33,78.0,Routine Monitoring
MD04096,PET Scanner,ScanPro,Model-500,8,1,884.88,6.64,1,21.176463574684774,Low Risk,Normal,Normal,1.0,78.0,21.0,78.0,Routine Monitoring
MD00076,PET Scanner,RescueTech,Model-150,11,2,3122.25,5.6,2,29.800418052860124,Medium Risk,Risk to Failure,Normal,0.67,78.0,21.33,78.0,Routine Monitoring
MD04183,X-Ray Machine,ImagingTech,Model-300,8,1,2046.56,1.38,0,14.664412588884677,Low Risk,Normal,Normal,0.67,78.0,21.33,78.0,Routine Monitoring
MD00806,X-Ray Machine,ScanPro,Model-300,4,2,6767.99,5.51,1,17.146062858827484,Low Risk,Normal,Normal,0.33,78.0,21.67,78.0,Routine Monitoring
MD03610,PET Scanner,MedEquip,Model-250,11,2,4563.15,7.13,1,29.763340059801525,Medium Risk,Normal,Normal,2.0,78.0,20.0,78.0,Routine Monitoring
MD02594,X-Ray Machine,ImagingTech,Model-250,11,5,1140.26,5.3,0,23.07937731777232,Low Risk,Normal,Normal,1.67,78.0,20.33,78.0,Routine Monitoring
MD00437,CT Scanner,ScanPro,Model-100,5,5,5431.54,6.8,0,16.682097851240187,Low Risk,Normal,Normal,0.67,78.0,21.33,78.0,Routine Monitoring
MD02606,Defibrillator,RescueTech,Model-250,12,5,2763.7,2.32,0,23.32782734851639,Low Risk,Normal,Normal,2.67,77.67,19.67,77.67,Routine Monitoring
MD04649,Infusion Pump,RescueTech,Model-600,8,5,4864.37,1.92,0,17.216051504036727,Low Risk,Normal,Normal,0.0,77.67,22.33,77.67,Routine Monitoring
MD05233,Infusion Pump,RescueTech,Model-500,5,3,1459.23,6.41,0,13.427913209933095,Low Risk,Normal,Normal,0.33,77.67,22.0,77.67,Routine Monitoring
MD04005,MRI Scanner,CardioSync,Model-650,12,2,6501.83,4.91,2,33.443423597839875,Medium Risk,Risk to Failure,Normal,2.33,77.67,20.0,77.67,Routine Monitoring
MD03009,MRI Scanner,ImagingTech,Model-550,11,3,2070.78,1.2,0,19.970346979719093,Low Risk,Normal,Normal,0.0,77.67,22.33,77.67,Routine Monitoring
MD03552,Infusion Pump,ScanPro,Model-300,11,1,4773.71,6.2,0,26.55775003492196,Low Risk,Normal,Normal,0.33,77.67,22.0,77.67,Routine Monitoring
MD05170,MRI Scanner,UltraMed,Model-250,11,5,1401.82,6.55,0,24.42448932585814,Low Risk,Normal,Normal,1.33,77.67,21.0,77.67,Routine Monitoring
MD04228,CT Scanner,CardioSync,Model-350,8,3,6489.45,2.63,1,21.555765743916176,Low Risk,Normal,Normal,0.0,77.67,22.33,77.67,Routine Monitoring
MD00176,CT Scanner,ImagingTech,Model-100,7,5,7295.66,1.03,1,18.847102824352707,Low Risk,Normal,Normal,0.33,77.67,22.0,77.67,Routine Monitoring
MD02182,CT Scanner,RescueTech,Model-300,4,1,21608.03,29.29,4,57.4218225467818,High Risk,Failure,Failure,77.67,2.33,20.0,77.67,Inspect Immediately
MD03577,X-Ray Machine,UltraMed,Model-400,5,5,691.33,1.52,1,10.8518463214789,Low Risk,Normal,Normal,0.0,77.67,22.33,77.67,Routine Monitoring
MD03153,X-Ray Machine,CardioSync,Model-500,5,5,5402.29,6.89,0,16.743916310021195,Low Risk,Normal,Normal,1.33,77.67,21.0,77.67,Routine Monitoring
MD00469,X-Ray Machine,ScanPro,Model-550,8,2,7869.71,6.93,0,24.033006984930665,Low Risk,Normal,Normal,1.33,77.67,21.0,77.67,Routine Monitoring
MD02828,X-Ray Machine,UltraMed,Model-350,10,4,7171.25,4.8,0,25.19315421881815,Low Risk,Normal,Normal,1.0,77.67,21.33,77.67,Routine Monitoring
MD04974,Defibrillator,MedEquip,Model-600,12,5,8319.51,4.1,0,29.01951260295395,Medium Risk,Normal,Normal,1.0,77.67,21.33,77.67,Routine Monitoring
MD04867,Infusion Pump,MedEquip,Model-350,10,1,1692.39,3.06,0,19.59447546990048,Low Risk,Normal,Normal,0.0,77.67,22.33,77.67,Routine Monitoring
MD04298,CT Scanner,CardioSync,Model-100,10,5,8244.28,5.36,0,26.492134455838155,Low Risk,Normal,Normal,1.33,77.67,21.0,77.67,Routine Monitoring
MD04504,Defibrillator,CardioSync,Model-500,7,1,5948.06,4.73,0,18.78281806595387,Low Risk,Normal,Normal,2.0,77.67,20.33,77.67,Routine Monitoring
MD05260,Infusion Pump,ScanPro,Model-650,2,3,3054.07,2.6,1,8.116174279261553,Low Risk,Normal,Normal,0.33,77.67,22.0,77.67,Routine Monitoring
MD03931,CT Scanner,RescueTech,Model-150,10,4,4534.13,4.18,1,25.199262489825923,Low Risk,Normal,Normal,1.0,77.67,21.33,77.67,Routine Monitoring
MD01139,X-Ray Machine,MedEquip,Model-400,11,3,3362.99,6.39,1,28.20548513539327,Medium Risk,Normal,Normal,1.67,77.67,20.67,77.67,Routine Monitoring
MD00696,Infusion Pump,ScanPro,Model-400,11,4,7416.81,4.8,0,27.19023485054589,Medium Risk,Normal,Normal,3.67,77.67,18.67,77.67,Routine Monitoring
MD01405,Infusion Pump,CardioSync,Model-200,7,3,7841.24,6.8,0,22.07400991162082,Low Risk,Normal,Normal,0.33,77.67,22.0,77.67,Routine Monitoring
MD05416,CT Scanner,MedEquip,Model-350,7,3,8847.92,3.0,0,19.29755832046421,Low Risk,Normal,Normal,0.33,77.67,22.0,77.67,Routine Monitoring
MD03362,CT Scanner,ScanPro,Model-500,2,1,844.4,6.74,2,12.830246140550786,Low Risk,Risk to Failure,Normal,1.0,77.67,21.33,77.67,Routine Monitoring
MD04067,Defibrillator,RescueTech,Model-300,9,4,26003.04,30.13,3,67.99050800264301,High Risk,Risk to Failure,Failure,77.67,4.33,18.0,77.67,Inspect Immediately
MD04699,X-Ray Machine,MedEquip,Model-500,10,5,5801.68,1.59,0,21.230474405474595,Low Risk,Normal,Normal,0.33,77.67,22.0,77.67,Routine Monitoring
MD03354,CT Scanner,ImagingTech,Model-200,9,4,7335.45,6.57,0,25.1294499031981,Low Risk,Normal,Normal,3.0,77.67,19.33,77.67,Routine Monitoring
MD04242,Infusion Pump,MedEquip,Model-500,3,5,23730.09,22.23,4,50.62869766698777,High Risk,Failure,Risk to Failure,20.67,1.67,77.67,77.67,Schedule Preventive Maintenance
MD03264,X-Ray Machine,CardioSync,Model-200,3,4,8281.94,1.24,1,12.486879600484643,Low Risk,Normal,Normal,1.0,77.67,21.33,77.67,Routine Monitoring
MD02916,Defibrillator,ScanPro,Model-400,2,1,8700.12,2.69,1,12.312641852381969,Low Risk,Normal,Normal,3.33,77.67,19.0,77.67,Routine Monitoring
MD00875,Infusion Pump,RescueTech,Model-150,2,2,25476.99,32.58,2,54.642920989500254,High Risk,Risk to Failure,Failure,77.67,5.67,16.67,77.67,Inspect Immediately
MD02513,Infusion Pump,RescueTech,Model-350,1,1,5125.86,6.92,0,9.297509738207456,Low Risk,Normal,Normal,2.33,77.67,20.0,77.67,Routine Monitoring
MD05371,Infusion Pump,RescueTech,Model-100,4,5,8337.3,6.32,0,16.537511288523277,Low Risk,Normal,Normal,1.67,77.33,21.0,77.33,Routine Monitoring
MD00080,Infusion Pump,RescueTech,Model-300,6,5,7801.64,0.62,0,14.518850067494624,Low Risk,Normal,Normal,0.67,77.33,22.0,77.33,Routine Monitoring
MD00163,CT Scanner,CardioSync,Model-650,2,2,2316.52,4.92,1,9.721701156884958,Low Risk,Normal,Normal,0.67,77.33,22.0,77.33,Routine Monitoring
MD05005,X-Ray Machine,ScanPro,Model-150,11,4,17534.51,17.58,4,56.36551068011972,High Risk,Failure,Failure,77.33,3.67,19.0,77.33,Inspect Immediately
MD03042,Infusion Pump,ImagingTech,Model-250,7,4,8274.35,6.66,0,22.26023493548062,Low Risk,Normal,Normal,3.67,77.33,19.0,77.33,Routine Monitoring
MD03998,PET Scanner,ScanPro,Model-150,2,3,19212.07,17.75,3,38.88105354873939,Medium Risk,Risk to Failure,Failure,77.33,8.0,14.67,77.33,Inspect Immediately
MD00173,MRI Scanner,UltraMed,Model-100,10,3,3170.73,5.51,0,22.934427485070163,Low Risk,Normal,Normal,2.33,77.33,20.33,77.33,Routine Monitoring
MD02568,Defibrillator,MedEquip,Model-550,3,1,946.29,2.35,1,8.167855334197219,Low Risk,Normal,Normal,0.33,77.33,22.33,77.33,Routine Monitoring
MD04597,Defibrillator,RescueTech,Model-300,6,5,19050.89,32.16,6,66.84608477242848,High Risk,Failure,Failure,77.33,8.33,14.33,77.33,Inspect Immediately
MD04342,Infusion Pump,CardioSync,Model-650,4,5,6316.86,4.44,0,13.329098814518598,Low Risk,Normal,Normal,0.67,77.33,22.0,77.33,Routine Monitoring
MD01204,PET Scanner,RescueTech,Model-600,10,2,24155.74,17.76,1,52.03737631789022,High Risk,Normal,Failure,77.33,2.33,20.33,77.33,Inspect Immediately
MD03274,MRI Scanner,MedEquip,Model-100,3,2,7772.47,2.45,3,18.233324211594503,Low Risk,Risk to Failure,Normal,3.0,77.33,19.67,77.33,Routine Monitoring
MD04673,Defibrillator,CardioSync,Model-400,12,4,5876.73,6.31,0,29.28112043124541,Medium Risk,Normal,Normal,5.33,77.33,17.33,77.33,Routine Monitoring
MD02874,Defibrillator,UltraMed,Model-350,5,5,9359.03,13.91,3,33.61052614956898,Medium Risk,Risk to Failure,Risk to Failure,13.0,9.67,77.33,77.33,Schedule Preventive Maintenance
MD03985,X-Ray Machine,RescueTech,Model-400,2,5,7645.04,6.48,2,17.544595943848485,Low Risk,Risk to Failure,Normal,1.0,77.33,21.67,77.33,Routine Monitoring
MD02681,Infusion Pump,CardioSync,Model-350,4,4,16869.04,30.47,6,60.0592085969958,High Risk,Failure,Failure,77.33,2.0,20.67,77.33,Inspect Immediately
MD00394,Defibrillator,ImagingTech,Model-250,10,5,8273.73,2.04,1,25.94708731962436,Low Risk,Normal,Normal,5.0,77.33,17.67,77.33,Routine Monitoring
MD03995,Defibrillator,RescueTech,Model-650,9,5,1732.64,6.76,1,23.72310483068629,Low Risk,Normal,Normal,1.33,77.33,21.33,77.33,Routine Monitoring
MD03122,CT Scanner,CardioSync,Model-550,11,1,1716.89,6.29,1,26.91388075576831,Low Risk,Normal,Normal,0.67,77.33,22.0,77.33,Routine Monitoring
MD00798,Infusion Pump,ImagingTech,Model-400,8,3,5738.56,3.64,3,26.94159860827667,Low Risk,Risk to Failure,Normal,1.0,77.33,21.67,77.33,Routine Monitoring
MD00105,CT Scanner,ImagingTech,Model-350,10,5,21149.45,23.87,3,60.49066469026998,High Risk,Risk to Failure,Failure,77.33,1.67,21.0,77.33,Inspect Immediately
MD02934,Defibrillator,UltraMed,Model-300,5,2,7928.38,2.02,0,14.086106099074296,Low Risk,Normal,Normal,2.0,77.33,20.67,77.33,Routine Monitoring
MD01160,Infusion Pump,RescueTech,Model-550,5,4,7834.35,3.62,1,17.995434557644156,Low Risk,Normal,Normal,3.0,77.33,19.67,77.33,Routine Monitoring
MD04385,Defibrillator,ImagingTech,Model-300,3,1,4749.43,4.85,1,13.247685501235877,Low Risk,Normal,Normal,0.33,77.33,22.33,77.33,Routine Monitoring
MD03093,X-Ray Machine,MedEquip,Model-300,11,4,3532.2,5.99,2,30.45930224855939,Medium Risk,Risk to Failure,Normal,1.67,77.33,21.0,77.33,Routine Monitoring
MD01556,PET Scanner,ImagingTech,Model-650,2,1,956.73,4.62,2,10.95395428801426,Low Risk,Risk to Failure,Normal,2.0,77.33,20.67,77.33,Routine Monitoring
MD00323,MRI Scanner,ImagingTech,Model-500,5,1,5789.51,6.57,0,16.730452750143467,Low Risk,Normal,Normal,1.0,77.33,21.67,77.33,Routine Monitoring
MD01625,X-Ray Machine,ImagingTech,Model-500,2,5,2152.12,5.67,0,7.794664154416069,Low Risk,Normal,Normal,0.0,77.33,22.67,77.33,Routine Monitoring
MD04530,Defibrillator,ImagingTech,Model-350,3,5,6213.14,2.58,0,9.717373152387058,Low Risk,Normal,Normal,1.0,77.33,21.67,77.33,Routine Monitoring
MD02683,PET Scanner,RescueTech,Model-400,12,1,1726.09,0.75,2,26.12177001302732,Low Risk,Risk to Failure,Normal,0.0,77.33,22.67,77.33,Routine Monitoring
MD04079,Infusion Pump,ImagingTech,Model-650,4,3,5891.77,5.82,0,14.294036830530294,Low Risk,Normal,Normal,1.33,77.33,21.33,77.33,Routine Monitoring
MD01838,X-Ray Machine,RescueTech,Model-650,2,5,6883.25,0.81,1,9.252537048492712,Low Risk,Normal,Normal,1.0,77.33,21.67,77.33,Routine Monitoring
MD04784,X-Ray Machine,UltraMed,Model-300,10,5,5896.19,6.53,0,25.86213603732221,Low Risk,Normal,Normal,1.33,77.33,21.33,77.33,Routine Monitoring
MD03524,Defibrillator,ScanPro,Model-500,8,1,5012.09,6.73,3,29.266404539375117,Medium Risk,Risk to Failure,Normal,0.33,77.33,22.33,77.33,Routine Monitoring
MD04980,Infusion Pump,ScanPro,Model-250,5,2,4264.6,7.01,0,16.025907881108697,Low Risk,Normal,Normal,0.33,77.33,22.33,77.33,Routine Monitoring
MD00743,CT Scanner,RescueTech,Model-350,12,1,3724.73,0.71,1,25.04090143065365,Low Risk,Normal,Normal,0.33,77.33,22.33,77.33,Routine Monitoring
MD04753,Defibrillator,RescueTech,Model-450,12,4,6114.49,6.39,0,29.528228305063973,Medium Risk,Normal,Normal,1.33,77.33,21.33,77.33,Routine Monitoring
MD03436,MRI Scanner,MedEquip,Model-600,11,5,4781.72,6.17,1,29.03587623280303,Medium Risk,Normal,Normal,1.67,77.33,21.0,77.33,Routine Monitoring
MD03168,Defibrillator,MedEquip,Model-250,7,4,1055.89,1.93,0,12.632498900852848,Low Risk,Normal,Normal,0.33,77.0,22.67,77.0,Routine Monitoring
MD05479,Infusion Pump,RescueTech,Model-150,10,2,7011.0,5.13,1,27.88120959804265,Medium Risk,Normal,Normal,1.0,77.0,22.0,77.0,Routine Monitoring
MD04336,PET Scanner,RescueTech,Model-550,11,5,24272.89,6.55,4,51.08684185691281,High Risk,Failure,Failure,77.0,7.0,16.0,77.0,Inspect Immediately
MD04931,MRI Scanner,ScanPro,Model-500,2,4,4100.84,1.69,2,10.53826459227004,Low Risk,Risk to Failure,Normal,0.67,77.0,22.33,77.0,Routine Monitoring
MD01232,MRI Scanner,MedEquip,Model-600,1,1,18591.33,24.86,5,48.17775975060824,High Risk,Failure,Failure,77.0,7.33,15.67,77.0,Inspect Immediately
MD03377,Infusion Pump,ImagingTech,Model-550,7,4,5382.13,7.34,0,20.781233094663573,Low Risk,Normal,Normal,0.33,77.0,22.67,77.0,Routine Monitoring
MD03813,Infusion Pump,CardioSync,Model-550,3,4,7011.0,6.62,0,14.030168397863518,Low Risk,Normal,Normal,0.67,77.0,22.33,77.0,Routine Monitoring
MD02439,MRI Scanner,MedEquip,Model-200,7,5,6628.26,5.22,0,19.730953112131807,Low Risk,Normal,Normal,0.33,77.0,22.67,77.0,Routine Monitoring
MD03738,PET Scanner,ScanPro,Model-350,4,1,7011.0,6.09,1,17.858818196340902,Low Risk,Normal,Normal,5.67,77.0,17.33,77.0,Routine Monitoring
MD01319,PET Scanner,UltraMed,Model-200,4,5,27595.7,30.72,2,58.10485664031484,High Risk,Risk to Failure,Failure,77.0,1.67,21.33,77.0,Inspect Immediately
MD02487,Infusion Pump,UltraMed,Model-550,3,5,7909.63,6.58,0,14.647905109965125,Low Risk,Normal,Normal,2.0,77.0,21.0,77.0,Routine Monitoring
MD05111,PET Scanner,ScanPro,Model-100,2,5,8163.44,3.19,1,12.383474875512636,Low Risk,Normal,Normal,0.67,77.0,22.33,77.0,Routine Monitoring
MD03578,CT Scanner,ImagingTech,Model-500,3,5,19579.75,16.2,2,37.03545250848257,Medium Risk,Risk to Failure,Failure,77.0,0.67,22.33,77.0,Inspect Immediately
MD01886,Defibrillator,CardioSync,Model-550,12,2,5023.63,7.91,0,30.13744057250665,Medium Risk,Normal,Normal,1.33,77.0,21.67,77.0,Routine Monitoring
MD03875,CT Scanner,RescueTech,Model-200,10,3,1744.36,4.88,0,21.313371865592725,Low Risk,Normal,Normal,1.0,77.0,22.0,77.0,Routine Monitoring
MD04712,X-Ray Machine,ScanPro,Model-600,11,4,2592.1,7.29,0,25.9751463341651,Low Risk,Normal,Normal,2.33,77.0,20.67,77.0,Routine Monitoring
MD05086,Infusion Pump,ScanPro,Model-600,2,4,1946.22,0.5,1,5.369412694619171,Low Risk,Normal,Normal,0.0,77.0,23.0,77.0,Routine Monitoring
MD03403,Infusion Pump,MedEquip,Model-300,9,5,8812.31,5.93,1,28.11425964861176,Medium Risk,Normal,Normal,3.0,77.0,20.0,77.0,Routine Monitoring
MD01785,CT Scanner,ScanPro,Model-250,2,2,843.68,6.41,2,12.52491864039255,Low Risk,Risk to Failure,Normal,1.0,77.0,22.0,77.0,Routine Monitoring
MD02920,PET Scanner,ImagingTech,Model-550,12,5,4472.43,7.82,1,32.15274454277463,Medium Risk,Normal,Normal,1.33,77.0,21.67,77.0,Routine Monitoring
MD04561,Infusion Pump,ImagingTech,Model-600,6,2,3096.3,1.77,1,14.653041927820183,Low Risk,Normal,Normal,0.0,77.0,23.0,77.0,Routine Monitoring
MD03098,Defibrillator,RescueTech,Model-600,10,2,5532.49,6.55,1,28.11564112125241,Medium Risk,Normal,Normal,1.33,77.0,21.67,77.0,Routine Monitoring
MD04984,CT Scanner,UltraMed,Model-650,5,2,6533.96,6.78,1,19.9667754173452,Low Risk,Normal,Normal,0.0,77.0,23.0,77.0,Routine Monitoring
MD02408,X-Ray Machine,ImagingTech,Model-500,11,1,3941.43,3.12,0,23.10657815592307,Low Risk,Normal,Normal,0.33,77.0,22.67,77.0,Routine Monitoring
MD03869,X-Ray Machine,UltraMed,Model-150,8,1,1133.89,6.22,1,20.969944796111257,Low Risk,Normal,Normal,0.0,77.0,23.0,77.0,Routine Monitoring
MD02555,MRI Scanner,MedEquip,Model-650,9,1,2970.94,3.25,0,18.88325343171696,Low Risk,Normal,Normal,0.67,77.0,22.33,77.0,Routine Monitoring
MD05282,Infusion Pump,ImagingTech,Model-300,2,4,5008.52,6.31,2,15.466781729355937,Low Risk,Risk to Failure,Normal,1.33,77.0,21.67,77.0,Routine Monitoring
MD01890,X-Ray Machine,ScanPro,Model-200,6,5,7927.77,4.55,0,18.240666171603444,Low Risk,Normal,Normal,2.33,77.0,20.67,77.0,Routine Monitoring
MD03682,CT Scanner,MedEquip,Model-350,10,3,6742.07,4.64,0,24.73269873759135,Low Risk,Normal,Normal,2.0,77.0,21.0,77.0,Routine Monitoring
MD01067,Defibrillator,RescueTech,Model-350,7,2,5447.02,6.06,1,22.14624165726206,Low Risk,Normal,Normal,15.0,77.0,8.0,77.0,Routine Monitoring
MD04624,PET Scanner,RescueTech,Model-350,2,4,1497.84,7.5,0,9.008269852850894,Low Risk,Normal,Normal,3.67,77.0,19.33,77.0,Routine Monitoring
MD05403,X-Ray Machine,UltraMed,Model-100,11,4,2422.62,7.81,0,26.331969955237675,Low Risk,Normal,Normal,5.0,77.0,18.0,77.0,Routine Monitoring
MD04078,CT Scanner,CardioSync,Model-450,2,3,21925.19,32.07,2,51.584254749825696,High Risk,Risk to Failure,Failure,77.0,2.33,20.67,77.0,Inspect Immediately
MD05220,Infusion Pump,ImagingTech,Model-500,6,2,5011.55,1.41,2,18.21585439119329,Low Risk,Risk to Failure,Normal,2.33,77.0,20.67,77.0,Routine Monitoring
MD00608,PET Scanner,ScanPro,Model-500,6,3,23005.17,15.45,4,49.29279897001528,High Risk,Failure,Failure,77.0,3.33,19.67,77.0,Inspect Immediately
MD02878,PET Scanner,CardioSync,Model-200,4,1,21162.45,29.86,7,65.12368019139791,High Risk,Failure,Failure,77.0,4.33,18.67,77.0,Inspect Immediately
MD04347,PET Scanner,RescueTech,Model-300,8,2,1920.02,3.31,1,18.854859362183014,Low Risk,Normal,Normal,0.0,77.0,23.0,77.0,Routine Monitoring
MD01729,Defibrillator,UltraMed,Model-350,8,5,3320.25,2.24,0,16.38667405808582,Low Risk,Normal,Normal,0.33,77.0,22.67,77.0,Routine Monitoring
MD00256,MRI Scanner,ImagingTech,Model-400,7,4,22397.24,30.34,3,61.92116192015583,High Risk,Risk to Failure,Failure,77.0,2.0,21.0,77.0,Inspect Immediately
MD03525,PET Scanner,RescueTech,Model-100,9,4,13661.75,9.74,4,42.66633032850772,Medium Risk,Failure,Risk to Failure,7.33,15.67,77.0,77.0,Schedule Preventive Maintenance
MD05063,CT Scanner,CardioSync,Model-100,12,2,3082.88,6.56,1,29.976616994128683,Medium Risk,Normal,Normal,0.0,77.0,23.0,77.0,Routine Monitoring
MD03616,PET Scanner,MedEquip,Model-550,9,5,3924.44,2.93,1,21.782344115750234,Low Risk,Normal,Normal,1.33,76.67,22.0,76.67,Routine Monitoring
MD00334,MRI Scanner,ScanPro,Model-150,2,2,5704.81,7.73,0,12.285629035672375,Low Risk,Normal,Normal,5.33,76.67,18.0,76.67,Routine Monitoring
MD04199,CT Scanner,MedEquip,Model-500,2,4,1655.78,6.3,0,8.014960131472574,Low Risk,Normal,Normal,2.0,76.67,21.33,76.67,Routine Monitoring
MD00373,X-Ray Machine,MedEquip,Model-350,12,1,2094.15,4.32,1,27.18732803692452,Medium Risk,Normal,Normal,0.33,76.67,23.0,76.67,Routine Monitoring
MD04775,PET Scanner,UltraMed,Model-400,7,2,2424.77,5.61,1,19.528789326216355,Low Risk,Normal,Normal,0.33,76.67,23.0,76.67,Routine Monitoring
MD04451,Infusion Pump,ImagingTech,Model-200,6,5,8279.67,7.25,0,20.99087965719268,Low Risk,Normal,Normal,4.33,76.67,19.0,76.67,Routine Monitoring
MD01561,CT Scanner,ScanPro,Model-200,4,1,4974.1,0.89,1,11.571911589339996,Low Risk,Normal,Normal,2.0,76.67,21.33,76.67,Routine Monitoring
MD00121,PET Scanner,UltraMed,Model-650,3,4,5942.23,3.92,0,10.757690730540013,Low Risk,Normal,Normal,0.33,76.67,23.0,76.67,Routine Monitoring
MD03311,MRI Scanner,MedEquip,Model-650,6,1,4608.36,5.61,0,16.80142710516251,Low Risk,Normal,Normal,2.33,76.67,21.0,76.67,Routine Monitoring
MD04483,X-Ray Machine,ImagingTech,Model-500,12,1,575.13,2.36,2,26.77032546478492,Low Risk,Risk to Failure,Normal,0.33,76.67,23.0,76.67,Routine Monitoring
MD03278,MRI Scanner,UltraMed,Model-400,8,5,895.46,6.5,0,18.55486111977133,Low Risk,Normal,Normal,2.0,76.67,21.33,76.67,Routine Monitoring
MD00073,CT Scanner,CardioSync,Model-300,9,1,3912.49,7.37,1,25.874623355905836,Low Risk,Normal,Normal,0.33,76.67,23.0,76.67,Routine Monitoring
MD00856,Infusion Pump,UltraMed,Model-650,3,1,20852.83,19.81,4,46.29729420247439,Medium Risk,Failure,Failure,76.67,6.33,17.0,76.67,Inspect Immediately
MD01826,CT Scanner,ScanPro,Model-500,12,3,5270.68,5.89,1,30.951661354941887,Medium Risk,Normal,Normal,0.67,76.67,22.67,76.67,Routine Monitoring
MD04588,PET Scanner,ImagingTech,Model-600,2,3,2448.97,1.06,0,3.75292455165477,Low Risk,Normal,Normal,1.0,76.67,22.33,76.67,Routine Monitoring
MD00655,MRI Scanner,ImagingTech,Model-650,10,2,3828.61,7.9,0,25.621227760332925,Low Risk,Normal,Normal,4.0,76.67,19.33,76.67,Routine Monitoring
MD04637,CT Scanner,MedEquip,Model-450,4,3,6722.94,4.79,1,16.448217770758962,Low Risk,Normal,Normal,0.0,76.67,23.33,76.67,Routine Monitoring
MD04898,Defibrillator,MedEquip,Model-650,8,3,6501.36,1.59,1,20.603851451069797,Low Risk,Normal,Normal,0.33,76.67,23.0,76.67,Routine Monitoring
MD01313,MRI Scanner,CardioSync,Model-600,10,2,5317.57,2.16,1,23.90426163436369,Low Risk,Normal,Normal,1.0,76.67,22.33,76.67,Routine Monitoring
MD00019,PET Scanner,UltraMed,Model-100,11,4,6136.55,6.06,0,27.421314991661923,Medium Risk,Normal,Normal,1.33,76.67,22.0,76.67,Routine Monitoring
MD05374,Defibrillator,UltraMed,Model-100,10,5,965.68,6.55,0,22.28856468091333,Low Risk,Normal,Normal,0.0,76.67,23.33,76.67,Routine Monitoring
MD02850,MRI Scanner,ImagingTech,Model-400,6,3,20346.97,24.93,3,53.61236747790639,High Risk,Risk to Failure,Failure,76.67,2.0,21.33,76.67,Inspect Immediately
MD02283,MRI Scanner,RescueTech,Model-600,5,4,8509.95,4.23,2,21.55105578576133,Low Risk,Risk to Failure,Normal,1.33,76.67,22.0,76.67,Routine Monitoring
MD03774,X-Ray Machine,ImagingTech,Model-550,5,1,2491.18,3.05,0,11.076275614306878,Low Risk,Normal,Normal,0.0,76.67,23.33,76.67,Routine Monitoring
MD01315,Defibrillator,RescueTech,Model-600,11,4,3509.48,1.51,0,21.304818921179724,Low Risk,Normal,Normal,0.0,76.67,23.33,76.67,Routine Monitoring
MD02301,X-Ray Machine,ImagingTech,Model-100,7,2,5461.2,7.07,0,20.589454043041272,Low Risk,Normal,Normal,6.33,76.67,17.0,76.67,Routine Monitoring
MD04269,PET Scanner,MedEquip,Model-550,10,1,5177.25,7.27,0,26.02186132711577,Low Risk,Normal,Normal,1.0,76.67,22.33,76.67,Routine Monitoring
MD03170,X-Ray Machine,ImagingTech,Model-400,3,3,2467.04,6.55,0,10.655083787429938,Low Risk,Normal,Normal,1.0,76.67,22.33,76.67,Routine Monitoring
MD04359,X-Ray Machine,ScanPro,Model-150,7,1,7154.82,5.69,0,20.54868328532657,Low Risk,Normal,Normal,2.33,76.67,21.0,76.67,Routine Monitoring
MD02586,Infusion Pump,UltraMed,Model-300,5,3,8774.21,6.07,1,20.943085574612955,Low Risk,Normal,Normal,3.67,76.67,19.67,76.67,Routine Monitoring
MD03708,Infusion Pump,UltraMed,Model-550,7,1,8120.64,5.04,2,25.651946552800894,Low Risk,Risk to Failure,Normal,5.67,76.67,17.67,76.67,Routine Monitoring
MD05409,CT Scanner,ScanPro,Model-350,5,5,3137.54,7.97,2,21.091505837776776,Low Risk,Risk to Failure,Normal,4.0,76.33,19.67,76.33,Routine Monitoring
MD02306,X-Ray Machine,CardioSync,Model-150,6,4,15156.41,31.05,3,55.48357730322767,High Risk,Risk to Failure,Failure,76.33,7.67,16.0,76.33,Inspect Immediately
MD03107,Defibrillator,CardioSync,Model-150,7,3,4579.13,5.78,0,18.755333578421464,Low Risk,Normal,Normal,1.0,76.33,22.67,76.33,Routine Monitoring
MD00079,X-Ray Machine,CardioSync,Model-450,3,3,25493.84,24.27,5,56.29788599505383,High Risk,Failure,Failure,76.33,4.0,19.67,76.33,Inspect Immediately
MD03475,MRI Scanner,ScanPro,Model-450,7,4,13704.46,6.96,4,36.49334838992,Medium Risk,Failure,Risk to Failure,8.0,15.67,76.33,76.33,Schedule Preventive Maintenance
MD00302,CT Scanner,UltraMed,Model-250,3,5,27085.83,26.15,6,61.69415806889663,High Risk,Failure,Failure,76.33,2.0,21.67,76.33,Inspect Immediately
MD03559,MRI Scanner,MedEquip,Model-550,8,4,4827.28,5.0,1,22.53385776350304,Low Risk,Normal,Normal,4.0,76.33,19.67,76.33,Routine Monitoring
MD05217,Defibrillator,MedEquip,Model-200,10,4,4289.47,2.64,1,23.598605563793065,Low Risk,Normal,Normal,1.0,76.33,22.67,76.33,Routine Monitoring
MD01765,X-Ray Machine,MedEquip,Model-100,10,4,1575.64,3.09,1,22.037128482864077,Low Risk,Normal,Normal,0.0,76.33,23.67,76.33,Routine Monitoring
MD03162,X-Ray Machine,ImagingTech,Model-400,3,5,2285.89,3.02,0,7.262641869710345,Low Risk,Normal,Normal,0.33,76.33,23.33,76.33,Routine Monitoring
MD03402,X-Ray Machine,UltraMed,Model-650,9,5,6475.05,6.79,1,27.205821204253468,Medium Risk,Normal,Normal,3.33,76.33,20.33,76.33,Routine Monitoring
MD00422,X-Ray Machine,ScanPro,Model-650,3,4,7710.18,4.93,0,12.978584221680176,Low Risk,Normal,Normal,1.0,76.33,22.67,76.33,Routine Monitoring
MD05009,CT Scanner,ImagingTech,Model-350,9,5,8885.4,6.55,1,28.7401682985351,Medium Risk,Normal,Normal,3.0,76.33,20.67,76.33,Routine Monitoring
MD00641,Infusion Pump,MedEquip,Model-650,4,4,3422.03,5.55,0,12.245362987598384,Low Risk,Normal,Normal,0.0,76.33,23.67,76.33,Routine Monitoring
MD04038,Infusion Pump,ScanPro,Model-250,10,1,7802.75,1.52,2,27.623666801159608,Medium Risk,Risk to Failure,Normal,2.0,76.33,21.67,76.33,Routine Monitoring
MD05218,MRI Scanner,ScanPro,Model-300,9,2,7166.15,1.9,1,23.19268544857132,Low Risk,Normal,Normal,3.33,76.33,20.33,76.33,Routine Monitoring
MD01772,X-Ray Machine,UltraMed,Model-400,2,1,7213.01,2.8,0,8.83083261357579,Low Risk,Normal,Normal,2.33,76.33,21.33,76.33,Routine Monitoring
MD05199,CT Scanner,ScanPro,Model-450,11,3,3960.9,5.58,0,25.392930200945067,Low Risk,Normal,Normal,0.33,76.33,23.33,76.33,Routine Monitoring
MD00877,PET Scanner,ImagingTech,Model-150,12,5,1484.36,6.23,1,28.50723783945148,Medium Risk,Normal,Normal,0.0,76.33,23.67,76.33,Routine Monitoring
MD00065,CT Scanner,ScanPro,Model-450,3,5,5832.38,7.53,0,14.012020874535642,Low Risk,Normal,Normal,2.0,76.33,21.67,76.33,Routine Monitoring
MD03593,CT Scanner,CardioSync,Model-150,12,5,4111.35,4.2,1,28.546089420315656,Medium Risk,Normal,Normal,0.0,76.33,23.67,76.33,Routine Monitoring
MD05297,MRI Scanner,RescueTech,Model-250,10,4,8630.99,4.13,4,35.63778210223175,Medium Risk,Failure,Normal,1.67,76.33,22.0,76.33,Routine Monitoring
MD03198,Defibrillator,CardioSync,Model-400,8,2,551.43,5.12,0,17.029593019566605,Low Risk,Normal,Normal,0.67,76.33,23.0,76.33,Routine Monitoring
MD01218,Infusion Pump,UltraMed,Model-400,2,1,14857.01,31.86,9,63.74087965476614,High Risk,Failure,Failure,76.33,2.0,21.67,76.33,Inspect Immediately
MD04143,PET Scanner,RescueTech,Model-300,2,3,8911.93,5.3,0,12.37766692852288,Low Risk,Normal,Normal,1.67,76.33,22.0,76.33,Routine Monitoring
MD03567,Infusion Pump,CardioSync,Model-350,3,2,7828.58,6.66,0,14.662749053393656,Low Risk,Normal,Normal,4.67,76.33,19.0,76.33,Routine Monitoring
MD05454,CT Scanner,CardioSync,Model-650,9,5,5509.64,3.13,2,25.62194530567741,Low Risk,Risk to Failure,Normal,0.0,76.33,23.67,76.33,Routine Monitoring
MD00966,Infusion Pump,UltraMed,Model-350,7,5,8896.68,4.06,0,20.31214567860781,Low Risk,Normal,Normal,5.33,76.33,18.33,76.33,Routine Monitoring
MD01403,MRI Scanner,ScanPro,Model-400,10,3,5334.0,6.92,0,25.812783172423103,Low Risk,Normal,Normal,1.33,76.33,22.33,76.33,Routine Monitoring
MD02355,Infusion Pump,RescueTech,Model-600,2,1,7682.52,6.55,4,22.63655657127002,Low Risk,Failure,Normal,2.33,76.33,21.33,76.33,Routine Monitoring
MD01079,X-Ray Machine,UltraMed,Model-500,4,3,8304.49,5.4,0,15.66385439279995,Low Risk,Normal,Normal,4.0,76.33,19.67,76.33,Routine Monitoring
MD00654,MRI Scanner,ImagingTech,Model-650,7,1,5668.54,6.55,0,20.26021271990341,Low Risk,Normal,Normal,2.0,76.33,21.67,76.33,Routine Monitoring
MD00296,X-Ray Machine,ImagingTech,Model-450,2,2,4480.13,7.49,0,11.17173311723271,Low Risk,Normal,Normal,0.33,76.33,23.33,76.33,Routine Monitoring
MD04411,PET Scanner,MedEquip,Model-150,5,5,7600.35,6.55,0,18.03123838552769,Low Risk,Normal,Normal,1.67,76.33,22.0,76.33,Routine Monitoring
MD03648,X-Ray Machine,ScanPro,Model-400,11,2,7011.0,5.76,1,30.281287967948607,Medium Risk,Normal,Normal,6.0,76.33,17.67,76.33,Routine Monitoring
MD04934,PET Scanner,CardioSync,Model-200,3,2,3293.51,7.22,0,11.876037662107343,Low Risk,Normal,Normal,1.33,76.33,22.33,76.33,Routine Monitoring
MD03736,Defibrillator,ImagingTech,Model-250,8,2,16821.58,28.16,5,62.66373895555702,High Risk,Failure,Failure,76.33,0.67,23.0,76.33,Inspect Immediately
MD04727,Defibrillator,UltraMed,Model-550,9,5,1424.37,1.45,0,16.09396299860336,Low Risk,Normal,Normal,0.33,76.0,23.67,76.0,Routine Monitoring
MD01156,Infusion Pump,ImagingTech,Model-150,2,5,1882.49,0.75,0,3.0538945516790124,Low Risk,Normal,Normal,1.0,76.0,23.0,76.0,Routine Monitoring
MD03440,X-Ray Machine,MedEquip,Model-350,1,1,2552.65,5.77,1,8.860646598623514,Low Risk,Normal,Normal,0.67,76.0,23.33,76.0,Routine Monitoring
MD01652,Infusion Pump,CardioSync,Model-400,7,3,19056.52,17.07,5,52.23056035536022,High Risk,Failure,Failure,76.0,2.67,21.33,76.0,Inspect Immediately
MD01776,Infusion Pump,ImagingTech,Model-250,12,3,1429.86,0.82,1,23.47061155318541,Low Risk,Normal,Normal,0.0,76.0,24.0,76.0,Routine Monitoring
MD04796,MRI Scanner,MedEquip,Model-250,6,2,1391.18,7.72,0,16.40649365762435,Low Risk,Normal,Normal,1.33,76.0,22.67,76.0,Routine Monitoring
MD03493,MRI Scanner,CardioSync,Model-450,6,2,22231.2,20.94,5,56.29974830371503,High Risk,Failure,Failure,76.0,1.33,22.67,76.0,Inspect Immediately
MD02015,X-Ray Machine,RescueTech,Model-350,8,2,8788.94,5.3,0,23.19715543869697,Low Risk,Normal,Normal,4.0,76.0,20.0,76.0,Routine Monitoring
MD03673,MRI Scanner,ImagingTech,Model-250,9,5,9333.78,11.5,3,38.63887271665806,Medium Risk,Risk to Failure,Risk to Failure,9.0,15.0,76.0,76.0,Schedule Preventive Maintenance
MD01699,Defibrillator,ScanPro,Model-550,4,4,3306.05,5.97,0,12.548798646632957,Low Risk,Normal,Normal,0.33,76.0,23.67,76.0,Routine Monitoring
MD03078,PET Scanner,ScanPro,Model-650,8,1,17385.81,18.52,3,49.17085881803091,High Risk,Risk to Failure,Failure,76.0,6.0,18.0,76.0,Inspect Immediately
MD01618,CT Scanner,UltraMed,Model-550,5,5,17449.67,22.28,5,52.23574394983815,High Risk,Failure,Failure,76.0,2.33,21.67,76.0,Inspect Immediately
MD03180,PET Scanner,ImagingTech,Model-500,5,4,1162.08,0.88,0,8.103670705690858,Low Risk,Normal,Normal,1.0,76.0,23.0,76.0,Routine Monitoring
MD01829,MRI Scanner,ImagingTech,Model-400,11,5,12884.6,10.61,2,41.5400851810824,Medium Risk,Risk to Failure,Risk to Failure,4.67,19.33,76.0,76.0,Schedule Preventive Maintenance
MD03564,CT Scanner,CardioSync,Model-300,12,1,7011.0,0.8,1,27.51818899795308,Medium Risk,Normal,Normal,0.0,76.0,24.0,76.0,Routine Monitoring
MD02781,Defibrillator,RescueTech,Model-650,9,1,19031.52,14.88,2,46.325927390033584,Medium Risk,Risk to Failure,Failure,76.0,5.0,19.0,76.0,Inspect Immediately
MD01505,CT Scanner,ScanPro,Model-150,11,5,6349.99,4.65,0,26.274473391060628,Low Risk,Normal,Normal,1.33,76.0,22.67,76.0,Routine Monitoring
MD01382,CT Scanner,RescueTech,Model-400,1,5,1394.34,0.82,0,0.9447340248536368,Low Risk,Normal,Normal,2.0,76.0,22.0,76.0,Routine Monitoring
MD03937,Defibrillator,RescueTech,Model-650,11,5,2555.47,2.91,0,21.9028936306099,Low Risk,Normal,Normal,0.0,76.0,24.0,76.0,Routine Monitoring
MD03583,X-Ray Machine,ScanPro,Model-650,11,4,2949.67,3.15,0,22.4117566174906,Low Risk,Normal,Normal,0.67,76.0,23.33,76.0,Routine Monitoring
MD03214,CT Scanner,UltraMed,Model-150,8,3,3245.24,7.49,1,23.6811646524039,Low Risk,Normal,Normal,0.33,76.0,23.67,76.0,Routine Monitoring
MD03725,CT Scanner,ScanPro,Model-100,7,1,23195.04,19.98,3,52.93342084275375,High Risk,Risk to Failure,Failure,76.0,2.0,22.0,76.0,Inspect Immediately
MD00829,Defibrillator,RescueTech,Model-250,4,5,912.42,5.23,0,10.121460227345024,Low Risk,Normal,Normal,1.67,76.0,22.33,76.0,Routine Monitoring
MD03275,Defibrillator,ScanPro,Model-150,11,3,505.64,6.14,1,25.89289712801282,Low Risk,Normal,Normal,1.33,76.0,22.67,76.0,Routine Monitoring
MD01520,X-Ray Machine,ImagingTech,Model-500,9,1,2312.86,3.75,1,21.365642425019985,Low Risk,Normal,Normal,0.0,76.0,24.0,76.0,Routine Monitoring
MD02703,PET Scanner,UltraMed,Model-600,9,3,7756.93,5.5,0,24.448211928641246,Low Risk,Normal,Normal,4.33,76.0,19.67,76.0,Routine Monitoring
MD01627,PET Scanner,CardioSync,Model-200,12,5,8099.32,6.49,0,31.066609012724488,Medium Risk,Normal,Normal,2.67,76.0,21.33,76.0,Routine Monitoring
MD03024,CT Scanner,ScanPro,Model-450,6,1,6705.3,5.16,0,17.91347883551182,Low Risk,Normal,Normal,2.33,76.0,21.67,76.0,Routine Monitoring
MD00848,Infusion Pump,UltraMed,Model-600,9,2,16614.82,31.35,2,59.77771765153346,High Risk,Risk to Failure,Failure,76.0,3.67,20.33,76.0,Inspect Immediately
MD03195,X-Ray Machine,CardioSync,Model-300,4,1,10688.63,10.17,0,21.80656966464783,Low Risk,Normal,Risk to Failure,7.0,17.0,76.0,76.0,Schedule Preventive Maintenance
MD04668,X-Ray Machine,UltraMed,Model-600,8,1,6245.22,4.26,0,20.38337775253584,Low Risk,Normal,Normal,6.0,76.0,18.0,76.0,Routine Monitoring
MD03103,X-Ray Machine,CardioSync,Model-250,9,3,5082.13,0.86,3,25.713814850645488,Low Risk,Risk to Failure,Normal,0.0,76.0,24.0,76.0,Routine Monitoring
MD01777,Infusion Pump,ImagingTech,Model-100,12,3,1613.32,7.54,0,27.311164955915967,Medium Risk,Normal,Normal,0.33,76.0,23.67,76.0,Routine Monitoring
MD04398,Defibrillator,CardioSync,Model-450,5,4,22105.64,25.33,3,53.44489470985425,High Risk,Risk to Failure,Failure,76.0,2.67,21.33,76.0,Inspect Immediately
MD02798,Defibrillator,UltraMed,Model-400,11,4,7882.16,5.09,1,30.297115298842016,Medium Risk,Normal,Normal,3.0,76.0,21.0,76.0,Routine Monitoring
MD03843,Infusion Pump,ScanPro,Model-100,3,2,7124.06,0.68,1,11.12608325200768,Low Risk,Normal,Normal,0.67,76.0,23.33,76.0,Routine Monitoring
MD01347,MRI Scanner,MedEquip,Model-350,10,3,1452.63,7.52,0,23.5392602817398,Low Risk,Normal,Normal,3.33,76.0,20.67,76.0,Routine Monitoring
MD03516,X-Ray Machine,CardioSync,Model-650,2,1,7011.0,1.91,0,7.861617121553621,Low Risk,Normal,Normal,1.33,76.0,22.67,76.0,Routine Monitoring
MD05377,PET Scanner,CardioSync,Model-400,3,4,24934.12,30.57,1,51.709076451544576,High Risk,Normal,Failure,75.67,1.0,23.33,75.67,Inspect Immediately
MD04569,CT Scanner,RescueTech,Model-150,11,3,6538.14,5.39,0,27.09504460355892,Medium Risk,Normal,Normal,0.33,75.67,24.0,75.67,Routine Monitoring
MD03508,Defibrillator,RescueTech,Model-150,5,4,5274.28,6.69,0,16.465927606292855,Low Risk,Normal,Normal,2.0,75.67,22.33,75.67,Routine Monitoring
MD03919,PET Scanner,ScanPro,Model-400,10,2,6796.67,7.62,1,30.024939749180422,Medium Risk,Normal,Normal,1.67,75.67,22.67,75.67,Routine Monitoring
MD03584,MRI Scanner,RescueTech,Model-400,8,2,7895.71,0.99,0,18.56549566743731,Low Risk,Normal,Normal,0.33,75.67,24.0,75.67,Routine Monitoring
MD04877,Defibrillator,MedEquip,Model-650,9,5,2015.71,6.26,1,23.467508295161988,Low Risk,Normal,Normal,0.67,75.67,23.67,75.67,Routine Monitoring
MD00196,CT Scanner,MedEquip,Model-150,8,5,24233.6,32.36,4,69.44295801507211,High Risk,Failure,Failure,75.67,1.67,22.67,75.67,Inspect Immediately
MD05455,MRI Scanner,CardioSync,Model-600,9,2,5707.93,5.24,0,22.715297941791714,Low Risk,Normal,Normal,4.33,75.67,20.0,75.67,Routine Monitoring
MD01032,CT Scanner,MedEquip,Model-400,12,4,4707.24,4.08,0,26.369378118086345,Low Risk,Normal,Normal,0.0,75.67,24.33,75.67,Routine Monitoring
MD03975,CT Scanner,ImagingTech,Model-500,12,2,2578.69,5.73,1,28.842671811653457,Medium Risk,Normal,Normal,0.67,75.67,23.67,75.67,Routine Monitoring
MD02457,Infusion Pump,ScanPro,Model-350,10,3,3405.4,1.25,0,19.17066349911685,Low Risk,Normal,Normal,3.0,75.67,21.33,75.67,Routine Monitoring
MD00605,X-Ray Machine,RescueTech,Model-200,11,1,2814.4,5.21,0,24.21591718043436,Low Risk,Normal,Normal,1.0,75.67,23.33,75.67,Routine Monitoring
MD02862,Defibrillator,MedEquip,Model-650,1,1,7556.36,2.45,0,6.939517088525338,Low Risk,Normal,Normal,1.0,75.67,23.33,75.67,Routine Monitoring
MD01150,X-Ray Machine,UltraMed,Model-100,11,1,6182.04,6.29,0,27.666894427801967,Medium Risk,Normal,Normal,1.0,75.67,23.33,75.67,Routine Monitoring
MD03519,PET Scanner,ScanPro,Model-650,5,4,8616.51,3.97,2,21.38854058750543,Low Risk,Risk to Failure,Normal,0.67,75.67,23.67,75.67,Routine Monitoring
MD03244,CT Scanner,ImagingTech,Model-600,9,5,4621.18,4.72,0,21.44326803084784,Low Risk,Normal,Normal,0.0,75.67,24.33,75.67,Routine Monitoring
MD02393,MRI Scanner,RescueTech,Model-300,5,5,842.52,1.93,1,11.34068796099396,Low Risk,Normal,Normal,3.33,75.67,21.0,75.67,Routine Monitoring
MD03110,PET Scanner,CardioSync,Model-350,2,2,23869.7,21.27,2,43.02552697571858,Medium Risk,Risk to Failure,Failure,75.67,3.0,21.33,75.67,Inspect Immediately
MD04639,MRI Scanner,UltraMed,Model-550,3,3,1134.03,4.94,0,8.196871690112516,Low Risk,Normal,Normal,3.67,75.67,20.67,75.67,Routine Monitoring
MD04540,Defibrillator,ImagingTech,Model-350,3,4,1893.9,0.59,0,4.732605691778673,Low Risk,Normal,Normal,0.33,75.67,24.0,75.67,Routine Monitoring
MD04227,MRI Scanner,ImagingTech,Model-450,3,4,6732.74,6.55,0,13.762791349503768,Low Risk,Normal,Normal,2.0,75.67,22.33,75.67,Routine Monitoring
MD04267,MRI Scanner,ScanPro,Model-650,7,5,584.65,6.55,0,16.556425909356133,Low Risk,Normal,Normal,4.0,75.67,20.33,75.67,Routine Monitoring
MD03305,X-Ray Machine,MedEquip,Model-250,7,5,6238.81,1.43,1,18.446609775138764,Low Risk,Normal,Normal,0.0,75.67,24.33,75.67,Routine Monitoring
MD03873,MRI Scanner,ScanPro,Model-450,3,1,8029.12,6.06,1,16.754662073315252,Low Risk,Normal,Normal,5.33,75.67,19.0,75.67,Routine Monitoring
MD02391,Defibrillator,ScanPro,Model-450,3,4,6920.54,3.38,1,13.47165437312519,Low Risk,Normal,Normal,0.0,75.67,24.33,75.67,Routine Monitoring
MD01955,Infusion Pump,UltraMed,Model-450,1,1,3530.12,4.85,0,6.2230130509584045,Low Risk,Normal,Normal,4.67,75.67,19.67,75.67,Routine Monitoring
MD03635,MRI Scanner,MedEquip,Model-450,8,1,3144.85,3.58,2,22.49657392033134,Low Risk,Risk to Failure,Normal,0.0,75.67,24.33,75.67,Routine Monitoring
MD03711,MRI Scanner,CardioSync,Model-400,2,2,4764.17,7.19,2,16.101572323745614,Low Risk,Risk to Failure,Normal,3.67,75.67,20.67,75.67,Routine Monitoring
MD02206,CT Scanner,ImagingTech,Model-150,7,3,7011.0,5.97,0,20.70252621246271,Low Risk,Normal,Normal,6.0,75.67,18.33,75.67,Routine Monitoring
MD00857,Defibrillator,ImagingTech,Model-250,10,4,5544.85,6.62,0,25.689300974133,Low Risk,Normal,Normal,0.33,75.67,24.0,75.67,Routine Monitoring
MD05474,X-Ray Machine,RescueTech,Model-150,10,3,1357.9,3.51,0,19.766428520191397,Low Risk,Normal,Normal,0.33,75.67,24.0,75.67,Routine Monitoring
MD04062,Infusion Pump,MedEquip,Model-250,10,3,7988.19,1.05,1,24.824652849029743,Low Risk,Normal,Normal,1.67,75.67,22.67,75.67,Routine Monitoring
MD00015,X-Ray Machine,RescueTech,Model-600,9,5,3537.05,3.23,0,19.277210918440904,Low Risk,Normal,Normal,0.0,75.67,24.33,75.67,Routine Monitoring
MD00317,Defibrillator,CardioSync,Model-650,6,1,2115.57,6.55,1,18.353571390546065,Low Risk,Normal,Normal,0.0,75.67,24.33,75.67,Routine Monitoring
MD01522,PET Scanner,ImagingTech,Model-350,6,3,8114.22,7.8,0,21.37834862996512,Low Risk,Normal,Normal,4.0,75.67,20.33,75.67,Routine Monitoring
MD04681,Infusion Pump,MedEquip,Model-400,2,4,2834.36,6.84,2,14.372364227725434,Low Risk,Risk to Failure,Normal,1.33,75.67,23.0,75.67,Routine Monitoring
MD03076,PET Scanner,MedEquip,Model-650,12,5,6905.49,5.42,0,29.208562752987365,Medium Risk,Normal,Normal,0.33,75.67,24.0,75.67,Routine Monitoring
MD02011,MRI Scanner,CardioSync,Model-200,2,3,8732.39,1.47,0,8.709304354513716,Low Risk,Normal,Normal,2.67,75.67,21.67,75.67,Routine Monitoring
MD01964,Defibrillator,ImagingTech,Model-400,3,3,13815.06,14.27,3,33.5530442702626,Medium Risk,Risk to Failure,Risk to Failure,13.33,11.0,75.67,75.67,Schedule Preventive Maintenance
MD03336,Infusion Pump,ImagingTech,Model-650,4,2,7606.42,2.37,1,14.856641330413607,Low Risk,Normal,Normal,0.0,75.67,24.33,75.67,Routine Monitoring
MD04281,PET Scanner,ScanPro,Model-450,9,5,18646.92,29.62,7,72.16026522628077,High Risk,Failure,Failure,75.33,3.67,21.0,75.33,Inspect Immediately
MD02018,MRI Scanner,ImagingTech,Model-650,4,4,16988.56,21.81,5,49.64751450996254,High Risk,Failure,Failure,75.33,5.33,19.33,75.33,Inspect Immediately
MD01387,Defibrillator,ImagingTech,Model-250,8,5,4358.72,2.05,0,16.967742169283873,Low Risk,Normal,Normal,1.33,75.33,23.33,75.33,Routine Monitoring
MD00803,X-Ray Machine,ImagingTech,Model-500,3,2,4746.75,0.68,0,6.8941320448450245,Low Risk,Normal,Normal,0.67,75.33,24.0,75.33,Routine Monitoring
MD05097,X-Ray Machine,UltraMed,Model-650,1,4,3658.29,6.27,1,10.127965610770074,Low Risk,Normal,Normal,1.67,75.33,23.0,75.33,Routine Monitoring
MD03849,PET Scanner,UltraMed,Model-350,5,2,7159.57,6.66,1,20.31171614614124,Low Risk,Normal,Normal,4.33,75.33,20.33,75.33,Routine Monitoring
MD01350,PET Scanner,ScanPro,Model-250,8,5,1678.01,2.71,1,18.124359652284003,Low Risk,Normal,Normal,1.0,75.33,23.67,75.33,Routine Monitoring
MD05421,CT Scanner,CardioSync,Model-550,3,5,3790.66,4.52,1,12.244385984797818,Low Risk,Normal,Normal,0.0,75.33,24.67,75.33,Routine Monitoring
MD05322,Defibrillator,ImagingTech,Model-150,8,2,7011.0,7.09,0,23.555190789265215,Low Risk,Normal,Normal,1.67,75.33,23.0,75.33,Routine Monitoring
MD02321,Defibrillator,RescueTech,Model-300,7,1,2620.17,4.0,0,15.68407590788462,Low Risk,Normal,Normal,1.0,75.33,23.67,75.33,Routine Monitoring
MD02995,Infusion Pump,CardioSync,Model-200,10,1,3219.65,3.81,1,23.89987032491285,Low Risk,Normal,Normal,0.33,75.33,24.33,75.33,Routine Monitoring
MD04760,Infusion Pump,CardioSync,Model-300,3,3,7011.0,5.52,1,15.514158545646769,Low Risk,Normal,Normal,2.33,75.33,22.33,75.33,Routine Monitoring
MD05096,X-Ray Machine,RescueTech,Model-450,9,2,6113.0,6.55,1,26.720380586062703,Low Risk,Normal,Normal,4.67,75.33,20.0,75.33,Routine Monitoring
MD00698,PET Scanner,ImagingTech,Model-150,12,2,5902.68,3.76,0,26.94473032251912,Low Risk,Normal,Normal,0.33,75.33,24.33,75.33,Routine Monitoring
MD03664,CT Scanner,ImagingTech,Model-250,2,3,5806.37,4.37,0,9.25617067471389,Low Risk,Normal,Normal,1.67,75.33,23.0,75.33,Routine Monitoring
MD03413,CT Scanner,CardioSync,Model-350,7,3,532.41,6.38,2,21.36134758780405,Low Risk,Risk to Failure,Normal,1.67,75.33,23.0,75.33,Routine Monitoring
MD04293,MRI Scanner,CardioSync,Model-650,9,3,26287.01,26.64,5,69.97386764034606,High Risk,Failure,Failure,75.33,1.33,23.33,75.33,Inspect Immediately
MD01917,CT Scanner,MedEquip,Model-600,9,3,4463.69,3.33,3,27.544664213224067,Medium Risk,Risk to Failure,Normal,0.67,75.33,24.0,75.33,Routine Monitoring
MD01198,CT Scanner,RescueTech,Model-100,4,5,8316.43,6.55,0,16.73474520720564,Low Risk,Normal,Normal,2.33,75.33,22.33,75.33,Routine Monitoring
MD02580,Infusion Pump,CardioSync,Model-450,10,2,8612.95,4.74,0,26.188062993860925,Low Risk,Normal,Normal,3.0,75.33,21.67,75.33,Routine Monitoring
MD04610,MRI Scanner,ImagingTech,Model-600,5,2,7199.29,3.9,1,17.791392433606237,Low Risk,Normal,Normal,4.67,75.33,20.0,75.33,Routine Monitoring
MD04585,CT Scanner,MedEquip,Model-600,3,4,5281.69,1.09,1,10.16254861390174,Low Risk,Normal,Normal,0.33,75.33,24.33,75.33,Routine Monitoring
MD01355,Defibrillator,ScanPro,Model-300,2,4,5865.71,1.99,0,7.101126021293787,Low Risk,Normal,Normal,0.67,75.33,24.0,75.33,Routine Monitoring
MD02876,Defibrillator,UltraMed,Model-100,4,3,13946.99,11.78,2,30.66746473419463,Medium Risk,Risk to Failure,Risk to Failure,10.33,14.33,75.33,75.33,Schedule Preventive Maintenance
MD04272,CT Scanner,MedEquip,Model-300,8,5,8874.01,5.08,0,23.05592985719462,Low Risk,Normal,Normal,6.0,75.33,18.67,75.33,Routine Monitoring
MD01089,MRI Scanner,RescueTech,Model-450,2,2,6678.94,7.11,0,12.422655780445089,Low Risk,Normal,Normal,6.67,75.33,18.0,75.33,Routine Monitoring
MD04319,X-Ray Machine,MedEquip,Model-150,10,2,22446.77,28.13,2,62.87053550699467,High Risk,Risk to Failure,Failure,75.33,9.67,15.0,75.33,Inspect Immediately
MD02861,MRI Scanner,RescueTech,Model-450,8,3,2197.76,5.65,1,21.218532449700515,Low Risk,Normal,Normal,6.33,75.33,18.33,75.33,Routine Monitoring
MD03333,Infusion Pump,ImagingTech,Model-550,10,1,7217.81,3.56,2,29.081754565668174,Medium Risk,Risk to Failure,Normal,2.0,75.33,22.67,75.33,Routine Monitoring
MD04023,Infusion Pump,RescueTech,Model-650,11,4,2943.95,6.7,0,25.686530289605145,Low Risk,Normal,Normal,3.33,75.33,21.33,75.33,Routine Monitoring
MD00421,Defibrillator,UltraMed,Model-350,6,4,783.52,0.75,2,14.52598479426064,Low Risk,Risk to Failure,Normal,0.0,75.33,24.67,75.33,Routine Monitoring
MD02512,MRI Scanner,MedEquip,Model-100,5,1,7011.0,1.67,2,18.094487699251783,Low Risk,Risk to Failure,Normal,1.0,75.33,23.67,75.33,Routine Monitoring
MD02634,X-Ray Machine,ImagingTech,Model-600,4,2,1970.61,7.73,0,13.201500940714986,Low Risk,Normal,Normal,10.0,75.33,14.67,75.33,Routine Monitoring
MD00606,Defibrillator,ScanPro,Model-400,3,1,7284.12,6.73,0,14.330746594176832,Low Risk,Normal,Normal,2.33,75.33,22.33,75.33,Routine Monitoring
MD04061,X-Ray Machine,MedEquip,Model-250,12,3,2337.43,7.37,1,30.18168401950959,Medium Risk,Normal,Normal,1.0,75.33,23.67,75.33,Routine Monitoring
MD01703,X-Ray Machine,MedEquip,Model-300,8,1,5669.12,3.53,0,19.2894082208208,Low Risk,Normal,Normal,0.33,75.33,24.33,75.33,Routine Monitoring
MD02282,X-Ray Machine,MedEquip,Model-350,6,5,16842.79,22.37,5,53.6949211217817,High Risk,Failure,Failure,75.33,3.67,21.0,75.33,Inspect Immediately
MD04977,Defibrillator,MedEquip,Model-100,11,4,3270.01,5.23,0,24.56631747093856,Low Risk,Normal,Normal,0.0,75.33,24.67,75.33,Routine Monitoring
MD05237,X-Ray Machine,CardioSync,Model-450,9,4,8517.88,2.25,0,22.00074259926397,Low Risk,Normal,Normal,0.67,75.33,24.0,75.33,Routine Monitoring
MD04508,Infusion Pump,MedEquip,Model-150,8,2,1784.5,6.82,1,21.998123505907905,Low Risk,Normal,Normal,3.33,75.33,21.33,75.33,Routine Monitoring
MD01949,Infusion Pump,RescueTech,Model-250,9,4,3769.9,7.97,2,28.824928882347592,Medium Risk,Risk to Failure,Normal,3.0,75.33,21.67,75.33,Routine Monitoring
MD00215,X-Ray Machine,UltraMed,Model-250,6,5,1696.33,0.61,0,10.06168758672274,Low Risk,Normal,Normal,0.0,75.0,25.0,75.0,Routine Monitoring
MD04400,Infusion Pump,RescueTech,Model-300,1,5,3419.42,3.89,0,5.255664827737943,Low Risk,Normal,Normal,3.0,75.0,22.0,75.0,Routine Monitoring
MD01981,Defibrillator,ImagingTech,Model-550,3,4,8328.76,6.55,2,19.92554621347008,Low Risk,Risk to Failure,Normal,1.33,75.0,23.67,75.0,Routine Monitoring
MD05044,MRI Scanner,ScanPro,Model-300,5,5,22104.41,31.14,5,63.81037792335652,High Risk,Failure,Failure,75.0,5.0,20.0,75.0,Inspect Immediately
MD01775,Infusion Pump,ImagingTech,Model-500,2,5,8375.08,2.25,3,16.66943521417092,Low Risk,Risk to Failure,Normal,1.33,75.0,23.67,75.0,Routine Monitoring
MD02192,X-Ray Machine,ImagingTech,Model-600,7,2,2704.83,3.69,2,20.45942354861701,Low Risk,Risk to Failure,Normal,10.33,75.0,14.67,75.0,Routine Monitoring
MD02419,MRI Scanner,ImagingTech,Model-150,8,1,5001.32,6.46,1,24.009173991544284,Low Risk,Normal,Normal,1.33,75.0,23.67,75.0,Routine Monitoring
MD04195,CT Scanner,MedEquip,Model-600,6,2,7563.4,1.07,1,17.260924517051688,Low Risk,Normal,Normal,1.67,75.0,23.33,75.0,Routine Monitoring
MD03246,MRI Scanner,UltraMed,Model-250,12,3,5225.95,1.76,0,24.60441885588732,Low Risk,Normal,Normal,1.33,75.0,23.67,75.0,Routine Monitoring
MD00379,MRI Scanner,ImagingTech,Model-400,12,5,1616.02,4.19,0,24.218920175105414,Low Risk,Normal,Normal,2.0,75.0,23.0,75.0,Routine Monitoring
MD04166,Defibrillator,RescueTech,Model-300,8,5,19255.39,24.53,6,63.58401982244117,High Risk,Failure,Failure,75.0,6.67,18.33,75.0,Inspect Immediately
MD02003,Infusion Pump,RescueTech,Model-200,5,2,5593.49,2.73,0,13.04084748230993,Low Risk,Normal,Normal,0.33,75.0,24.67,75.0,Routine Monitoring
MD01045,Defibrillator,RescueTech,Model-550,2,5,7788.49,3.31,1,12.221148483756105,Low Risk,Normal,Normal,0.67,75.0,24.33,75.0,Routine Monitoring
MD00944,PET Scanner,CardioSync,Model-200,11,2,2598.81,5.69,0,24.50220228511295,Low Risk,Normal,Normal,0.67,75.0,24.33,75.0,Routine Monitoring
MD02466,MRI Scanner,CardioSync,Model-650,3,4,1014.02,5.55,0,8.67286396789058,Low Risk,Normal,Normal,6.0,75.0,19.0,75.0,Routine Monitoring
MD04854,PET Scanner,UltraMed,Model-100,6,2,20762.48,31.94,9,75.3898343424521,High Risk,Failure,Failure,75.0,0.67,24.33,75.0,Inspect Immediately
MD01440,X-Ray Machine,CardioSync,Model-400,12,4,7642.12,6.55,1,33.28894197874688,Medium Risk,Normal,Normal,1.33,75.0,23.67,75.0,Routine Monitoring
MD04499,CT Scanner,ImagingTech,Model-500,11,4,5713.88,6.15,0,27.19651359694384,Medium Risk,Normal,Normal,1.0,75.0,24.0,75.0,Routine Monitoring
MD04354,MRI Scanner,RescueTech,Model-100,3,4,832.9,4.52,0,7.5895572066841455,Low Risk,Normal,Normal,3.33,75.0,21.67,75.0,Routine Monitoring
MD00907,MRI Scanner,ScanPro,Model-450,8,4,666.02,4.84,0,16.85445504307411,Low Risk,Normal,Normal,2.0,75.0,23.0,75.0,Routine Monitoring
MD04302,MRI Scanner,ScanPro,Model-550,7,4,1034.94,1.61,1,14.821669610705367,Low Risk,Normal,Normal,7.67,75.0,17.33,75.0,Routine Monitoring
MD04471,MRI Scanner,CardioSync,Model-500,7,3,9638.31,14.88,1,33.34629072716843,Medium Risk,Normal,Risk to Failure,15.33,9.67,75.0,75.0,Schedule Preventive Maintenance
MD00368,CT Scanner,UltraMed,Model-350,7,3,5163.52,6.31,0,19.670613593109213,Low Risk,Normal,Normal,3.33,75.0,21.67,75.0,Routine Monitoring
MD03757,Defibrillator,RescueTech,Model-500,10,4,734.71,3.08,1,21.415245917611387,Low Risk,Normal,Normal,1.33,75.0,23.67,75.0,Routine Monitoring
MD02501,Defibrillator,CardioSync,Model-250,7,1,4446.43,5.91,0,18.77873100581209,Low Risk,Normal,Normal,1.33,75.0,23.67,75.0,Routine Monitoring
MD00793,Infusion Pump,CardioSync,Model-650,3,4,18702.52,19.5,8,54.444390168216,High Risk,Failure,Failure,75.0,1.33,23.67,75.0,Inspect Immediately
MD03719,Defibrillator,ScanPro,Model-300,8,3,22091.64,24.88,5,63.47360029405414,High Risk,Failure,Failure,75.0,4.67,20.33,75.0,Inspect Immediately
MD01825,Infusion Pump,MedEquip,Model-150,9,3,3051.06,2.16,1,20.434850178252347,Low Risk,Normal,Normal,1.0,75.0,24.0,75.0,Routine Monitoring
MD05156,CT Scanner,RescueTech,Model-600,7,5,2186.94,7.89,0,18.961433410681533,Low Risk,Normal,Normal,1.67,75.0,23.33,75.0,Routine Monitoring
MD00094,Infusion Pump,ImagingTech,Model-500,2,4,874.57,1.88,2,8.363309755726757,Low Risk,Risk to Failure,Normal,5.33,75.0,19.67,75.0,Routine Monitoring
MD01472,Infusion Pump,RescueTech,Model-200,2,4,22245.51,14.98,4,41.03252024441595,Medium Risk,Failure,Failure,75.0,6.0,19.0,75.0,Inspect Immediately
MD03871,Infusion Pump,CardioSync,Model-550,2,1,589.29,0.57,3,9.44549820151386,Low Risk,Risk to Failure,Normal,0.0,75.0,25.0,75.0,Routine Monitoring
MD05004,PET Scanner,CardioSync,Model-300,7,3,20099.49,32.8,3,62.51934036717779,High Risk,Risk to Failure,Failure,75.0,3.67,21.33,75.0,Inspect Immediately
MD02036,MRI Scanner,CardioSync,Model-400,2,4,1795.94,3.99,0,5.98345076982928,Low Risk,Normal,Normal,0.0,75.0,25.0,75.0,Routine Monitoring
MD04383,CT Scanner,RescueTech,Model-650,7,5,6618.53,11.86,1,28.35686940224164,Medium Risk,Normal,Risk to Failure,3.0,22.0,75.0,75.0,Schedule Preventive Maintenance
MD04341,Defibrillator,UltraMed,Model-400,7,2,18033.42,29.28,3,57.762906560792665,High Risk,Risk to Failure,Failure,75.0,5.67,19.33,75.0,Inspect Immediately
MD02497,X-Ray Machine,ScanPro,Model-150,3,5,1121.32,7.57,0,10.61679921485752,Low Risk,Normal,Normal,1.0,75.0,24.0,75.0,Routine Monitoring
MD00968,CT Scanner,CardioSync,Model-550,9,1,19924.73,28.78,2,59.815331211302535,High Risk,Risk to Failure,Failure,74.67,0.67,24.67,74.67,Inspect Immediately
MD03358,PET Scanner,MedEquip,Model-200,11,1,7011.0,6.25,0,28.23387417484516,Medium Risk,Normal,Normal,2.67,74.67,22.67,74.67,Routine Monitoring
MD00737,MRI Scanner,ImagingTech,Model-350,7,4,14644.77,12.72,3,39.998593257049286,Medium Risk,Risk to Failure,Risk to Failure,14.0,11.33,74.67,74.67,Schedule Preventive Maintenance
MD00577,Infusion Pump,ImagingTech,Model-400,10,4,2266.04,2.64,0,19.62446797504396,Low Risk,Normal,Normal,0.33,74.67,25.0,74.67,Routine Monitoring
MD04100,X-Ray Machine,ScanPro,Model-150,11,2,8808.36,4.02,0,27.483583014026564,Medium Risk,Normal,Normal,6.0,74.67,19.33,74.67,Routine Monitoring
MD04074,MRI Scanner,RescueTech,Model-100,11,1,5925.57,4.41,0,25.74359410614541,Low Risk,Normal,Normal,2.67,74.67,22.67,74.67,Routine Monitoring
MD05154,CT Scanner,UltraMed,Model-100,3,4,765.44,5.31,2,13.270090104761946,Low Risk,Risk to Failure,Normal,1.0,74.67,24.33,74.67,Routine Monitoring
MD04472,Defibrillator,CardioSync,Model-100,2,4,2115.01,7.23,1,11.708514956502508,Low Risk,Normal,Normal,0.67,74.67,24.67,74.67,Routine Monitoring
MD00447,MRI Scanner,MedEquip,Model-200,8,4,5940.77,2.13,1,20.6942110386296,Low Risk,Normal,Normal,0.0,74.67,25.33,74.67,Routine Monitoring
MD04329,CT Scanner,ImagingTech,Model-200,6,1,3679.58,2.55,0,13.298424599796824,Low Risk,Normal,Normal,1.0,74.67,24.33,74.67,Routine Monitoring
MD03230,Defibrillator,ScanPro,Model-150,6,2,3087.88,6.55,1,19.061932301927552,Low Risk,Normal,Normal,3.67,74.67,21.67,74.67,Routine Monitoring
MD04358,X-Ray Machine,RescueTech,Model-200,8,3,15949.2,20.35,3,49.81451049789031,High Risk,Risk to Failure,Failure,74.67,2.67,22.67,74.67,Inspect Immediately
MD03829,MRI Scanner,RescueTech,Model-400,7,3,7348.01,0.92,0,16.28364059499163,Low Risk,Normal,Normal,0.33,74.67,25.0,74.67,Routine Monitoring
MD00643,Infusion Pump,ImagingTech,Model-100,12,2,5642.36,0.75,1,26.47490593306925,Low Risk,Normal,Normal,0.0,74.67,25.33,74.67,Routine Monitoring
MD02493,X-Ray Machine,CardioSync,Model-150,6,5,8819.91,1.7,0,16.258231348172266,Low Risk,Normal,Normal,1.0,74.67,24.33,74.67,Routine Monitoring
MD04132,MRI Scanner,CardioSync,Model-200,10,4,7061.66,5.9,0,26.129324027963968,Low Risk,Normal,Normal,2.33,74.67,23.0,74.67,Routine Monitoring
MD00980,PET Scanner,RescueTech,Model-100,8,5,3569.65,4.9,1,21.525266993986342,Low Risk,Normal,Normal,1.33,74.67,24.0,74.67,Routine Monitoring
MD03717,CT Scanner,ImagingTech,Model-550,10,1,1709.94,4.88,0,21.28829572468113,Low Risk,Normal,Normal,0.67,74.67,24.67,74.67,Routine Monitoring
MD04140,Defibrillator,MedEquip,Model-250,4,5,3503.25,6.24,2,17.941849791504698,Low Risk,Risk to Failure,Normal,3.0,74.67,22.33,74.67,Routine Monitoring
MD00917,CT Scanner,ScanPro,Model-450,5,1,25413.98,14.92,5,51.23998516086969,High Risk,Failure,Failure,74.67,3.0,22.33,74.67,Inspect Immediately
MD03347,MRI Scanner,MedEquip,Model-250,9,5,27144.75,26.17,5,70.16464710875263,High Risk,Failure,Failure,74.67,1.67,23.67,74.67,Inspect Immediately
MD01670,PET Scanner,UltraMed,Model-350,2,4,23464.77,26.97,7,60.49530002079143,High Risk,Failure,Failure,74.67,1.0,24.33,74.67,Inspect Immediately
MD03257,CT Scanner,CardioSync,Model-250,7,5,7011.0,13.88,2,33.008560695221334,Medium Risk,Risk to Failure,Risk to Failure,10.33,15.0,74.67,74.67,Schedule Preventive Maintenance
MD04393,CT Scanner,ScanPro,Model-100,9,2,5603.18,6.8,0,24.079870702876985,Low Risk,Normal,Normal,1.67,74.67,23.67,74.67,Routine Monitoring
MD01961,PET Scanner,ScanPro,Model-400,12,2,4412.86,2.18,0,24.39998616539021,Low Risk,Normal,Normal,0.33,74.67,25.0,74.67,Routine Monitoring
MD00822,CT Scanner,ScanPro,Model-500,5,2,6383.43,2.91,0,13.782601802400473,Low Risk,Normal,Normal,1.67,74.67,23.67,74.67,Routine Monitoring
MD00984,Infusion Pump,ScanPro,Model-150,9,3,8066.82,1.94,0,21.38579999568612,Low Risk,Normal,Normal,1.33,74.67,24.0,74.67,Routine Monitoring
MD03326,X-Ray Machine,CardioSync,Model-650,8,3,26286.35,28.34,6,72.22540203404711,High Risk,Failure,Failure,74.67,1.33,24.0,74.67,Inspect Immediately
MD04392,Defibrillator,ImagingTech,Model-300,6,4,4304.75,1.84,1,15.598094034708533,Low Risk,Normal,Normal,0.67,74.67,24.67,74.67,Routine Monitoring
MD03398,CT Scanner,MedEquip,Model-450,7,2,795.34,5.25,0,15.50918182542605,Low Risk,Normal,Normal,1.67,74.67,23.67,74.67,Routine Monitoring
MD01624,CT Scanner,CardioSync,Model-550,4,4,27841.75,30.69,3,60.75640307592385,High Risk,Risk to Failure,Failure,74.67,4.67,20.67,74.67,Inspect Immediately
MD00234,Defibrillator,ImagingTech,Model-200,10,2,1596.39,1.62,0,18.19448694305517,Low Risk,Normal,Normal,1.33,74.67,24.0,74.67,Routine Monitoring
MD01663,Defibrillator,UltraMed,Model-250,12,4,7906.73,4.39,1,31.48664547371675,Medium Risk,Normal,Normal,7.0,74.33,18.67,74.33,Routine Monitoring
MD02118,PET Scanner,UltraMed,Model-250,8,1,7058.5,0.59,0,17.586101573856034,Low Risk,Normal,Normal,5.0,74.33,20.67,74.33,Routine Monitoring
MD00759,X-Ray Machine,ImagingTech,Model-600,11,4,5058.4,1.63,2,27.54409727130541,Medium Risk,Risk to Failure,Normal,0.67,74.33,25.0,74.33,Routine Monitoring
MD01821,Infusion Pump,UltraMed,Model-650,2,5,2022.23,5.72,1,10.246217136782494,Low Risk,Normal,Normal,0.67,74.33,25.0,74.33,Routine Monitoring
MD03124,Defibrillator,UltraMed,Model-400,8,5,4051.39,3.77,0,18.332511760163413,Low Risk,Normal,Normal,0.33,74.33,25.33,74.33,Routine Monitoring
MD04957,PET Scanner,ImagingTech,Model-400,3,5,8099.72,1.56,0,10.149692634124037,Low Risk,Normal,Normal,0.33,74.33,25.33,74.33,Routine Monitoring
MD04607,CT Scanner,CardioSync,Model-150,8,5,6954.44,6.2,3,30.191940570212,Medium Risk,Risk to Failure,Normal,1.0,74.33,24.67,74.33,Routine Monitoring
MD04986,MRI Scanner,MedEquip,Model-300,5,5,4790.11,6.66,0,16.085483931022623,Low Risk,Normal,Normal,3.0,74.33,22.67,74.33,Routine Monitoring
MD03442,X-Ray Machine,ScanPro,Model-500,7,2,8071.71,6.68,0,22.1310777084062,Low Risk,Normal,Normal,3.33,74.33,22.33,74.33,Routine Monitoring
MD02836,PET Scanner,UltraMed,Model-600,2,3,24727.16,29.85,3,54.07509260238325,High Risk,Risk to Failure,Failure,74.33,2.67,23.0,74.33,Inspect Immediately
MD01168,Defibrillator,MedEquip,Model-150,12,3,1447.33,6.79,1,28.997501604062336,Medium Risk,Normal,Normal,1.67,74.33,24.0,74.33,Routine Monitoring
MD00166,MRI Scanner,MedEquip,Model-450,6,5,18092.08,20.4,4,50.28549010477748,High Risk,Failure,Failure,74.33,4.67,21.0,74.33,Inspect Immediately
MD04923,Defibrillator,CardioSync,Model-200,3,3,23318.8,21.13,1,41.813049058364015,Medium Risk,Normal,Failure,74.33,2.67,23.0,74.33,Inspect Immediately
MD02094,MRI Scanner,CardioSync,Model-350,4,5,4852.21,7.63,1,17.708480035971448,Low Risk,Normal,Normal,4.33,74.33,21.33,74.33,Routine Monitoring
MD03528,PET Scanner,ImagingTech,Model-500,7,2,6916.19,2.13,0,17.086655872626338,Low Risk,Normal,Normal,0.33,74.33,25.33,74.33,Routine Monitoring
MD04290,X-Ray Machine,UltraMed,Model-250,8,1,11960.65,9.69,1,32.06265702570157,Medium Risk,Normal,Risk to Failure,5.67,20.0,74.33,74.33,Schedule Preventive Maintenance
MD01540,Defibrillator,MedEquip,Model-350,10,1,4991.45,5.75,0,24.482558819806915,Low Risk,Normal,Normal,1.67,74.33,24.0,74.33,Routine Monitoring
MD02038,Infusion Pump,CardioSync,Model-100,2,4,631.62,6.56,0,7.5089725144908925,Low Risk,Normal,Normal,1.67,74.33,24.0,74.33,Routine Monitoring
MD01321,Defibrillator,UltraMed,Model-400,10,4,8660.96,5.9,0,27.29446848351046,Medium Risk,Normal,Normal,5.0,74.33,20.67,74.33,Routine Monitoring
MD02293,Infusion Pump,RescueTech,Model-500,2,2,3201.84,2.71,0,5.825430736374747,Low Risk,Normal,Normal,5.67,74.33,20.0,74.33,Routine Monitoring
MD04695,MRI Scanner,ScanPro,Model-500,6,4,8178.0,11.73,2,30.05474063802984,Medium Risk,Risk to Failure,Risk to Failure,8.33,17.33,74.33,74.33,Schedule Preventive Maintenance
MD02281,Infusion Pump,ScanPro,Model-650,6,4,2713.72,2.94,0,12.95498440771054,Low Risk,Normal,Normal,1.33,74.33,24.33,74.33,Routine Monitoring
MD05253,MRI Scanner,RescueTech,Model-650,1,4,7011.0,1.26,0,5.443065845243724,Low Risk,Normal,Normal,1.67,74.33,24.0,74.33,Routine Monitoring
MD05078,Infusion Pump,MedEquip,Model-400,12,1,8830.11,5.92,0,31.072536555481864,Medium Risk,Normal,Normal,4.0,74.33,21.67,74.33,Routine Monitoring
MD03594,PET Scanner,ImagingTech,Model-200,12,1,2380.17,7.45,0,27.786713189069616,Medium Risk,Normal,Normal,2.67,74.33,23.0,74.33,Routine Monitoring
MD02288,MRI Scanner,ScanPro,Model-650,11,2,2960.37,4.18,0,23.370906611289893,Low Risk,Normal,Normal,11.67,74.33,14.0,74.33,Routine Monitoring
MD01892,PET Scanner,CardioSync,Model-300,11,4,2077.32,1.5,0,20.25220518825821,Low Risk,Normal,Normal,0.33,74.33,25.33,74.33,Routine Monitoring
MD01897,Infusion Pump,ScanPro,Model-150,5,1,2184.61,6.19,1,16.253175245720165,Low Risk,Normal,Normal,2.0,74.33,23.67,74.33,Routine Monitoring
MD04999,X-Ray Machine,RescueTech,Model-600,1,5,913.29,5.55,2,9.963115099858587,Low Risk,Risk to Failure,Normal,2.0,74.33,23.67,74.33,Routine Monitoring
MD04148,Defibrillator,ScanPro,Model-650,7,1,5126.53,5.1,1,21.02605428233204,Low Risk,Normal,Normal,2.67,74.33,23.0,74.33,Routine Monitoring
MD04470,Defibrillator,CardioSync,Model-550,7,3,2879.29,3.44,2,20.355612263409014,Low Risk,Risk to Failure,Normal,1.67,74.33,24.0,74.33,Routine Monitoring
MD04095,PET Scanner,RescueTech,Model-150,3,3,6723.33,4.73,0,12.07490136163248,Low Risk,Normal,Normal,0.67,74.33,25.0,74.33,Routine Monitoring
MD03497,CT Scanner,ScanPro,Model-550,8,1,7417.19,6.47,1,25.77845392365647,Low Risk,Normal,Normal,1.0,74.0,25.0,74.0,Routine Monitoring
MD00303,MRI Scanner,UltraMed,Model-150,6,4,7430.42,6.53,1,22.20714751156742,Low Risk,Normal,Normal,2.0,74.0,24.0,74.0,Routine Monitoring
MD02806,CT Scanner,MedEquip,Model-150,12,2,5251.36,6.07,0,28.60384223534284,Medium Risk,Normal,Normal,3.67,74.0,22.33,74.0,Routine Monitoring
MD03190,Defibrillator,RescueTech,Model-350,6,2,6633.94,7.24,8,39.78267291397224,Medium Risk,Failure,Normal,7.0,74.0,19.0,74.0,Routine Monitoring
MD02328,Defibrillator,MedEquip,Model-250,9,5,5928.75,3.62,1,23.879867405004457,Low Risk,Normal,Normal,1.67,74.0,24.33,74.0,Routine Monitoring
MD02900,MRI Scanner,CardioSync,Model-450,7,4,6810.47,7.34,1,24.32182737443302,Low Risk,Normal,Normal,2.33,74.0,23.67,74.0,Routine Monitoring
MD01436,Infusion Pump,CardioSync,Model-250,6,3,6140.74,6.29,0,18.54589688193504,Low Risk,Normal,Normal,1.0,74.0,25.0,74.0,Routine Monitoring
MD02061,PET Scanner,MedEquip,Model-300,5,3,6347.5,6.75,0,17.303223604677818,Low Risk,Normal,Normal,1.33,74.0,24.67,74.0,Routine Monitoring
MD04910,Defibrillator,MedEquip,Model-250,5,5,7705.77,2.56,1,16.9226956141559,Low Risk,Normal,Normal,1.33,74.0,24.67,74.0,Routine Monitoring
MD03462,PET Scanner,MedEquip,Model-250,11,5,8233.8,0.8,1,26.590858577409143,Low Risk,Normal,Normal,0.67,74.0,25.33,74.0,Routine Monitoring
MD00172,Defibrillator,RescueTech,Model-250,4,4,6900.56,4.36,1,16.180452495413487,Low Risk,Normal,Normal,3.33,74.0,22.67,74.0,Routine Monitoring
MD00370,PET Scanner,UltraMed,Model-100,5,4,19733.21,28.88,5,59.99543963540066,High Risk,Failure,Failure,74.0,2.0,24.0,74.0,Inspect Immediately
MD04490,MRI Scanner,UltraMed,Model-650,3,2,897.77,5.15,0,8.218713760178622,Low Risk,Normal,Normal,9.0,74.0,17.0,74.0,Routine Monitoring
MD03443,CT Scanner,ImagingTech,Model-450,2,1,6933.13,6.1,0,11.674960069170352,Low Risk,Normal,Normal,8.67,74.0,17.33,74.0,Routine Monitoring
MD01728,Infusion Pump,RescueTech,Model-150,3,5,5337.25,4.3,0,10.667927441793756,Low Risk,Normal,Normal,0.33,74.0,25.67,74.0,Routine Monitoring
MD04462,MRI Scanner,ScanPro,Model-150,5,4,4343.59,1.08,0,10.60623803444966,Low Risk,Normal,Normal,1.0,74.0,25.0,74.0,Routine Monitoring
MD00837,MRI Scanner,ScanPro,Model-600,8,2,755.05,6.55,0,18.49874992426472,Low Risk,Normal,Normal,7.67,74.0,18.33,74.0,Routine Monitoring
MD00550,PET Scanner,MedEquip,Model-650,11,5,7183.22,2.36,0,24.766362007918826,Low Risk,Normal,Normal,0.0,74.0,26.0,74.0,Routine Monitoring
MD02472,MRI Scanner,CardioSync,Model-100,5,4,10285.91,13.78,4,36.66571586887123,Medium Risk,Failure,Risk to Failure,10.0,16.0,74.0,74.0,Schedule Preventive Maintenance
MD01933,CT Scanner,RescueTech,Model-250,8,1,5863.35,3.41,1,21.820073944781196,Low Risk,Normal,Normal,1.33,74.0,24.67,74.0,Routine Monitoring
MD02668,PET Scanner,ImagingTech,Model-200,9,2,1886.62,5.92,1,23.05942242986624,Low Risk,Normal,Normal,0.67,74.0,25.33,74.0,Routine Monitoring
MD04056,CT Scanner,ScanPro,Model-200,9,5,8019.86,7.26,2,31.2653811416327,Medium Risk,Risk to Failure,Normal,2.67,74.0,23.33,74.0,Routine Monitoring
MD02804,PET Scanner,ScanPro,Model-250,5,5,6651.7,3.74,1,17.244671239266662,Low Risk,Normal,Normal,1.0,74.0,25.0,74.0,Routine Monitoring
MD03959,Defibrillator,MedEquip,Model-250,3,3,8203.38,4.58,0,13.014621337461229,Low Risk,Normal,Normal,7.0,74.0,19.0,74.0,Routine Monitoring
MD05151,X-Ray Machine,MedEquip,Model-650,9,1,5804.55,5.23,0,22.77645244544268,Low Risk,Normal,Normal,1.67,74.0,24.33,74.0,Routine Monitoring
MD01201,PET Scanner,UltraMed,Model-200,10,3,8866.97,1.66,1,26.02829761899519,Low Risk,Normal,Normal,4.0,74.0,22.0,74.0,Routine Monitoring
MD02043,X-Ray Machine,UltraMed,Model-600,7,5,4321.91,7.07,0,19.759442521275773,Low Risk,Normal,Normal,0.67,74.0,25.33,74.0,Routine Monitoring
MD04921,Defibrillator,MedEquip,Model-250,5,5,8515.96,2.54,0,14.994473684078608,Low Risk,Normal,Normal,3.33,74.0,22.67,74.0,Routine Monitoring
MD02005,X-Ray Machine,ScanPro,Model-250,7,5,8963.49,3.74,1,22.565252533910684,Low Risk,Normal,Normal,6.33,74.0,19.67,74.0,Routine Monitoring
MD01518,Defibrillator,CardioSync,Model-550,4,1,6576.87,0.78,0,10.137983072708492,Low Risk,Normal,Normal,0.33,74.0,25.67,74.0,Routine Monitoring
MD03548,Defibrillator,ImagingTech,Model-350,9,1,3966.98,1.64,0,18.12183348983664,Low Risk,Normal,Normal,1.0,74.0,25.0,74.0,Routine Monitoring
MD00017,CT Scanner,RescueTech,Model-650,12,3,4914.55,6.64,1,31.384942525134832,Medium Risk,Normal,Normal,5.67,74.0,20.33,74.0,Routine Monitoring
MD00329,PET Scanner,CardioSync,Model-100,12,5,4580.39,6.72,0,28.715387223178897,Medium Risk,Normal,Normal,1.0,74.0,25.0,74.0,Routine Monitoring
MD00734,X-Ray Machine,CardioSync,Model-550,7,1,2662.09,4.46,1,18.63949290122447,Low Risk,Normal,Normal,1.0,74.0,25.0,74.0,Routine Monitoring
MD02947,Defibrillator,ImagingTech,Model-100,8,4,26511.78,27.3,2,61.42904432479874,High Risk,Risk to Failure,Failure,73.67,3.67,22.67,73.67,Inspect Immediately
MD02323,MRI Scanner,RescueTech,Model-450,3,3,8464.0,7.69,1,18.577028819136306,Low Risk,Normal,Normal,8.67,73.67,17.67,73.67,Routine Monitoring
MD00446,Defibrillator,ScanPro,Model-500,6,4,24668.07,26.51,5,63.21979543050812,High Risk,Failure,Failure,73.67,11.0,15.33,73.67,Inspect Immediately
MD01274,MRI Scanner,ScanPro,Model-250,7,5,8230.66,15.37,2,35.273356023135186,Medium Risk,Risk to Failure,Risk to Failure,10.67,15.67,73.67,73.67,Schedule Preventive Maintenance
MD04381,MRI Scanner,ImagingTech,Model-550,3,3,887.21,4.7,0,7.79538004685618,Low Risk,Normal,Normal,2.0,73.67,24.33,73.67,Routine Monitoring
MD00740,Infusion Pump,MedEquip,Model-400,4,5,6863.98,5.74,0,14.92843326289418,Low Risk,Normal,Normal,1.0,73.67,25.33,73.67,Routine Monitoring
MD01203,X-Ray Machine,ImagingTech,Model-400,8,2,2356.88,7.78,2,25.801821314720005,Low Risk,Risk to Failure,Normal,3.0,73.67,23.33,73.67,Routine Monitoring
MD01616,CT Scanner,ImagingTech,Model-600,2,3,6032.31,6.39,2,16.286539197617824,Low Risk,Risk to Failure,Normal,11.33,73.67,15.0,73.67,Routine Monitoring
MD00492,Defibrillator,RescueTech,Model-200,8,5,6818.22,3.22,0,19.840236612045224,Low Risk,Normal,Normal,1.33,73.67,25.0,73.67,Routine Monitoring
MD03035,Defibrillator,ScanPro,Model-100,11,1,12261.52,9.38,1,37.45006646108678,Medium Risk,Normal,Risk to Failure,11.0,15.33,73.67,73.67,Schedule Preventive Maintenance
MD02307,MRI Scanner,ImagingTech,Model-550,4,2,3571.81,3.64,1,13.09032025129043,Low Risk,Normal,Normal,1.0,73.67,25.33,73.67,Routine Monitoring
MD05316,X-Ray Machine,CardioSync,Model-350,8,3,8866.09,1.0,0,19.281686961365352,Low Risk,Normal,Normal,1.67,73.67,24.67,73.67,Routine Monitoring
MD00695,Defibrillator,UltraMed,Model-650,6,4,2506.72,1.35,0,11.335581806798874,Low Risk,Normal,Normal,0.33,73.67,26.0,73.67,Routine Monitoring
MD00597,Infusion Pump,UltraMed,Model-250,11,2,3711.07,6.55,0,26.10685650773192,Low Risk,Normal,Normal,0.33,73.67,26.0,73.67,Routine Monitoring
MD05256,Defibrillator,ScanPro,Model-250,5,3,8813.82,2.67,1,17.83154871840983,Low Risk,Normal,Normal,9.33,73.67,17.0,73.67,Routine Monitoring
MD01448,Infusion Pump,RescueTech,Model-650,4,5,6858.54,6.14,3,22.793928165913176,Low Risk,Risk to Failure,Normal,1.0,73.67,25.33,73.67,Routine Monitoring
MD00398,PET Scanner,MedEquip,Model-550,5,1,13293.6,14.85,1,32.34522084313194,Medium Risk,Normal,Risk to Failure,11.0,15.33,73.67,73.67,Schedule Preventive Maintenance
MD05191,Defibrillator,RescueTech,Model-650,10,2,3379.66,4.97,1,25.08787162461754,Low Risk,Normal,Normal,6.67,73.67,19.67,73.67,Routine Monitoring
MD04495,CT Scanner,CardioSync,Model-550,3,5,21169.74,20.12,8,56.81450396749064,High Risk,Failure,Failure,73.67,0.33,26.0,73.67,Inspect Immediately
MD05182,PET Scanner,RescueTech,Model-150,11,4,1101.75,6.8,1,26.93678945302124,Low Risk,Normal,Normal,1.33,73.67,25.0,73.67,Routine Monitoring
MD03646,MRI Scanner,ScanPro,Model-450,10,1,7011.0,1.56,0,22.083795804939207,Low Risk,Normal,Normal,3.33,73.67,23.0,73.67,Routine Monitoring
MD02550,PET Scanner,RescueTech,Model-650,11,4,561.61,4.93,0,22.31606233958142,Low Risk,Normal,Normal,1.33,73.67,25.0,73.67,Routine Monitoring
MD02379,MRI Scanner,ImagingTech,Model-250,7,3,8759.74,4.74,0,20.840459047869,Low Risk,Normal,Normal,8.67,73.67,17.67,73.67,Routine Monitoring
MD02770,CT Scanner,UltraMed,Model-500,7,3,9297.87,8.97,0,25.139524763596963,Low Risk,Normal,Risk to Failure,11.67,14.67,73.67,73.67,Schedule Preventive Maintenance
MD02348,Infusion Pump,UltraMed,Model-500,4,4,2774.53,7.82,0,13.87031208756432,Low Risk,Normal,Normal,2.67,73.67,23.67,73.67,Routine Monitoring
MD00072,PET Scanner,ImagingTech,Model-550,6,3,27298.82,16.59,4,53.473824722926615,High Risk,Failure,Failure,73.67,3.33,23.0,73.67,Inspect Immediately
MD01392,Defibrillator,UltraMed,Model-650,5,4,14219.69,13.16,2,33.958948321052304,Medium Risk,Risk to Failure,Risk to Failure,14.33,12.0,73.67,73.67,Schedule Preventive Maintenance
MD03565,CT Scanner,RescueTech,Model-300,5,1,6168.23,7.7,3,25.55008236539548,Low Risk,Risk to Failure,Normal,3.0,73.67,23.33,73.67,Routine Monitoring
MD04801,MRI Scanner,MedEquip,Model-500,8,1,3033.43,1.24,0,15.254070610745746,Low Risk,Normal,Normal,1.0,73.67,25.33,73.67,Routine Monitoring
MD00223,Infusion Pump,ImagingTech,Model-400,9,5,6993.8,3.29,0,21.850989605582654,Low Risk,Normal,Normal,1.33,73.67,25.0,73.67,Routine Monitoring
MD03454,MRI Scanner,ScanPro,Model-200,7,4,26465.63,15.43,4,53.61357071093117,High Risk,Failure,Failure,73.67,5.67,20.67,73.67,Inspect Immediately
MD00590,Infusion Pump,MedEquip,Model-150,12,2,8213.47,5.52,0,30.25383521032796,Medium Risk,Normal,Normal,2.33,73.67,24.0,73.67,Routine Monitoring
MD01223,X-Ray Machine,MedEquip,Model-300,2,2,5605.27,0.63,0,5.655228986086842,Low Risk,Normal,Normal,0.67,73.67,25.67,73.67,Routine Monitoring
MD01299,Defibrillator,UltraMed,Model-150,3,4,5304.48,6.32,0,12.509816928810467,Low Risk,Normal,Normal,1.33,73.67,25.0,73.67,Routine Monitoring
MD01098,Infusion Pump,UltraMed,Model-550,8,5,27372.94,23.51,4,63.55581291649386,High Risk,Failure,Failure,73.67,4.33,22.0,73.67,Inspect Immediately
MD01044,Defibrillator,ImagingTech,Model-500,10,1,24154.1,21.18,3,60.195048517174,High Risk,Risk to Failure,Failure,73.67,1.67,24.67,73.67,Inspect Immediately
MD03535,PET Scanner,ScanPro,Model-550,2,2,3972.08,6.17,1,12.082389586550104,Low Risk,Normal,Normal,1.0,73.67,25.33,73.67,Routine Monitoring
MD01965,Infusion Pump,UltraMed,Model-650,11,5,8075.86,6.2,2,33.96347864361505,Medium Risk,Risk to Failure,Normal,2.67,73.67,23.67,73.67,Routine Monitoring
MD03803,PET Scanner,RescueTech,Model-500,6,4,7011.0,7.63,0,20.41759562580799,Low Risk,Normal,Normal,5.0,73.67,21.33,73.67,Routine Monitoring
MD03250,Infusion Pump,RescueTech,Model-100,12,4,3161.58,2.04,0,23.359075774082157,Low Risk,Normal,Normal,0.0,73.67,26.33,73.67,Routine Monitoring
MD03284,Infusion Pump,UltraMed,Model-600,8,4,7339.99,0.64,0,17.837358880691113,Low Risk,Normal,Normal,0.33,73.67,26.0,73.67,Routine Monitoring
MD03430,Defibrillator,ImagingTech,Model-600,2,4,6371.68,1.6,0,7.10952070368128,Low Risk,Normal,Normal,0.33,73.67,26.0,73.67,Routine Monitoring
MD03599,Defibrillator,UltraMed,Model-100,7,1,7399.65,6.55,1,24.021385244408563,Low Risk,Normal,Normal,2.33,73.33,24.33,73.33,Routine Monitoring
MD04008,PET Scanner,MedEquip,Model-150,11,4,1674.9,5.64,2,28.782920154209734,Medium Risk,Risk to Failure,Normal,0.0,73.33,26.67,73.33,Routine Monitoring
MD04702,Infusion Pump,RescueTech,Model-600,11,4,7689.8,6.72,0,29.16251636699347,Medium Risk,Normal,Normal,12.0,73.33,14.67,73.33,Routine Monitoring
MD03820,Infusion Pump,ImagingTech,Model-400,7,2,7561.95,2.09,0,17.520168187507885,Low Risk,Normal,Normal,1.67,73.33,25.0,73.33,Routine Monitoring
MD04912,CT Scanner,ScanPro,Model-100,3,2,8536.41,6.46,2,19.99369822356263,Low Risk,Risk to Failure,Normal,4.33,73.33,22.33,73.33,Routine Monitoring
MD01920,Infusion Pump,RescueTech,Model-100,7,4,8159.61,6.9,0,22.39831781906248,Low Risk,Normal,Normal,2.33,73.33,24.33,73.33,Routine Monitoring
MD01038,Infusion Pump,CardioSync,Model-150,11,2,3599.03,7.76,0,27.142842393754457,Medium Risk,Normal,Normal,9.0,73.33,17.67,73.33,Routine Monitoring
MD04102,X-Ray Machine,MedEquip,Model-350,4,1,8481.48,1.04,0,11.765704032648529,Low Risk,Normal,Normal,0.67,73.33,26.0,73.33,Routine Monitoring
MD01330,CT Scanner,CardioSync,Model-350,7,4,7925.73,7.58,0,22.85600710058487,Low Risk,Normal,Normal,7.67,73.33,19.0,73.33,Routine Monitoring
MD04625,X-Ray Machine,UltraMed,Model-150,9,4,703.41,5.83,0,19.614285615197097,Low Risk,Normal,Normal,0.33,73.33,26.33,73.33,Routine Monitoring
MD01360,CT Scanner,RescueTech,Model-150,2,3,1026.52,3.91,0,5.349010499814978,Low Risk,Normal,Normal,0.33,73.33,26.33,73.33,Routine Monitoring
MD00522,CT Scanner,RescueTech,Model-600,8,4,11469.47,14.04,2,38.22267282942576,Medium Risk,Risk to Failure,Risk to Failure,10.0,16.67,73.33,73.33,Schedule Preventive Maintenance
MD02273,Defibrillator,ImagingTech,Model-250,2,2,1298.14,5.24,2,11.775343185741162,Low Risk,Risk to Failure,Normal,2.67,73.33,24.0,73.33,Routine Monitoring
MD04805,Defibrillator,UltraMed,Model-200,2,2,20393.34,30.79,6,59.28598390396467,High Risk,Failure,Failure,73.33,3.0,23.67,73.33,Inspect Immediately
MD03941,MRI Scanner,ImagingTech,Model-250,4,2,7011.0,4.4,0,13.797857605207897,Low Risk,Normal,Normal,2.67,73.33,24.0,73.33,Routine Monitoring
MD02383,X-Ray Machine,CardioSync,Model-400,9,2,553.9,4.19,0,17.990584168990498,Low Risk,Normal,Normal,0.0,73.33,26.67,73.33,Routine Monitoring
MD00113,MRI Scanner,ScanPro,Model-250,11,3,3812.02,6.37,0,26.014145859248845,Low Risk,Normal,Normal,3.0,73.33,23.67,73.33,Routine Monitoring
MD04688,PET Scanner,RescueTech,Model-150,2,1,7314.48,1.45,0,7.657835778151713,Low Risk,Normal,Normal,1.67,73.33,25.0,73.33,Routine Monitoring
MD01252,CT Scanner,ImagingTech,Model-500,3,2,611.26,3.97,0,6.920080000748769,Low Risk,Normal,Normal,0.33,73.33,26.33,73.33,Routine Monitoring
MD03120,PET Scanner,RescueTech,Model-150,10,4,3772.29,6.09,0,23.908398694862825,Low Risk,Normal,Normal,2.33,73.33,24.33,73.33,Routine Monitoring
MD03220,PET Scanner,ImagingTech,Model-300,10,2,7345.44,6.8,0,27.167348199868552,Medium Risk,Normal,Normal,1.67,73.33,25.0,73.33,Routine Monitoring
MD05359,X-Ray Machine,ImagingTech,Model-550,10,5,1656.37,6.78,1,25.50419426569253,Low Risk,Normal,Normal,0.0,73.33,26.67,73.33,Routine Monitoring
MD05447,Infusion Pump,CardioSync,Model-550,11,1,6412.42,1.57,0,23.475128183619294,Low Risk,Normal,Normal,0.33,73.33,26.33,73.33,Routine Monitoring
MD03365,Defibrillator,CardioSync,Model-350,8,1,14218.97,10.61,4,42.057673664602085,Medium Risk,Failure,Risk to Failure,9.67,17.0,73.33,73.33,Schedule Preventive Maintenance
MD03726,CT Scanner,ImagingTech,Model-100,12,4,1140.59,2.49,0,22.30235620242649,Low Risk,Normal,Normal,0.33,73.33,26.33,73.33,Routine Monitoring
MD01956,Infusion Pump,ScanPro,Model-300,10,5,6871.44,6.05,0,26.129289085023064,Low Risk,Normal,Normal,1.33,73.33,25.33,73.33,Routine Monitoring
MD00102,Defibrillator,ImagingTech,Model-150,9,1,8293.75,6.55,0,25.809131146578565,Low Risk,Normal,Normal,4.0,73.33,22.67,73.33,Routine Monitoring
MD03089,MRI Scanner,ScanPro,Model-400,10,1,7011.0,6.71,1,29.340569203953983,Medium Risk,Normal,Normal,5.0,73.33,21.67,73.33,Routine Monitoring
MD01470,X-Ray Machine,ImagingTech,Model-650,2,4,25848.67,31.54,1,51.4531113804355,High Risk,Normal,Failure,73.33,5.67,21.0,73.33,Inspect Immediately
MD03936,PET Scanner,CardioSync,Model-350,4,4,12579.28,12.01,2,29.88347989560304,Medium Risk,Risk to Failure,Risk to Failure,11.67,15.0,73.33,73.33,Schedule Preventive Maintenance
MD03384,X-Ray Machine,MedEquip,Model-650,7,1,4018.53,6.75,0,19.24285336832582,Low Risk,Normal,Normal,0.33,73.0,26.67,73.0,Routine Monitoring
MD02012,MRI Scanner,RescueTech,Model-250,9,2,3473.97,4.02,2,24.960934795519076,Low Risk,Risk to Failure,Normal,9.33,73.0,17.67,73.0,Routine Monitoring
MD00556,X-Ray Machine,UltraMed,Model-550,8,5,12526.02,14.38,2,39.30644485538001,Medium Risk,Risk to Failure,Risk to Failure,9.67,17.33,73.0,73.0,Schedule Preventive Maintenance
MD01445,CT Scanner,ImagingTech,Model-600,4,4,899.51,7.37,0,12.088655838389805,Low Risk,Normal,Normal,1.33,73.0,25.67,73.0,Routine Monitoring
MD02104,PET Scanner,ScanPro,Model-300,9,4,16553.25,19.07,5,55.89049728000397,High Risk,Failure,Failure,73.0,4.33,22.67,73.0,Inspect Immediately
MD01879,MRI Scanner,ScanPro,Model-500,6,1,8470.12,0.66,2,20.042806300888834,Low Risk,Risk to Failure,Normal,1.0,73.0,26.0,73.0,Routine Monitoring
MD02929,Infusion Pump,ImagingTech,Model-400,5,1,22789.14,17.49,7,56.701468401051365,High Risk,Failure,Failure,73.0,0.67,26.33,73.0,Inspect Immediately
MD01119,Defibrillator,CardioSync,Model-500,3,3,1435.41,1.8,0,5.516190967143995,Low Risk,Normal,Normal,0.33,73.0,26.67,73.0,Routine Monitoring
MD01552,CT Scanner,ScanPro,Model-400,5,3,8689.45,3.49,1,18.49833010510927,Low Risk,Normal,Normal,1.67,73.0,25.33,73.0,Routine Monitoring
MD02215,CT Scanner,MedEquip,Model-200,11,5,5824.06,4.38,0,25.641931258336825,Low Risk,Normal,Normal,0.33,73.0,26.67,73.0,Routine Monitoring
MD05486,X-Ray Machine,RescueTech,Model-600,12,5,8535.37,1.73,0,26.987734547287893,Low Risk,Normal,Normal,1.67,73.0,25.33,73.0,Routine Monitoring
MD01990,CT Scanner,RescueTech,Model-650,4,5,6598.18,2.48,0,11.723705176974496,Low Risk,Normal,Normal,0.0,73.0,27.0,73.0,Routine Monitoring
MD00742,CT Scanner,RescueTech,Model-300,6,2,2792.06,6.0,1,18.338412442511004,Low Risk,Normal,Normal,0.33,73.0,26.67,73.0,Routine Monitoring
MD00411,CT Scanner,MedEquip,Model-400,6,3,12586.3,9.9,4,36.57606621515973,Medium Risk,Failure,Risk to Failure,10.67,16.33,73.0,73.0,Schedule Preventive Maintenance
MD05091,Infusion Pump,ScanPro,Model-250,1,4,26221.92,32.3,4,58.10882532795242,High Risk,Failure,Failure,73.0,12.0,15.0,73.0,Inspect Immediately
MD04834,PET Scanner,RescueTech,Model-550,3,5,24113.74,30.34,5,60.89896328992562,High Risk,Failure,Failure,73.0,4.33,22.67,73.0,Inspect Immediately
MD04467,X-Ray Machine,ImagingTech,Model-500,8,2,5507.77,7.2,0,22.56163758208325,Low Risk,Normal,Normal,2.67,73.0,24.33,73.0,Routine Monitoring
MD04746,MRI Scanner,CardioSync,Model-500,3,4,14667.15,11.66,1,26.763106536243804,Low Risk,Normal,Risk to Failure,10.33,16.67,73.0,73.0,Schedule Preventive Maintenance
MD05048,CT Scanner,ScanPro,Model-400,5,1,4835.25,4.9,1,16.99275419306413,Low Risk,Normal,Normal,2.0,73.0,25.0,73.0,Routine Monitoring
MD01015,Defibrillator,MedEquip,Model-250,3,3,5608.12,1.73,2,13.491496978437702,Low Risk,Risk to Failure,Normal,11.67,73.0,15.33,73.0,Routine Monitoring
MD04930,X-Ray Machine,CardioSync,Model-200,10,5,7855.15,1.12,0,22.292383855642303,Low Risk,Normal,Normal,0.67,73.0,26.33,73.0,Routine Monitoring
MD02174,Defibrillator,UltraMed,Model-500,3,1,5478.75,7.56,2,18.782098749232585,Low Risk,Risk to Failure,Normal,8.0,73.0,19.0,73.0,Routine Monitoring
MD00055,Infusion Pump,ImagingTech,Model-100,9,3,2692.12,1.62,1,19.674581704799547,Low Risk,Normal,Normal,0.0,73.0,27.0,73.0,Routine Monitoring
MD02620,PET Scanner,CardioSync,Model-600,1,2,4444.07,5.91,0,7.867920756437877,Low Risk,Normal,Normal,2.33,73.0,24.67,73.0,Routine Monitoring
MD01004,MRI Scanner,MedEquip,Model-100,11,4,583.2,0.79,1,21.007899763421825,Low Risk,Normal,Normal,1.0,73.0,26.0,73.0,Routine Monitoring
MD04330,MRI Scanner,ImagingTech,Model-150,2,4,7430.42,6.53,1,14.93442023884015,Low Risk,Normal,Normal,3.0,73.0,24.0,73.0,Routine Monitoring
MD02176,CT Scanner,MedEquip,Model-150,3,4,16675.41,18.89,3,39.904147928959176,Medium Risk,Risk to Failure,Failure,73.0,3.67,23.33,73.0,Inspect Immediately
MD04840,Infusion Pump,RescueTech,Model-200,6,2,15852.09,29.4,5,59.46638907078798,High Risk,Failure,Failure,73.0,0.0,27.0,73.0,Inspect Immediately
MD00181,PET Scanner,CardioSync,Model-250,12,5,6951.63,2.3,0,26.360403913579237,Low Risk,Normal,Normal,1.33,73.0,25.67,73.0,Routine Monitoring
MD00369,Defibrillator,ImagingTech,Model-250,4,1,11473.64,11.03,4,33.1728111297619,Medium Risk,Failure,Risk to Failure,6.0,21.0,73.0,73.0,Schedule Preventive Maintenance
MD02879,MRI Scanner,ScanPro,Model-600,3,1,7868.97,7.09,0,15.089342030079523,Low Risk,Normal,Normal,10.0,73.0,17.0,73.0,Routine Monitoring
MD02441,Defibrillator,UltraMed,Model-400,3,5,13927.95,14.33,2,31.1907071948059,Medium Risk,Risk to Failure,Risk to Failure,11.0,16.0,73.0,73.0,Schedule Preventive Maintenance
MD02002,Defibrillator,MedEquip,Model-500,5,2,7324.72,7.15,0,18.384619746168223,Low Risk,Normal,Normal,4.33,72.67,23.0,72.67,Routine Monitoring
MD04692,PET Scanner,MedEquip,Model-550,10,1,5840.61,6.76,0,26.034082540227665,Low Risk,Normal,Normal,1.0,72.67,26.33,72.67,Routine Monitoring
MD00671,MRI Scanner,RescueTech,Model-500,2,2,8012.21,4.94,0,11.389677986262456,Low Risk,Normal,Normal,2.0,72.67,25.33,72.67,Routine Monitoring
MD04683,X-Ray Machine,ScanPro,Model-500,4,2,5527.2,7.84,2,20.89419873025861,Low Risk,Risk to Failure,Normal,2.0,72.67,25.33,72.67,Routine Monitoring
MD03260,PET Scanner,ImagingTech,Model-650,6,3,26228.0,16.45,5,55.06438558056992,High Risk,Failure,Failure,72.67,4.0,23.33,72.67,Inspect Immediately
MD03400,X-Ray Machine,RescueTech,Model-300,11,5,1384.89,7.39,0,25.188017313892995,Low Risk,Normal,Normal,0.0,72.67,27.33,72.67,Routine Monitoring
MD00578,Defibrillator,ImagingTech,Model-450,8,3,11233.85,12.02,1,33.6852520972242,Medium Risk,Normal,Risk to Failure,8.33,19.0,72.67,72.67,Schedule Preventive Maintenance
MD04273,Defibrillator,UltraMed,Model-550,3,4,3249.5,5.53,0,10.283014288826772,Low Risk,Normal,Normal,1.67,72.67,25.67,72.67,Routine Monitoring
MD03072,PET Scanner,UltraMed,Model-600,10,5,5457.43,7.87,0,26.78016918049519,Low Risk,Normal,Normal,6.67,72.67,20.67,72.67,Routine Monitoring
MD02794,MRI Scanner,ImagingTech,Model-650,11,2,4356.48,4.81,0,24.96991679137207,Low Risk,Normal,Normal,2.67,72.67,24.67,72.67,Routine Monitoring
MD00983,X-Ray Machine,RescueTech,Model-200,11,2,24970.26,19.08,3,60.66817548735823,High Risk,Risk to Failure,Failure,72.67,1.67,25.67,72.67,Inspect Immediately
MD01460,Infusion Pump,CardioSync,Model-450,11,1,7510.33,6.55,3,36.37474666228677,Medium Risk,Risk to Failure,Normal,8.0,72.67,19.33,72.67,Routine Monitoring
MD05398,CT Scanner,ImagingTech,Model-250,12,1,4395.12,2.57,2,29.747283646781536,Medium Risk,Risk to Failure,Normal,0.0,72.67,27.33,72.67,Routine Monitoring
MD02258,Infusion Pump,UltraMed,Model-550,1,1,7278.57,4.27,1,10.918172106326626,Low Risk,Normal,Normal,10.67,72.67,16.67,72.67,Routine Monitoring
MD04652,CT Scanner,ImagingTech,Model-600,3,5,1322.75,5.19,0,8.565271960104711,Low Risk,Normal,Normal,0.33,72.67,27.0,72.67,Routine Monitoring
MD04094,Infusion Pump,ImagingTech,Model-350,11,4,6537.06,6.59,2,33.202632171055555,Medium Risk,Risk to Failure,Normal,5.0,72.67,22.33,72.67,Routine Monitoring
MD03355,MRI Scanner,RescueTech,Model-100,4,3,8715.36,2.46,0,13.247669923539933,Low Risk,Normal,Normal,5.33,72.67,22.0,72.67,Routine Monitoring
MD00830,Infusion Pump,RescueTech,Model-150,7,2,8698.15,0.9,0,17.2487906081222,Low Risk,Normal,Normal,3.0,72.67,24.33,72.67,Routine Monitoring
MD03901,PET Scanner,ScanPro,Model-300,4,5,7111.55,4.37,0,13.843402341147035,Low Risk,Normal,Normal,1.33,72.67,26.0,72.67,Routine Monitoring
MD03605,PET Scanner,ImagingTech,Model-200,12,1,7177.99,3.31,1,29.958196647371864,Medium Risk,Normal,Normal,0.0,72.67,27.33,72.67,Routine Monitoring
MD00095,X-Ray Machine,ImagingTech,Model-500,1,1,4588.44,6.05,2,13.10240955749459,Low Risk,Risk to Failure,Normal,2.67,72.67,24.67,72.67,Routine Monitoring
MD03986,X-Ray Machine,RescueTech,Model-100,11,5,3875.28,5.98,1,28.200011246372792,Medium Risk,Normal,Normal,0.33,72.67,27.0,72.67,Routine Monitoring
MD00052,Infusion Pump,RescueTech,Model-250,4,1,6609.11,6.7,0,15.629451305026585,Low Risk,Normal,Normal,4.67,72.67,22.67,72.67,Routine Monitoring
MD05395,Defibrillator,RescueTech,Model-550,3,2,4215.83,1.71,1,9.958693443625815,Low Risk,Normal,Normal,0.33,72.67,27.0,72.67,Routine Monitoring
MD00714,PET Scanner,ImagingTech,Model-500,5,5,8962.79,6.55,0,19.0238222734879,Low Risk,Normal,Normal,3.33,72.67,24.0,72.67,Routine Monitoring
MD00356,MRI Scanner,ImagingTech,Model-100,6,5,24753.76,21.4,10,71.0623959243336,High Risk,Failure,Failure,72.67,2.0,25.33,72.67,Inspect Immediately
MD02285,Defibrillator,RescueTech,Model-250,8,2,7409.63,7.11,1,26.36407921140385,Low Risk,Normal,Normal,10.0,72.67,17.33,72.67,Routine Monitoring
MD02832,PET Scanner,MedEquip,Model-100,3,5,7011.0,1.03,0,8.86699105796204,Low Risk,Normal,Normal,0.0,72.67,27.33,72.67,Routine Monitoring
MD03654,X-Ray Machine,MedEquip,Model-650,1,4,5013.94,2.35,0,4.994913097573278,Low Risk,Normal,Normal,0.0,72.67,27.33,72.67,Routine Monitoring
MD02370,X-Ray Machine,RescueTech,Model-650,12,5,504.66,7.96,1,29.391399465615272,Medium Risk,Normal,Normal,4.0,72.67,23.33,72.67,Routine Monitoring
MD00287,PET Scanner,MedEquip,Model-150,3,1,683.72,4.87,0,7.80415036389572,Low Risk,Normal,Normal,0.67,72.67,26.67,72.67,Routine Monitoring
MD01574,X-Ray Machine,MedEquip,Model-400,5,2,6515.44,7.17,1,20.313504642202208,Low Risk,Normal,Normal,1.67,72.67,25.67,72.67,Routine Monitoring
MD04476,Defibrillator,UltraMed,Model-300,2,1,14146.91,10.54,3,28.53142942173511,Medium Risk,Risk to Failure,Risk to Failure,18.33,9.0,72.67,72.67,Schedule Preventive Maintenance
MD04043,Defibrillator,UltraMed,Model-350,8,2,4825.76,7.8,0,22.61895728834687,Low Risk,Normal,Normal,12.0,72.33,15.67,72.33,Routine Monitoring
MD00274,MRI Scanner,RescueTech,Model-350,6,4,8779.4,4.69,0,18.99041794247809,Low Risk,Normal,Normal,9.67,72.33,18.0,72.33,Routine Monitoring
MD00445,Infusion Pump,MedEquip,Model-450,8,1,20485.38,17.77,4,53.23626701513895,High Risk,Failure,Failure,72.33,2.33,25.33,72.33,Inspect Immediately
MD03299,MRI Scanner,MedEquip,Model-350,4,5,13568.98,9.06,0,22.879756318982345,Low Risk,Normal,Risk to Failure,8.67,19.0,72.33,72.33,Schedule Preventive Maintenance
MD03201,MRI Scanner,UltraMed,Model-650,12,4,12082.5,8.26,4,45.60334336068296,Medium Risk,Failure,Risk to Failure,9.33,18.33,72.33,72.33,Schedule Preventive Maintenance
MD02214,MRI Scanner,ScanPro,Model-400,5,4,4478.79,1.86,1,13.925179183484218,Low Risk,Normal,Normal,0.67,72.33,27.0,72.33,Routine Monitoring
MD05477,CT Scanner,ImagingTech,Model-550,11,1,15022.57,18.25,5,57.65431930259869,High Risk,Failure,Risk to Failure,26.0,1.67,72.33,72.33,Schedule Preventive Maintenance
MD00916,PET Scanner,MedEquip,Model-250,4,1,3239.78,6.03,1,15.055937416448751,Low Risk,Normal,Normal,2.0,72.33,25.67,72.33,Routine Monitoring
MD04554,Defibrillator,UltraMed,Model-600,6,4,6074.52,2.75,1,17.727948925742393,Low Risk,Normal,Normal,0.67,72.33,27.0,72.33,Routine Monitoring
MD02749,PET Scanner,MedEquip,Model-150,9,1,8826.76,6.69,0,26.326757408526667,Low Risk,Normal,Normal,4.33,72.33,23.33,72.33,Routine Monitoring
MD04888,Defibrillator,ImagingTech,Model-300,5,5,7619.82,1.88,0,13.73199929754476,Low Risk,Normal,Normal,1.33,72.33,26.33,72.33,Routine Monitoring
MD04114,CT Scanner,MedEquip,Model-600,11,2,8545.8,7.15,2,35.18330897438544,Medium Risk,Risk to Failure,Normal,10.0,72.33,17.67,72.33,Routine Monitoring
MD03188,MRI Scanner,ImagingTech,Model-400,2,5,2314.45,5.4,1,10.163542845161556,Low Risk,Normal,Normal,2.67,72.33,25.0,72.33,Routine Monitoring
MD00001,CT Scanner,MedEquip,Model-650,7,5,3759.39,6.91,1,21.701844314042237,Low Risk,Normal,Normal,0.0,72.33,27.67,72.33,Routine Monitoring
MD03874,X-Ray Machine,RescueTech,Model-500,8,1,8218.27,6.54,0,23.92672312748975,Low Risk,Normal,Normal,1.0,72.33,26.67,72.33,Routine Monitoring
MD03448,Infusion Pump,RescueTech,Model-550,6,1,8198.58,0.79,2,19.96505406517181,Low Risk,Risk to Failure,Normal,2.0,72.33,25.67,72.33,Routine Monitoring
MD02030,Infusion Pump,RescueTech,Model-650,9,5,718.71,1.88,2,20.97703317089952,Low Risk,Risk to Failure,Normal,1.33,72.33,26.33,72.33,Routine Monitoring
MD02754,MRI Scanner,ImagingTech,Model-350,10,1,11299.8,9.31,2,37.366583734364006,Medium Risk,Risk to Failure,Risk to Failure,13.0,14.67,72.33,72.33,Schedule Preventive Maintenance
MD01187,X-Ray Machine,RescueTech,Model-350,5,1,1040.99,5.99,0,12.735280107615804,Low Risk,Normal,Normal,2.67,72.33,25.0,72.33,Routine Monitoring
MD01922,MRI Scanner,RescueTech,Model-300,11,2,27306.73,25.77,5,73.54956055732971,High Risk,Failure,Failure,72.33,3.33,24.33,72.33,Inspect Immediately
MD01653,MRI Scanner,ScanPro,Model-550,10,4,2214.72,7.72,0,24.279197835823243,Low Risk,Normal,Normal,1.67,72.33,26.0,72.33,Routine Monitoring
MD02979,Infusion Pump,ImagingTech,Model-350,8,3,5762.26,7.61,1,25.62573678569382,Low Risk,Normal,Normal,4.33,72.33,23.33,72.33,Routine Monitoring
MD01852,CT Scanner,MedEquip,Model-600,10,3,2984.64,7.74,0,24.8585836536349,Low Risk,Normal,Normal,0.67,72.33,27.0,72.33,Routine Monitoring
MD01461,Infusion Pump,MedEquip,Model-650,7,2,2152.13,7.64,0,18.70516181145352,Low Risk,Normal,Normal,0.33,72.33,27.33,72.33,Routine Monitoring
MD02584,Defibrillator,UltraMed,Model-300,6,1,10708.74,15.29,2,35.18664815952935,Medium Risk,Risk to Failure,Risk to Failure,12.0,15.67,72.33,72.33,Schedule Preventive Maintenance
MD05043,Infusion Pump,ScanPro,Model-650,1,2,26596.23,21.16,1,40.592114029365774,Medium Risk,Normal,Failure,72.33,4.0,23.67,72.33,Inspect Immediately
MD04213,Defibrillator,CardioSync,Model-500,9,5,3120.92,6.55,0,22.04054852043928,Low Risk,Normal,Normal,0.67,72.33,27.0,72.33,Routine Monitoring
MD00473,Defibrillator,MedEquip,Model-550,4,2,8722.45,2.14,0,12.957268727266976,Low Risk,Normal,Normal,2.67,72.33,25.0,72.33,Routine Monitoring
MD04788,MRI Scanner,CardioSync,Model-250,11,2,3101.62,0.73,0,20.28723568670197,Low Risk,Normal,Normal,3.67,72.33,24.0,72.33,Routine Monitoring
MD04436,PET Scanner,ImagingTech,Model-300,10,3,6040.43,7.13,0,26.521406976247185,Low Risk,Normal,Normal,2.0,72.33,25.67,72.33,Routine Monitoring
MD03587,MRI Scanner,ScanPro,Model-650,7,1,4169.39,6.59,0,19.204976759102507,Low Risk,Normal,Normal,9.0,72.33,18.67,72.33,Routine Monitoring
MD02745,X-Ray Machine,CardioSync,Model-250,7,3,1246.48,1.4,0,12.28181817970566,Low Risk,Normal,Normal,1.0,72.33,26.67,72.33,Routine Monitoring
MD01466,PET Scanner,UltraMed,Model-100,8,4,7915.52,6.61,2,28.77081462584821,Medium Risk,Risk to Failure,Normal,3.33,72.0,24.67,72.0,Routine Monitoring
MD00044,Defibrillator,RescueTech,Model-550,2,3,2620.55,2.71,0,5.401941196848316,Low Risk,Normal,Normal,0.33,72.0,27.67,72.0,Routine Monitoring
MD02925,Defibrillator,CardioSync,Model-450,2,1,8061.03,7.35,0,13.651230238713158,Low Risk,Normal,Normal,10.33,72.0,17.67,72.0,Routine Monitoring
MD00169,MRI Scanner,ScanPro,Model-200,11,4,6087.95,1.34,2,28.026302327040085,Medium Risk,Risk to Failure,Normal,2.0,72.0,26.0,72.0,Routine Monitoring
MD00633,MRI Scanner,UltraMed,Model-500,3,3,3858.06,1.09,0,6.625385729358719,Low Risk,Normal,Normal,0.67,72.0,27.33,72.0,Routine Monitoring
MD03887,CT Scanner,UltraMed,Model-500,3,5,5161.55,5.13,0,11.30654963053328,Low Risk,Normal,Normal,2.0,72.0,26.0,72.0,Routine Monitoring
MD01212,MRI Scanner,ScanPro,Model-600,5,2,6823.63,3.48,0,14.629780309790274,Low Risk,Normal,Normal,2.33,72.0,25.67,72.0,Routine Monitoring
MD01309,CT Scanner,RescueTech,Model-600,9,4,8701.54,6.17,1,28.25523481224647,Medium Risk,Normal,Normal,4.33,72.0,23.67,72.0,Routine Monitoring
MD04810,X-Ray Machine,ScanPro,Model-450,5,3,6622.97,5.07,1,18.45218873278155,Low Risk,Normal,Normal,1.33,72.0,26.67,72.0,Routine Monitoring
MD04232,Infusion Pump,MedEquip,Model-100,2,2,5997.79,5.27,0,10.226907444683706,Low Risk,Normal,Normal,2.33,72.0,25.67,72.0,Routine Monitoring
MD04601,Infusion Pump,UltraMed,Model-350,7,2,11589.71,12.26,2,34.848001271659555,Medium Risk,Risk to Failure,Risk to Failure,8.33,19.67,72.0,72.0,Schedule Preventive Maintenance
MD03319,Infusion Pump,UltraMed,Model-600,6,4,7791.24,1.74,1,18.04575607232448,Low Risk,Normal,Normal,1.0,72.0,27.0,72.0,Routine Monitoring
MD01656,CT Scanner,ScanPro,Model-300,5,2,18985.26,31.9,4,59.73994148337116,High Risk,Failure,Failure,72.0,3.67,24.33,72.0,Inspect Immediately
MD00802,Defibrillator,CardioSync,Model-250,5,4,699.01,6.27,0,12.744756733675784,Low Risk,Normal,Normal,3.0,72.0,25.0,72.0,Routine Monitoring
MD01912,MRI Scanner,CardioSync,Model-600,8,4,8988.74,11.32,4,38.90306136314943,Medium Risk,Failure,Risk to Failure,6.67,21.33,72.0,72.0,Schedule Preventive Maintenance
MD05038,CT Scanner,ScanPro,Model-550,7,5,8165.86,6.91,1,24.912107609879136,Low Risk,Normal,Normal,2.0,72.0,26.0,72.0,Routine Monitoring
MD00820,Defibrillator,RescueTech,Model-650,7,4,6971.44,3.45,2,23.34611919980025,Low Risk,Risk to Failure,Normal,0.33,72.0,27.67,72.0,Routine Monitoring
MD03675,PET Scanner,MedEquip,Model-200,6,5,8613.58,6.86,0,20.873922776382948,Low Risk,Normal,Normal,8.0,72.0,20.0,72.0,Routine Monitoring
MD05034,Defibrillator,UltraMed,Model-100,1,1,1594.91,7.55,0,7.3069890978401215,Low Risk,Normal,Normal,5.33,72.0,22.67,72.0,Routine Monitoring
MD02139,PET Scanner,UltraMed,Model-300,12,5,2466.4,6.03,0,26.537958322792093,Low Risk,Normal,Normal,3.67,72.0,24.33,72.0,Routine Monitoring
MD03633,CT Scanner,CardioSync,Model-150,11,5,26965.25,31.19,3,73.30693839621168,High Risk,Risk to Failure,Failure,72.0,3.0,25.0,72.0,Inspect Immediately
MD00259,X-Ray Machine,UltraMed,Model-450,8,4,8086.73,2.26,0,19.87768979227269,Low Risk,Normal,Normal,1.0,72.0,27.0,72.0,Routine Monitoring
MD02718,MRI Scanner,CardioSync,Model-450,6,3,8567.8,7.79,0,21.69956063680615,Low Risk,Normal,Normal,5.67,72.0,22.33,72.0,Routine Monitoring
MD00569,MRI Scanner,UltraMed,Model-100,11,4,6379.06,6.82,0,28.299962219801635,Medium Risk,Normal,Normal,2.0,72.0,26.0,72.0,Routine Monitoring
MD04444,PET Scanner,ScanPro,Model-200,11,5,22147.56,23.58,4,65.26814645464955,High Risk,Failure,Failure,72.0,14.67,13.33,72.0,Inspect Immediately
MD03022,MRI Scanner,RescueTech,Model-650,7,4,7223.4,2.49,1,20.14298112367445,Low Risk,Normal,Normal,3.33,72.0,24.67,72.0,Routine Monitoring
MD02713,Infusion Pump,ImagingTech,Model-600,11,5,6202.7,4.07,0,25.631453329783632,Low Risk,Normal,Normal,2.0,72.0,26.0,72.0,Routine Monitoring
MD01894,PET Scanner,ScanPro,Model-400,6,5,21627.16,31.44,6,68.05796047734012,High Risk,Failure,Failure,72.0,20.33,7.67,72.0,Inspect Immediately
MD05491,MRI Scanner,CardioSync,Model-500,6,2,24762.34,31.44,3,62.842045760989365,High Risk,Risk to Failure,Failure,72.0,3.0,25.0,72.0,Inspect Immediately
MD01269,CT Scanner,ScanPro,Model-200,1,4,15774.93,15.72,1,27.68379831472748,Medium Risk,Normal,Failure,72.0,7.33,20.67,72.0,Inspect Immediately
MD02140,Infusion Pump,ImagingTech,Model-650,9,4,20556.8,16.35,4,53.7949043782315,High Risk,Failure,Failure,72.0,2.67,25.33,72.0,Inspect Immediately
MD01144,CT Scanner,ImagingTech,Model-350,12,1,7875.22,3.09,2,32.76295045054239,Medium Risk,Risk to Failure,Normal,0.33,72.0,27.67,72.0,Routine Monitoring
MD02369,PET Scanner,ImagingTech,Model-100,3,2,2998.37,4.75,0,9.379614191044944,Low Risk,Normal,Normal,1.33,72.0,26.67,72.0,Routine Monitoring
MD04357,Infusion Pump,ImagingTech,Model-250,7,5,25215.95,18.81,4,55.82505750114606,High Risk,Failure,Failure,72.0,3.67,24.33,72.0,Inspect Immediately
MD02444,PET Scanner,ScanPro,Model-150,10,1,7241.07,0.74,1,23.99402046397932,Low Risk,Normal,Normal,0.33,72.0,27.67,72.0,Routine Monitoring
MD00380,CT Scanner,MedEquip,Model-500,2,1,3226.0,6.55,0,9.389830147814722,Low Risk,Normal,Normal,2.0,72.0,26.0,72.0,Routine Monitoring
MD05299,CT Scanner,ImagingTech,Model-400,6,4,9384.68,7.29,2,26.83286284561704,Low Risk,Risk to Failure,Risk to Failure,8.0,20.0,72.0,72.0,Schedule Preventive Maintenance
MD03661,MRI Scanner,RescueTech,Model-450,10,2,3328.42,6.39,0,23.86211789619711,Low Risk,Normal,Normal,3.33,72.0,24.67,72.0,Routine Monitoring
MD04124,Defibrillator,CardioSync,Model-350,11,1,8537.76,3.99,3,34.75873234905525,Medium Risk,Risk to Failure,Normal,6.33,72.0,21.67,72.0,Routine Monitoring
MD05402,CT Scanner,MedEquip,Model-400,4,5,7704.55,4.44,1,16.840078186442135,Low Risk,Normal,Normal,0.0,71.67,28.33,71.67,Routine Monitoring
MD02824,PET Scanner,ImagingTech,Model-550,12,1,4584.72,1.69,2,29.07260581488722,Medium Risk,Risk to Failure,Normal,0.0,71.67,28.33,71.67,Routine Monitoring
MD02400,MRI Scanner,MedEquip,Model-550,9,3,6793.21,6.21,1,26.90189730181729,Low Risk,Normal,Normal,5.33,71.67,23.0,71.67,Routine Monitoring
MD03900,CT Scanner,ScanPro,Model-400,4,4,7347.51,5.38,0,14.94818900151582,Low Risk,Normal,Normal,0.67,71.67,27.67,71.67,Routine Monitoring
MD02398,Infusion Pump,UltraMed,Model-250,8,2,11593.2,12.24,1,34.15025276716148,Medium Risk,Normal,Risk to Failure,12.67,15.67,71.67,71.67,Schedule Preventive Maintenance
MD00924,Infusion Pump,CardioSync,Model-550,3,2,17836.8,16.87,3,38.88449650573218,Medium Risk,Risk to Failure,Failure,71.67,3.0,25.33,71.67,Inspect Immediately
MD01855,Defibrillator,MedEquip,Model-650,2,5,807.91,4.62,0,5.845533855403475,Low Risk,Normal,Normal,2.0,71.67,26.33,71.67,Routine Monitoring
MD00061,PET Scanner,RescueTech,Model-450,5,3,18204.46,23.65,7,59.05102823021818,High Risk,Failure,Failure,71.67,3.67,24.67,71.67,Inspect Immediately
MD00808,PET Scanner,ImagingTech,Model-650,11,5,8759.02,1.42,1,27.54615931304888,Medium Risk,Normal,Normal,1.67,71.67,26.67,71.67,Routine Monitoring
MD04606,MRI Scanner,ImagingTech,Model-200,11,1,8568.87,6.62,4,39.71058423448434,Medium Risk,Failure,Normal,1.67,71.67,26.67,71.67,Routine Monitoring
MD05370,MRI Scanner,ImagingTech,Model-400,11,2,5373.24,1.91,1,25.532089611297767,Low Risk,Normal,Normal,2.67,71.67,25.67,71.67,Routine Monitoring
MD04611,Defibrillator,RescueTech,Model-650,9,3,1695.77,7.59,0,21.96286939719329,Low Risk,Normal,Normal,3.0,71.67,25.33,71.67,Routine Monitoring
MD00784,PET Scanner,CardioSync,Model-650,1,2,5934.79,3.37,0,6.60790187497148,Low Risk,Normal,Normal,0.0,71.67,28.33,71.67,Routine Monitoring
MD00674,Infusion Pump,UltraMed,Model-200,2,3,7011.0,5.36,0,11.048193476233426,Low Risk,Normal,Normal,4.33,71.67,24.0,71.67,Routine Monitoring
MD00762,PET Scanner,CardioSync,Model-250,12,3,3852.37,7.78,0,29.1640639265489,Medium Risk,Normal,Normal,1.67,71.67,26.67,71.67,Routine Monitoring
MD02865,PET Scanner,CardioSync,Model-500,8,5,580.51,0.94,1,15.689941350396564,Low Risk,Normal,Normal,0.0,71.67,28.33,71.67,Routine Monitoring
MD00973,Infusion Pump,RescueTech,Model-350,9,1,4566.27,6.38,1,25.43651545942735,Low Risk,Normal,Normal,1.67,71.67,26.67,71.67,Routine Monitoring
MD04643,CT Scanner,RescueTech,Model-300,5,2,8849.15,7.45,1,22.272312455819996,Low Risk,Normal,Normal,4.0,71.67,24.33,71.67,Routine Monitoring
MD04552,X-Ray Machine,ScanPro,Model-450,12,5,8826.82,7.01,2,37.07691307757627,Medium Risk,Risk to Failure,Normal,7.67,71.67,20.67,71.67,Routine Monitoring
MD04824,CT Scanner,UltraMed,Model-300,2,1,9327.7,12.11,1,21.47059414787396,Low Risk,Normal,Risk to Failure,16.33,12.0,71.67,71.67,Schedule Preventive Maintenance
MD01366,X-Ray Machine,ScanPro,Model-350,6,4,6710.87,6.55,0,19.20140376506792,Low Risk,Normal,Normal,6.0,71.67,22.33,71.67,Routine Monitoring
MD04059,Infusion Pump,RescueTech,Model-600,3,4,8560.16,2.43,0,11.28871026610435,Low Risk,Normal,Normal,5.33,71.67,23.0,71.67,Routine Monitoring
MD01265,X-Ray Machine,UltraMed,Model-550,3,3,1077.42,5.69,1,11.348363369481527,Low Risk,Normal,Normal,0.0,71.67,28.33,71.67,Routine Monitoring
MD03267,CT Scanner,RescueTech,Model-400,10,5,4605.48,6.17,0,24.58929757922728,Low Risk,Normal,Normal,1.0,71.67,27.33,71.67,Routine Monitoring
MD02673,X-Ray Machine,CardioSync,Model-100,12,2,1108.48,5.29,0,24.86516987164901,Low Risk,Normal,Normal,0.33,71.67,28.0,71.67,Routine Monitoring
MD04200,PET Scanner,CardioSync,Model-350,12,4,2764.87,1.64,1,25.20060091558387,Low Risk,Normal,Normal,0.33,71.67,28.0,71.67,Routine Monitoring
MD00512,Infusion Pump,CardioSync,Model-350,9,2,2187.27,5.75,0,20.62143647804955,Low Risk,Normal,Normal,0.33,71.67,28.0,71.67,Routine Monitoring
MD02164,MRI Scanner,UltraMed,Model-250,5,3,7490.72,5.66,1,19.62932486612065,Low Risk,Normal,Normal,15.0,71.67,13.33,71.67,Routine Monitoring
MD00839,PET Scanner,MedEquip,Model-650,7,5,2440.25,5.11,0,16.578244372721883,Low Risk,Normal,Normal,0.0,71.67,28.33,71.67,Routine Monitoring
MD02358,MRI Scanner,ImagingTech,Model-250,7,1,2462.87,6.23,1,20.12920657083764,Low Risk,Normal,Normal,1.67,71.67,26.67,71.67,Routine Monitoring
MD00496,PET Scanner,ScanPro,Model-550,6,4,8436.67,6.09,0,20.033830926644995,Low Risk,Normal,Normal,2.67,71.67,25.67,71.67,Routine Monitoring
MD05140,MRI Scanner,ImagingTech,Model-150,2,3,2031.44,7.61,0,9.498616590263907,Low Risk,Normal,Normal,1.0,71.67,27.33,71.67,Routine Monitoring
MD00353,Defibrillator,UltraMed,Model-400,3,5,4168.99,7.63,0,12.892549205772823,Low Risk,Normal,Normal,2.67,71.67,25.67,71.67,Routine Monitoring
MD04001,PET Scanner,UltraMed,Model-550,4,1,8365.36,4.5,0,14.876919470319548,Low Risk,Normal,Normal,1.33,71.67,27.0,71.67,Routine Monitoring
MD03507,Infusion Pump,ImagingTech,Model-450,8,4,7715.81,4.66,1,24.324210722659373,Low Risk,Normal,Normal,2.33,71.33,26.33,71.33,Routine Monitoring
MD04219,X-Ray Machine,CardioSync,Model-150,3,4,7486.05,4.63,0,12.538204296088372,Low Risk,Normal,Normal,1.0,71.33,27.67,71.33,Routine Monitoring
MD02244,X-Ray Machine,CardioSync,Model-500,4,2,509.65,2.6,1,9.898841388656134,Low Risk,Normal,Normal,0.0,71.33,28.67,71.33,Routine Monitoring
MD05429,Infusion Pump,MedEquip,Model-200,9,2,22382.71,29.39,5,69.66947690304565,High Risk,Failure,Failure,71.33,1.33,27.33,71.33,Inspect Immediately
MD05278,Infusion Pump,RescueTech,Model-300,12,4,6310.22,3.38,1,29.390651854682435,Medium Risk,Normal,Normal,0.67,71.33,28.0,71.33,Routine Monitoring
MD03446,CT Scanner,CardioSync,Model-200,9,2,3884.91,6.59,0,22.634087037926054,Low Risk,Normal,Normal,0.0,71.33,28.67,71.33,Routine Monitoring
MD02101,Defibrillator,MedEquip,Model-500,8,5,7279.93,4.34,0,21.2110908122781,Low Risk,Normal,Normal,0.33,71.33,28.33,71.33,Routine Monitoring
MD02374,PET Scanner,RescueTech,Model-300,12,2,27059.66,22.39,4,69.56582229333189,High Risk,Failure,Failure,71.33,5.0,23.67,71.33,Inspect Immediately
MD04296,X-Ray Machine,ScanPro,Model-650,6,1,8535.81,6.03,1,22.550639070012352,Low Risk,Normal,Normal,2.33,71.33,26.33,71.33,Routine Monitoring
MD04453,CT Scanner,RescueTech,Model-300,12,4,2246.4,5.36,1,28.258838474223168,Medium Risk,Normal,Normal,0.33,71.33,28.33,71.33,Routine Monitoring
MD03911,X-Ray Machine,MedEquip,Model-350,2,2,14613.57,13.39,2,29.003796269299706,Medium Risk,Risk to Failure,Risk to Failure,16.33,12.33,71.33,71.33,Schedule Preventive Maintenance
MD04204,MRI Scanner,ImagingTech,Model-500,8,2,6038.16,1.03,0,17.24915311445992,Low Risk,Normal,Normal,1.0,71.33,27.67,71.33,Routine Monitoring
MD02702,X-Ray Machine,RescueTech,Model-600,7,2,1401.65,2.4,0,13.318510123530013,Low Risk,Normal,Normal,0.33,71.33,28.33,71.33,Routine Monitoring
MD02598,Infusion Pump,CardioSync,Model-650,2,3,4693.56,7.32,0,11.170204428335566,Low Risk,Normal,Normal,2.0,71.33,26.67,71.33,Routine Monitoring
MD01664,CT Scanner,UltraMed,Model-200,9,2,6670.57,8.95,0,26.843338067146792,Low Risk,Normal,Risk to Failure,12.33,16.33,71.33,71.33,Schedule Preventive Maintenance
MD02166,X-Ray Machine,ImagingTech,Model-200,10,3,3217.48,6.45,0,23.836713051413227,Low Risk,Normal,Normal,2.0,71.33,26.67,71.33,Routine Monitoring
MD00959,Infusion Pump,ImagingTech,Model-200,7,3,10502.19,9.77,3,34.25582910873337,Medium Risk,Risk to Failure,Risk to Failure,15.0,13.67,71.33,71.33,Schedule Preventive Maintenance
MD03241,MRI Scanner,MedEquip,Model-100,3,4,6481.75,1.46,0,8.878581916435252,Low Risk,Normal,Normal,0.67,71.33,28.0,71.33,Routine Monitoring
MD02278,Defibrillator,ScanPro,Model-300,2,5,8308.79,2.44,0,9.296633304931966,Low Risk,Normal,Normal,1.67,71.33,27.0,71.33,Routine Monitoring
MD04716,Defibrillator,ScanPro,Model-100,10,4,5767.75,7.64,0,26.793809433424112,Low Risk,Normal,Normal,4.67,71.33,24.0,71.33,Routine Monitoring
MD00221,Defibrillator,ImagingTech,Model-600,10,2,6206.45,5.03,0,24.702703021559792,Low Risk,Normal,Normal,8.67,71.33,20.0,71.33,Routine Monitoring
MD03639,Defibrillator,UltraMed,Model-550,11,1,5843.28,6.92,0,28.00199279547,Medium Risk,Normal,Normal,1.0,71.33,27.67,71.33,Routine Monitoring
MD01367,Defibrillator,UltraMed,Model-500,7,5,8677.47,14.78,6,45.053921568957705,Medium Risk,Failure,Risk to Failure,8.0,20.67,71.33,71.33,Schedule Preventive Maintenance
MD01901,Defibrillator,MedEquip,Model-600,10,2,1257.95,2.87,0,19.102478540131244,Low Risk,Normal,Normal,0.0,71.33,28.67,71.33,Routine Monitoring
MD00547,PET Scanner,RescueTech,Model-250,5,5,8018.55,4.58,1,19.01633003121331,Low Risk,Normal,Normal,0.67,71.33,28.0,71.33,Routine Monitoring
MD00083,CT Scanner,MedEquip,Model-250,9,4,2216.6,5.8,0,20.688986646817597,Low Risk,Normal,Normal,1.0,71.0,28.0,71.0,Routine Monitoring
MD03193,Defibrillator,UltraMed,Model-500,8,1,14896.7,13.51,1,37.72999445342958,Medium Risk,Normal,Risk to Failure,18.67,10.33,71.0,71.0,Schedule Preventive Maintenance
MD02797,X-Ray Machine,ScanPro,Model-650,6,1,5077.53,7.4,1,21.29655853370429,Low Risk,Normal,Normal,0.67,71.0,28.33,71.0,Routine Monitoring
MD02311,X-Ray Machine,ImagingTech,Model-500,11,1,6268.06,6.15,1,30.100252579232816,Medium Risk,Normal,Normal,7.33,71.0,21.67,71.0,Routine Monitoring
MD03002,Defibrillator,ImagingTech,Model-250,11,1,4122.3,6.71,0,26.554234803329347,Low Risk,Normal,Normal,1.67,71.0,27.33,71.0,Routine Monitoring
MD02096,MRI Scanner,CardioSync,Model-100,8,3,15785.6,32.71,4,63.611578490123776,High Risk,Failure,Failure,71.0,4.67,24.33,71.0,Inspect Immediately
MD01585,MRI Scanner,MedEquip,Model-500,11,1,5301.77,5.46,0,26.258962171705832,Low Risk,Normal,Normal,1.33,71.0,27.67,71.0,Routine Monitoring
MD03540,MRI Scanner,ImagingTech,Model-150,4,5,19434.94,28.94,1,48.01537669477753,Medium Risk,Normal,Failure,71.0,1.0,28.0,71.0,Inspect Immediately
MD05493,PET Scanner,UltraMed,Model-300,3,2,8821.06,1.39,0,10.518193658486828,Low Risk,Normal,Normal,2.33,71.0,26.67,71.0,Routine Monitoring
MD02652,CT Scanner,MedEquip,Model-100,7,3,20653.82,27.03,5,62.59375513203258,High Risk,Failure,Failure,71.0,1.0,28.0,71.0,Inspect Immediately
MD04155,Defibrillator,UltraMed,Model-100,9,2,7161.22,6.2,0,24.660768652708143,Low Risk,Normal,Normal,1.0,71.0,28.0,71.0,Routine Monitoring
MD00989,X-Ray Machine,RescueTech,Model-300,8,1,8580.06,9.66,2,32.07207284900323,Medium Risk,Risk to Failure,Risk to Failure,6.33,22.67,71.0,71.0,Schedule Preventive Maintenance
MD02041,MRI Scanner,ScanPro,Model-400,6,2,1289.14,3.69,1,15.109863405997867,Low Risk,Normal,Normal,12.33,71.0,16.67,71.0,Routine Monitoring
MD02707,Defibrillator,UltraMed,Model-250,12,5,6018.42,0.7,0,24.202696169999943,Low Risk,Normal,Normal,4.0,71.0,25.0,71.0,Routine Monitoring
MD04430,Defibrillator,RescueTech,Model-350,12,2,4206.93,7.75,0,29.394663588489017,Medium Risk,Normal,Normal,16.67,71.0,12.33,71.0,Routine Monitoring
MD03176,X-Ray Machine,MedEquip,Model-250,3,1,6765.18,7.19,0,14.37755799798514,Low Risk,Normal,Normal,1.67,71.0,27.33,71.0,Routine Monitoring
MD04969,X-Ray Machine,MedEquip,Model-650,2,5,2995.83,7.94,1,13.006010467885089,Low Risk,Normal,Normal,2.67,71.0,26.33,71.0,Routine Monitoring
MD02314,Defibrillator,ImagingTech,Model-500,7,5,13854.86,12.89,3,39.58013665504826,Medium Risk,Risk to Failure,Risk to Failure,10.67,18.33,71.0,71.0,Schedule Preventive Maintenance
MD04147,Infusion Pump,ScanPro,Model-400,10,5,554.8,6.37,1,24.322968465818388,Low Risk,Normal,Normal,2.0,71.0,27.0,71.0,Routine Monitoring
MD01695,Infusion Pump,UltraMed,Model-500,11,5,26456.45,30.69,3,72.47443762757689,High Risk,Risk to Failure,Failure,71.0,6.67,22.33,71.0,Inspect Immediately
MD00364,MRI Scanner,MedEquip,Model-100,6,2,7608.67,8.84,1,24.47062938999341,Low Risk,Normal,Risk to Failure,8.67,20.33,71.0,71.0,Schedule Preventive Maintenance
MD02447,Infusion Pump,ImagingTech,Model-400,4,1,14874.47,16.99,4,41.15535758376011,Medium Risk,Failure,Failure,71.0,4.67,24.33,71.0,Inspect Immediately
MD03615,Defibrillator,RescueTech,Model-600,9,1,8447.25,5.69,0,25.12662614302577,Low Risk,Normal,Normal,5.0,71.0,24.0,71.0,Routine Monitoring
MD03976,Infusion Pump,CardioSync,Model-550,3,1,7953.57,2.73,0,11.123882411972788,Low Risk,Normal,Normal,1.33,71.0,27.67,71.0,Routine Monitoring
MD04765,PET Scanner,ScanPro,Model-450,6,4,6575.55,7.79,0,20.248138738749187,Low Risk,Normal,Normal,3.33,71.0,25.67,71.0,Routine Monitoring
MD04437,Defibrillator,MedEquip,Model-550,3,5,6594.74,4.38,0,11.65794331014394,Low Risk,Normal,Normal,0.0,71.0,29.0,71.0,Routine Monitoring
MD02690,Defibrillator,UltraMed,Model-150,8,4,3424.6,0.67,0,15.01257343019124,Low Risk,Normal,Normal,0.0,71.0,29.0,71.0,Routine Monitoring
MD03624,Infusion Pump,MedEquip,Model-400,2,1,1808.94,5.51,0,7.396862598767331,Low Risk,Normal,Normal,0.0,71.0,29.0,71.0,Routine Monitoring
MD00769,Defibrillator,UltraMed,Model-550,10,5,6719.51,7.19,2,32.071558576639845,Medium Risk,Risk to Failure,Normal,2.67,71.0,26.33,71.0,Routine Monitoring
MD00813,CT Scanner,MedEquip,Model-650,4,2,7636.2,7.1,0,16.74717943801208,Low Risk,Normal,Normal,5.33,71.0,23.67,71.0,Routine Monitoring
MD04626,PET Scanner,MedEquip,Model-250,12,5,16431.41,27.24,3,63.80246041576356,High Risk,Risk to Failure,Failure,71.0,6.0,23.0,71.0,Inspect Immediately
MD03285,MRI Scanner,MedEquip,Model-400,8,1,4600.25,1.81,1,19.42203011388856,Low Risk,Normal,Normal,0.33,71.0,28.67,71.0,Routine Monitoring
MD03136,PET Scanner,RescueTech,Model-600,12,1,805.18,6.55,0,25.807998607331857,Low Risk,Normal,Normal,3.33,71.0,25.67,71.0,Routine Monitoring
MD00788,MRI Scanner,ImagingTech,Model-650,5,3,13337.69,13.33,1,30.973401021301463,Medium Risk,Normal,Risk to Failure,22.67,6.33,71.0,71.0,Schedule Preventive Maintenance
MD02600,CT Scanner,ImagingTech,Model-100,3,1,23273.88,32.8,2,55.05926419695926,High Risk,Risk to Failure,Failure,70.67,2.33,27.0,70.67,Inspect Immediately
MD00819,PET Scanner,RescueTech,Model-250,6,2,1726.36,3.92,0,13.140831473145996,Low Risk,Normal,Normal,0.0,70.67,29.33,70.67,Routine Monitoring
MD04280,CT Scanner,CardioSync,Model-100,9,3,27021.8,21.97,3,61.19576350636896,High Risk,Risk to Failure,Failure,70.67,1.0,28.33,70.67,Inspect Immediately
MD02884,MRI Scanner,MedEquip,Model-500,2,5,4621.03,7.78,0,11.54224070327531,Low Risk,Normal,Normal,3.67,70.67,25.67,70.67,Routine Monitoring
MD04538,MRI Scanner,RescueTech,Model-300,8,4,7440.56,4.89,0,21.83612015775397,Low Risk,Normal,Normal,1.67,70.67,27.67,70.67,Routine Monitoring
MD00972,X-Ray Machine,ScanPro,Model-450,3,2,2895.55,2.84,0,7.540543761701886,Low Risk,Normal,Normal,0.33,70.67,29.0,70.67,Routine Monitoring
MD01708,X-Ray Machine,ScanPro,Model-350,3,2,8413.62,4.0,0,12.63207404376476,Low Risk,Normal,Normal,1.33,70.67,28.0,70.67,Routine Monitoring
MD03010,X-Ray Machine,ImagingTech,Model-150,1,4,7308.53,4.09,0,8.273742827880913,Low Risk,Normal,Normal,2.67,70.67,26.67,70.67,Routine Monitoring
MD01320,X-Ray Machine,ScanPro,Model-500,3,1,3030.19,4.09,0,8.79319023217878,Low Risk,Normal,Normal,0.33,70.67,29.0,70.67,Routine Monitoring
MD05188,MRI Scanner,MedEquip,Model-300,4,2,7931.15,8.7,4,28.43989305903956,Medium Risk,Failure,Risk to Failure,9.0,20.33,70.67,70.67,Schedule Preventive Maintenance
MD05405,PET Scanner,RescueTech,Model-550,5,5,20106.94,15.91,5,48.28803485112278,High Risk,Failure,Failure,70.67,6.0,23.33,70.67,Inspect Immediately
MD03221,MRI Scanner,ScanPro,Model-350,2,1,3241.15,6.96,0,9.779562019473508,Low Risk,Normal,Normal,1.67,70.67,27.67,70.67,Routine Monitoring
MD04345,Infusion Pump,ScanPro,Model-300,4,4,8576.62,3.19,0,13.820854197577956,Low Risk,Normal,Normal,2.0,70.67,27.33,70.67,Routine Monitoring
MD02570,Infusion Pump,RescueTech,Model-650,7,5,7454.57,3.05,2,23.328637712006667,Low Risk,Risk to Failure,Normal,0.67,70.67,28.67,70.67,Routine Monitoring
MD00343,CT Scanner,ImagingTech,Model-350,11,4,8520.28,1.1,3,32.076662599045044,Medium Risk,Risk to Failure,Normal,0.67,70.67,28.67,70.67,Routine Monitoring
MD04573,CT Scanner,UltraMed,Model-150,9,5,8221.69,6.43,0,25.64579554679265,Low Risk,Normal,Normal,0.67,70.67,28.67,70.67,Routine Monitoring
MD00237,CT Scanner,RescueTech,Model-250,12,2,11699.68,15.79,1,44.77949522886212,Medium Risk,Normal,Risk to Failure,10.67,18.67,70.67,70.67,Schedule Preventive Maintenance
MD00406,PET Scanner,CardioSync,Model-450,11,3,18987.71,18.71,5,60.967935527408,High Risk,Failure,Failure,70.67,3.0,26.33,70.67,Inspect Immediately
MD01085,CT Scanner,MedEquip,Model-200,5,2,22419.29,15.77,3,44.84335014362586,Medium Risk,Risk to Failure,Failure,70.67,3.0,26.33,70.67,Inspect Immediately
MD03759,MRI Scanner,ImagingTech,Model-550,6,1,4051.25,6.12,2,21.866612631500264,Low Risk,Risk to Failure,Normal,1.0,70.67,28.33,70.67,Routine Monitoring
MD03114,X-Ray Machine,ImagingTech,Model-200,6,2,6278.7,5.64,0,18.046035976978462,Low Risk,Normal,Normal,4.67,70.67,24.67,70.67,Routine Monitoring
MD03753,CT Scanner,ImagingTech,Model-450,9,5,6947.9,6.55,0,24.828633637982776,Low Risk,Normal,Normal,1.67,70.67,27.67,70.67,Routine Monitoring
MD00912,PET Scanner,RescueTech,Model-350,6,4,23056.5,15.03,6,53.94226358669441,High Risk,Failure,Failure,70.67,4.67,24.67,70.67,Inspect Immediately
MD03828,MRI Scanner,ScanPro,Model-500,8,5,4608.33,3.61,0,18.590478245111505,Low Risk,Normal,Normal,0.67,70.67,28.67,70.67,Routine Monitoring
MD02426,MRI Scanner,ScanPro,Model-100,8,4,6366.87,5.96,1,24.54220096020304,Low Risk,Normal,Normal,5.67,70.67,23.67,70.67,Routine Monitoring
MD03297,CT Scanner,CardioSync,Model-250,7,3,11941.8,8.55,1,29.177786676249227,Medium Risk,Normal,Risk to Failure,4.33,25.0,70.67,70.67,Schedule Preventive Maintenance
MD02064,X-Ray Machine,CardioSync,Model-350,12,3,4729.22,7.49,0,29.535021837681597,Medium Risk,Normal,Normal,17.67,70.33,12.0,70.33,Routine Monitoring
MD01011,Infusion Pump,UltraMed,Model-600,2,4,834.67,6.68,0,7.767738785340422,Low Risk,Normal,Normal,3.67,70.33,26.0,70.33,Routine Monitoring
MD05092,Defibrillator,ImagingTech,Model-550,2,5,1727.76,5.54,0,7.365429566763623,Low Risk,Normal,Normal,0.67,70.33,29.0,70.33,Routine Monitoring
MD03392,Infusion Pump,MedEquip,Model-550,11,3,1510.61,7.96,0,25.80608644319222,Low Risk,Normal,Normal,7.33,70.33,22.33,70.33,Routine Monitoring
MD03005,CT Scanner,UltraMed,Model-550,6,3,21718.56,30.12,6,66.90533666395717,High Risk,Failure,Failure,70.33,2.67,27.0,70.33,Inspect Immediately
MD01980,MRI Scanner,MedEquip,Model-400,4,2,13193.07,11.08,2,29.471656642942584,Medium Risk,Risk to Failure,Risk to Failure,9.67,20.0,70.33,70.33,Schedule Preventive Maintenance
MD05451,MRI Scanner,CardioSync,Model-150,4,3,27761.05,32.76,7,72.60955619345091,High Risk,Failure,Failure,70.33,7.67,22.0,70.33,Inspect Immediately
MD04864,MRI Scanner,ScanPro,Model-250,9,5,4233.04,1.28,1,20.483154935487796,Low Risk,Normal,Normal,1.67,70.33,28.0,70.33,Routine Monitoring
MD01380,X-Ray Machine,RescueTech,Model-600,1,1,8025.13,3.0,0,7.789036906415447,Low Risk,Normal,Normal,8.33,70.33,21.33,70.33,Routine Monitoring
MD03146,X-Ray Machine,RescueTech,Model-300,9,1,3014.33,6.07,0,21.519544325728813,Low Risk,Normal,Normal,0.33,70.33,29.33,70.33,Routine Monitoring
MD02544,Infusion Pump,ImagingTech,Model-100,5,4,6880.7,6.68,1,20.127022770848026,Low Risk,Normal,Normal,1.33,70.33,28.33,70.33,Routine Monitoring
MD05459,CT Scanner,RescueTech,Model-500,5,1,7384.75,0.86,0,12.618624579250335,Low Risk,Normal,Normal,0.67,70.33,29.0,70.33,Routine Monitoring
MD00691,Infusion Pump,ImagingTech,Model-150,12,1,6179.56,4.89,0,28.19016603334241,Medium Risk,Normal,Normal,2.33,70.33,27.33,70.33,Routine Monitoring
MD00939,Infusion Pump,ImagingTech,Model-350,10,2,4897.23,5.02,0,23.73965526085417,Low Risk,Normal,Normal,0.67,70.33,29.0,70.33,Routine Monitoring
MD02195,PET Scanner,MedEquip,Model-200,1,4,4897.56,7.85,1,12.490175569601496,Low Risk,Normal,Normal,8.67,70.33,21.0,70.33,Routine Monitoring
MD00790,X-Ray Machine,ImagingTech,Model-300,3,5,7266.04,7.34,2,19.880998344445267,Low Risk,Risk to Failure,Normal,2.33,70.33,27.33,70.33,Routine Monitoring
MD00093,Defibrillator,CardioSync,Model-300,2,1,27568.31,31.46,6,65.13203599413441,High Risk,Failure,Failure,70.33,5.0,24.67,70.33,Inspect Immediately
MD02251,Defibrillator,ScanPro,Model-550,10,5,23147.84,20.62,5,63.944712496559205,High Risk,Failure,Failure,70.33,7.33,22.33,70.33,Inspect Immediately
MD03804,MRI Scanner,ImagingTech,Model-400,9,1,1371.62,5.88,0,20.147281597608327,Low Risk,Normal,Normal,2.0,70.33,27.67,70.33,Routine Monitoring
MD01828,PET Scanner,MedEquip,Model-600,2,1,8606.62,1.8,1,11.422479586690915,Low Risk,Normal,Normal,7.67,70.33,22.0,70.33,Routine Monitoring
MD00676,Defibrillator,ImagingTech,Model-500,12,1,2332.23,6.19,0,26.58799416478166,Low Risk,Normal,Normal,1.33,70.33,28.33,70.33,Routine Monitoring
MD02839,PET Scanner,CardioSync,Model-400,9,2,7011.0,0.59,0,19.36967802616625,Low Risk,Normal,Normal,0.67,70.33,29.0,70.33,Routine Monitoring
MD02193,Infusion Pump,MedEquip,Model-350,3,5,16694.62,22.7,3,43.43723173740241,Medium Risk,Risk to Failure,Failure,70.33,3.67,26.0,70.33,Inspect Immediately
MD04687,Defibrillator,ImagingTech,Model-500,9,4,17931.39,31.97,6,71.30954378259413,High Risk,Failure,Failure,70.33,1.67,28.0,70.33,Inspect Immediately
MD03457,MRI Scanner,UltraMed,Model-450,8,4,23600.09,28.51,7,72.92538994634886,High Risk,Failure,Failure,70.33,3.0,26.67,70.33,Inspect Immediately
MD03929,Defibrillator,CardioSync,Model-250,8,1,4369.49,7.41,0,21.926327396917657,Low Risk,Normal,Normal,5.67,70.0,24.33,70.0,Routine Monitoring
MD02643,Infusion Pump,RescueTech,Model-650,4,1,6776.96,1.86,0,11.281292390252869,Low Risk,Normal,Normal,2.33,70.0,27.67,70.0,Routine Monitoring
MD05345,MRI Scanner,ScanPro,Model-350,7,2,1720.29,7.54,1,20.798187148949733,Low Risk,Normal,Normal,10.67,70.0,19.33,70.0,Routine Monitoring
MD01242,Infusion Pump,ImagingTech,Model-500,3,1,8558.81,4.11,0,12.839450883110612,Low Risk,Normal,Normal,4.67,70.0,25.33,70.0,Routine Monitoring
MD03425,CT Scanner,MedEquip,Model-550,4,1,6649.13,7.75,0,16.628434822647833,Low Risk,Normal,Normal,7.67,70.0,22.33,70.0,Routine Monitoring
MD00865,Infusion Pump,RescueTech,Model-250,3,2,2126.27,3.46,0,7.552757210588083,Low Risk,Normal,Normal,0.0,70.0,30.0,70.0,Routine Monitoring
MD03070,X-Ray Machine,RescueTech,Model-250,8,4,8838.63,0.8,0,19.076952353182065,Low Risk,Normal,Normal,11.67,70.0,18.33,70.0,Routine Monitoring
MD00235,MRI Scanner,UltraMed,Model-600,9,1,6475.83,3.18,1,23.87202985487645,Low Risk,Normal,Normal,2.0,70.0,28.0,70.0,Routine Monitoring
MD02141,Defibrillator,ScanPro,Model-500,3,4,2113.58,4.53,1,11.031812606506064,Low Risk,Normal,Normal,3.0,70.0,27.0,70.0,Routine Monitoring
MD00107,Defibrillator,CardioSync,Model-300,8,2,7079.35,12.78,1,31.360527961340598,Medium Risk,Normal,Risk to Failure,12.67,17.33,70.0,70.0,Schedule Preventive Maintenance
MD02482,X-Ray Machine,RescueTech,Model-600,6,1,22018.74,14.08,4,47.30875706962475,Medium Risk,Failure,Failure,70.0,8.0,22.0,70.0,Inspect Immediately
MD01567,Infusion Pump,ScanPro,Model-400,6,3,6617.13,1.16,0,14.15466271032576,Low Risk,Normal,Normal,3.33,70.0,26.67,70.0,Routine Monitoring
MD05423,Defibrillator,ScanPro,Model-400,2,3,3257.5,7.59,0,10.37337010239766,Low Risk,Normal,Normal,1.67,70.0,28.33,70.0,Routine Monitoring
MD02759,MRI Scanner,MedEquip,Model-650,11,4,7475.79,2.81,1,27.89514959975603,Medium Risk,Normal,Normal,1.0,70.0,29.0,70.0,Routine Monitoring
MD04162,X-Ray Machine,UltraMed,Model-250,9,2,3288.78,6.6,0,22.20902250676929,Low Risk,Normal,Normal,1.33,70.0,28.67,70.0,Routine Monitoring
MD00029,Defibrillator,ImagingTech,Model-250,7,2,21577.86,24.15,5,60.60685118418083,High Risk,Failure,Failure,70.0,0.67,29.33,70.0,Inspect Immediately
MD00658,MRI Scanner,UltraMed,Model-600,9,5,11974.73,6.97,0,28.878781331925783,Medium Risk,Normal,Risk to Failure,8.67,21.33,70.0,70.0,Schedule Preventive Maintenance
MD00023,MRI Scanner,ScanPro,Model-250,8,3,3720.92,4.83,1,21.570817162528293,Low Risk,Normal,Normal,7.33,70.0,22.67,70.0,Routine Monitoring
MD05222,X-Ray Machine,ScanPro,Model-300,2,5,3208.47,7.9,1,13.123980128739063,Low Risk,Normal,Normal,3.67,70.0,26.33,70.0,Routine Monitoring
MD00327,CT Scanner,ImagingTech,Model-650,6,4,7011.0,14.35,2,31.62449217753213,Medium Risk,Risk to Failure,Risk to Failure,8.0,22.0,70.0,70.0,Schedule Preventive Maintenance
MD02640,Infusion Pump,RescueTech,Model-400,4,5,5925.52,6.54,0,14.983649484191464,Low Risk,Normal,Normal,1.0,70.0,29.0,70.0,Routine Monitoring
MD00541,X-Ray Machine,ImagingTech,Model-450,10,4,21734.81,17.62,2,52.644336112019566,High Risk,Risk to Failure,Failure,70.0,2.33,27.67,70.0,Inspect Immediately
MD03077,PET Scanner,MedEquip,Model-450,12,5,8933.23,6.81,0,31.96970731842944,Medium Risk,Normal,Normal,4.67,69.67,25.67,69.67,Routine Monitoring
MD04738,MRI Scanner,ScanPro,Model-200,11,3,4707.38,5.34,0,25.715091398115373,Low Risk,Normal,Normal,0.67,69.67,29.67,69.67,Routine Monitoring
MD05053,Infusion Pump,ScanPro,Model-600,7,2,543.98,1.31,1,14.186894952997344,Low Risk,Normal,Normal,2.0,69.67,28.33,69.67,Routine Monitoring
MD05373,X-Ray Machine,ScanPro,Model-250,8,1,2958.85,3.25,2,22.05626363725329,Low Risk,Risk to Failure,Normal,0.67,69.67,29.67,69.67,Routine Monitoring
MD01919,MRI Scanner,ImagingTech,Model-450,7,3,3354.3,1.19,0,13.623471237021906,Low Risk,Normal,Normal,0.67,69.67,29.67,69.67,Routine Monitoring
MD01094,Infusion Pump,RescueTech,Model-500,3,4,1574.6,5.28,1,11.331881331443787,Low Risk,Normal,Normal,0.67,69.67,29.67,69.67,Routine Monitoring
MD04401,X-Ray Machine,ScanPro,Model-500,2,3,5792.37,1.12,0,6.244123907816601,Low Risk,Normal,Normal,0.0,69.67,30.33,69.67,Routine Monitoring
MD01504,MRI Scanner,MedEquip,Model-500,3,5,3897.98,2.09,1,10.07811412756828,Low Risk,Normal,Normal,0.67,69.67,29.67,69.67,Routine Monitoring
MD00339,CT Scanner,UltraMed,Model-500,9,4,9815.17,7.11,0,27.434778752086338,Medium Risk,Normal,Risk to Failure,6.67,23.67,69.67,69.67,Schedule Preventive Maintenance
MD02409,X-Ray Machine,CardioSync,Model-600,6,1,7011.0,15.72,3,35.38988626620208,Medium Risk,Risk to Failure,Risk to Failure,16.67,13.67,69.67,69.67,Schedule Preventive Maintenance
MD03343,MRI Scanner,RescueTech,Model-500,6,4,3486.53,3.93,0,14.432411649426358,Low Risk,Normal,Normal,6.67,69.67,23.67,69.67,Routine Monitoring
MD01012,Infusion Pump,UltraMed,Model-150,2,2,589.11,7.1,1,10.476771006277254,Low Risk,Normal,Normal,7.33,69.67,23.0,69.67,Routine Monitoring
MD05103,Infusion Pump,MedEquip,Model-400,5,1,22448.9,32.73,8,73.02994666645107,High Risk,Failure,Failure,69.67,7.0,23.33,69.67,Inspect Immediately
MD03657,Infusion Pump,MedEquip,Model-400,9,5,4961.82,3.43,1,22.99993339580425,Low Risk,Normal,Normal,0.0,69.67,30.33,69.67,Routine Monitoring
MD05102,Infusion Pump,UltraMed,Model-400,5,4,7878.19,2.84,0,14.806930139254906,Low Risk,Normal,Normal,4.67,69.67,25.67,69.67,Routine Monitoring
MD02263,MRI Scanner,MedEquip,Model-350,8,2,9485.21,15.23,4,42.876209849209886,Medium Risk,Failure,Risk to Failure,17.67,12.67,69.67,69.67,Schedule Preventive Maintenance
MD01429,X-Ray Machine,MedEquip,Model-350,4,3,12610.58,9.91,3,30.466627837963586,Medium Risk,Risk to Failure,Risk to Failure,18.33,12.0,69.67,69.67,Schedule Preventive Maintenance
MD02212,X-Ray Machine,ScanPro,Model-500,12,3,3717.61,7.76,0,29.047413775832165,Medium Risk,Normal,Normal,1.33,69.67,29.0,69.67,Routine Monitoring
MD01609,PET Scanner,ScanPro,Model-450,5,1,15951.26,11.96,6,44.112081586969445,Medium Risk,Failure,Failure,69.67,5.67,24.67,69.67,Inspect Immediately
MD05231,X-Ray Machine,ImagingTech,Model-250,3,1,14040.09,10.08,0,22.346912388786187,Low Risk,Normal,Risk to Failure,18.0,12.33,69.67,69.67,Schedule Preventive Maintenance
MD04169,MRI Scanner,CardioSync,Model-450,9,2,584.7,6.2,0,19.869550110351724,Low Risk,Normal,Normal,1.33,69.67,29.0,69.67,Routine Monitoring
MD02917,MRI Scanner,ImagingTech,Model-150,6,5,4677.39,6.99,0,18.126348350321106,Low Risk,Normal,Normal,1.0,69.67,29.33,69.67,Routine Monitoring
MD00811,CT Scanner,ScanPro,Model-650,7,1,6379.68,6.53,0,20.759829495308598,Low Risk,Normal,Normal,1.0,69.67,29.33,69.67,Routine Monitoring
MD03980,PET Scanner,ScanPro,Model-100,2,2,3592.06,5.59,1,11.269817803182608,Low Risk,Normal,Normal,0.67,69.67,29.67,69.67,Routine Monitoring
MD01524,MRI Scanner,CardioSync,Model-500,1,2,7551.41,6.78,2,15.935295081587707,Low Risk,Risk to Failure,Normal,12.67,69.67,17.67,69.67,Routine Monitoring
MD00669,Infusion Pump,ImagingTech,Model-300,10,2,12680.96,10.76,1,37.21209149343344,Medium Risk,Normal,Risk to Failure,12.33,18.0,69.67,69.67,Schedule Preventive Maintenance
MD03744,X-Ray Machine,RescueTech,Model-300,4,1,5046.5,6.2,0,14.029214102514814,Low Risk,Normal,Normal,0.33,69.67,30.0,69.67,Routine Monitoring
MD02721,Defibrillator,UltraMed,Model-100,2,5,1849.02,6.34,0,8.192687857986328,Low Risk,Normal,Normal,1.67,69.67,28.67,69.67,Routine Monitoring
MD05167,CT Scanner,UltraMed,Model-100,2,5,7011.0,3.09,0,8.951518599386134,Low Risk,Normal,Normal,3.0,69.67,27.33,69.67,Routine Monitoring
MD03364,MRI Scanner,CardioSync,Model-200,8,4,8382.38,6.28,1,26.30613506198987,Low Risk,Normal,Normal,3.0,69.67,27.33,69.67,Routine Monitoring
MD05500,Infusion Pump,RescueTech,Model-250,6,2,8258.7,0.79,0,15.008853530354983,Low Risk,Normal,Normal,0.67,69.67,29.67,69.67,Routine Monitoring
MD02803,Defibrillator,UltraMed,Model-600,6,5,22847.77,14.54,3,45.83761047414774,Medium Risk,Risk to Failure,Failure,69.67,6.67,23.67,69.67,Inspect Immediately
MD02170,Defibrillator,ImagingTech,Model-650,12,2,8693.28,5.96,0,31.009797058558974,Medium Risk,Normal,Normal,6.67,69.67,23.67,69.67,Routine Monitoring
MD05271,CT Scanner,UltraMed,Model-150,3,5,7472.96,7.2,0,14.902436258694578,Low Risk,Normal,Normal,5.0,69.67,25.33,69.67,Routine Monitoring
MD02504,Infusion Pump,UltraMed,Model-550,6,3,8288.89,0.79,1,17.530847972368957,Low Risk,Normal,Normal,1.0,69.67,29.33,69.67,Routine Monitoring
MD03643,PET Scanner,CardioSync,Model-100,9,1,22644.86,17.94,4,56.78472317969984,High Risk,Failure,Failure,69.33,2.33,28.33,69.33,Inspect Immediately
MD02410,Infusion Pump,CardioSync,Model-350,12,1,6716.12,4.56,0,28.27626529056305,Medium Risk,Normal,Normal,2.0,69.33,28.67,69.33,Routine Monitoring
MD00195,Infusion Pump,ScanPro,Model-250,11,5,8330.52,6.55,0,29.47228297879692,Medium Risk,Normal,Normal,9.33,69.33,21.33,69.33,Routine Monitoring
MD03050,CT Scanner,RescueTech,Model-200,4,4,6445.7,7.47,0,16.221608457639803,Low Risk,Normal,Normal,2.0,69.33,28.67,69.33,Routine Monitoring
MD00494,Defibrillator,ImagingTech,Model-550,3,1,11828.93,7.6,4,28.445366714683644,Medium Risk,Failure,Risk to Failure,8.67,22.0,69.33,69.33,Schedule Preventive Maintenance
MD01441,PET Scanner,MedEquip,Model-400,1,4,5831.93,2.83,2,11.034196392937636,Low Risk,Risk to Failure,Normal,3.0,69.33,27.67,69.33,Routine Monitoring
MD03606,Infusion Pump,UltraMed,Model-100,8,4,19186.87,24.84,4,58.82043072076494,High Risk,Failure,Failure,69.33,3.0,27.67,69.33,Inspect Immediately
MD00976,PET Scanner,RescueTech,Model-100,12,2,5420.47,6.95,1,32.03985250495934,Medium Risk,Normal,Normal,0.67,69.33,30.0,69.33,Routine Monitoring
MD02112,PET Scanner,ScanPro,Model-200,12,1,8518.18,1.54,1,29.299718436675025,Medium Risk,Normal,Normal,3.0,69.33,27.67,69.33,Routine Monitoring
MD03669,X-Ray Machine,CardioSync,Model-300,12,2,5656.65,6.11,1,31.436055600447627,Medium Risk,Normal,Normal,2.67,69.33,28.0,69.33,Routine Monitoring
MD03782,CT Scanner,MedEquip,Model-650,7,3,6555.14,15.9,0,29.54221472441452,Medium Risk,Normal,Risk to Failure,14.0,16.67,69.33,69.33,Schedule Preventive Maintenance
MD01547,X-Ray Machine,ScanPro,Model-150,2,1,6331.82,6.7,1,14.291072470714791,Low Risk,Normal,Normal,5.33,69.33,25.33,69.33,Routine Monitoring
MD05314,MRI Scanner,ScanPro,Model-450,9,1,2726.48,6.55,0,21.753185562241462,Low Risk,Normal,Normal,1.33,69.33,29.33,69.33,Routine Monitoring
MD01266,Infusion Pump,ScanPro,Model-400,2,1,3162.52,5.01,0,7.921169015226442,Low Risk,Normal,Normal,2.33,69.33,28.33,69.33,Routine Monitoring
MD02608,PET Scanner,RescueTech,Model-100,7,5,554.46,7.77,0,17.66127875798255,Low Risk,Normal,Normal,2.33,69.33,28.33,69.33,Routine Monitoring
MD02008,Infusion Pump,RescueTech,Model-400,9,2,27955.67,17.79,5,63.01528213166144,High Risk,Failure,Failure,69.33,8.33,22.33,69.33,Inspect Immediately
MD05157,CT Scanner,ScanPro,Model-200,3,4,2907.42,7.53,1,14.381088012223836,Low Risk,Normal,Normal,1.0,69.33,29.67,69.33,Routine Monitoring
MD02253,MRI Scanner,ImagingTech,Model-500,8,2,11362.91,12.92,2,37.110557485809736,Medium Risk,Risk to Failure,Risk to Failure,20.0,10.67,69.33,69.33,Schedule Preventive Maintenance
MD02534,Defibrillator,ScanPro,Model-600,2,4,7258.69,13.92,1,21.63504800812513,Low Risk,Normal,Risk to Failure,10.0,20.67,69.33,69.33,Schedule Preventive Maintenance
MD02732,X-Ray Machine,RescueTech,Model-200,7,3,18473.33,30.06,8,71.30383931055852,High Risk,Failure,Failure,69.33,0.67,30.0,69.33,Inspect Immediately
MD04479,Infusion Pump,MedEquip,Model-350,7,2,8586.04,6.15,1,24.516252590359517,Low Risk,Normal,Normal,5.0,69.33,25.67,69.33,Routine Monitoring
MD03892,CT Scanner,RescueTech,Model-150,10,3,4724.78,6.12,1,27.130029421606533,Medium Risk,Normal,Normal,1.67,69.33,29.0,69.33,Routine Monitoring
MD05081,MRI Scanner,MedEquip,Model-400,5,2,5472.96,7.07,0,16.961657966733426,Low Risk,Normal,Normal,3.0,69.33,27.67,69.33,Routine Monitoring
MD00170,MRI Scanner,UltraMed,Model-300,5,4,7800.24,6.55,1,20.67686505045559,Low Risk,Normal,Normal,0.67,69.33,30.0,69.33,Routine Monitoring
MD03338,MRI Scanner,ScanPro,Model-650,10,4,7094.33,6.55,0,26.753494692471527,Low Risk,Normal,Normal,2.33,69.33,28.33,69.33,Routine Monitoring
MD03067,Infusion Pump,ImagingTech,Model-300,5,1,7432.82,2.73,0,14.380861958280876,Low Risk,Normal,Normal,2.0,69.33,28.67,69.33,Routine Monitoring
MD05183,Defibrillator,CardioSync,Model-100,9,4,16072.72,28.41,7,69.16726211880685,High Risk,Failure,Failure,69.33,0.33,30.33,69.33,Inspect Immediately
MD01768,Infusion Pump,ScanPro,Model-350,8,5,25221.58,17.0,6,60.97554293629455,High Risk,Failure,Failure,69.33,3.0,27.67,69.33,Inspect Immediately
MD04229,Infusion Pump,UltraMed,Model-600,11,3,25585.7,26.46,5,72.93304692666548,High Risk,Failure,Risk to Failure,27.67,3.0,69.33,69.33,Schedule Preventive Maintenance
MD00760,Infusion Pump,MedEquip,Model-400,7,3,2111.2,4.9,2,21.14455473674257,Low Risk,Risk to Failure,Normal,1.33,69.33,29.33,69.33,Routine Monitoring
MD04909,Defibrillator,UltraMed,Model-500,4,2,9776.85,15.65,0,26.20388327207685,Low Risk,Normal,Risk to Failure,18.33,12.33,69.33,69.33,Schedule Preventive Maintenance
MD03015,X-Ray Machine,MedEquip,Model-100,11,5,20698.98,17.74,3,56.31871797639797,High Risk,Risk to Failure,Failure,69.0,2.0,29.0,69.0,Inspect Immediately
MD04884,PET Scanner,MedEquip,Model-650,6,4,8846.18,2.06,0,16.609882252105244,Low Risk,Normal,Normal,2.0,69.0,29.0,69.0,Routine Monitoring
MD04396,CT Scanner,ImagingTech,Model-300,3,3,836.92,7.48,1,12.826476061221165,Low Risk,Normal,Normal,0.33,69.0,30.67,69.0,Routine Monitoring
MD01628,PET Scanner,CardioSync,Model-150,6,1,6577.62,7.77,0,20.231173897763227,Low Risk,Normal,Normal,1.67,69.0,29.33,69.0,Routine Monitoring
MD00887,X-Ray Machine,ScanPro,Model-550,2,3,4891.26,1.09,0,5.559925258935692,Low Risk,Normal,Normal,0.33,69.0,30.67,69.0,Routine Monitoring
MD04284,PET Scanner,ImagingTech,Model-550,8,5,20921.54,16.45,4,52.33481258992221,High Risk,Failure,Failure,69.0,5.0,26.0,69.0,Inspect Immediately
MD00620,MRI Scanner,RescueTech,Model-650,4,2,738.07,4.1,0,8.950721109423112,Low Risk,Normal,Normal,16.67,69.0,14.33,69.0,Routine Monitoring
MD02686,Defibrillator,MedEquip,Model-400,8,2,5996.68,7.77,1,25.94430298150686,Low Risk,Normal,Normal,3.0,69.0,28.0,69.0,Routine Monitoring
MD01378,Infusion Pump,RescueTech,Model-250,6,1,8022.59,11.7,1,27.41380980663222,Medium Risk,Normal,Risk to Failure,15.0,16.0,69.0,69.0,Schedule Preventive Maintenance
MD00341,X-Ray Machine,RescueTech,Model-200,5,5,7271.36,6.38,1,20.13453827439736,Low Risk,Normal,Normal,5.67,69.0,25.33,69.0,Routine Monitoring
MD04670,MRI Scanner,ImagingTech,Model-500,2,4,1322.01,6.18,0,7.660959893744387,Low Risk,Normal,Normal,0.33,69.0,30.67,69.0,Routine Monitoring
MD04935,X-Ray Machine,ScanPro,Model-250,7,2,14502.67,14.59,3,41.62228532181028,Medium Risk,Risk to Failure,Risk to Failure,15.67,15.33,69.0,69.0,Schedule Preventive Maintenance
MD02350,Defibrillator,UltraMed,Model-150,3,1,9071.03,12.81,2,26.24833486370392,Low Risk,Risk to Failure,Risk to Failure,14.33,16.67,69.0,69.0,Schedule Preventive Maintenance
MD03303,Defibrillator,CardioSync,Model-650,4,3,22390.06,30.9,7,66.97862697066897,High Risk,Failure,Failure,69.0,3.67,27.33,69.0,Inspect Immediately
MD05185,Defibrillator,RescueTech,Model-100,8,4,12922.86,14.89,1,37.56661540852235,Medium Risk,Normal,Risk to Failure,11.67,19.33,69.0,69.0,Schedule Preventive Maintenance
MD00138,X-Ray Machine,ImagingTech,Model-250,9,5,21697.87,18.14,4,56.27953781370236,High Risk,Failure,Risk to Failure,27.0,4.0,69.0,69.0,Schedule Preventive Maintenance
MD00754,CT Scanner,ImagingTech,Model-300,3,2,13055.26,12.34,1,26.21686865514028,Low Risk,Normal,Risk to Failure,17.33,13.67,69.0,69.0,Schedule Preventive Maintenance
MD04254,MRI Scanner,RescueTech,Model-250,6,5,8241.98,7.23,3,28.444948303637144,Medium Risk,Risk to Failure,Normal,9.0,69.0,22.0,69.0,Routine Monitoring
MD00901,CT Scanner,UltraMed,Model-200,6,4,14832.24,12.25,4,40.38287641079485,Medium Risk,Failure,Risk to Failure,24.0,7.33,68.67,68.67,Schedule Preventive Maintenance
MD00502,X-Ray Machine,RescueTech,Model-550,9,5,2754.64,1.52,0,17.12776511960706,Low Risk,Normal,Normal,0.0,68.67,31.33,68.67,Routine Monitoring
MD04691,X-Ray Machine,UltraMed,Model-350,5,4,13429.84,12.96,5,40.69878666261948,Medium Risk,Failure,Risk to Failure,16.0,15.33,68.67,68.67,Schedule Preventive Maintenance
MD02470,X-Ray Machine,CardioSync,Model-100,10,1,18117.12,23.0,3,57.47793770183655,High Risk,Risk to Failure,Failure,68.67,2.0,29.33,68.67,Inspect Immediately
MD00761,Defibrillator,ImagingTech,Model-300,8,3,8207.27,7.85,1,27.62868462274604,Medium Risk,Normal,Normal,4.0,68.67,27.33,68.67,Routine Monitoring
MD00585,X-Ray Machine,RescueTech,Model-650,10,2,24246.23,23.13,4,64.56327673066879,High Risk,Failure,Failure,68.67,4.0,27.33,68.67,Inspect Immediately
MD03572,X-Ray Machine,MedEquip,Model-350,6,4,7706.44,5.9,0,19.32634091958814,Low Risk,Normal,Normal,1.67,68.67,29.67,68.67,Routine Monitoring
MD00193,CT Scanner,ScanPro,Model-500,8,4,5906.88,6.53,2,27.23356042961473,Medium Risk,Risk to Failure,Normal,0.33,68.67,31.0,68.67,Routine Monitoring
MD04535,MRI Scanner,ScanPro,Model-150,10,5,7403.93,6.23,0,26.683482322089503,Low Risk,Normal,Normal,0.33,68.67,31.0,68.67,Routine Monitoring
MD03228,Infusion Pump,UltraMed,Model-100,4,5,8282.14,2.86,1,15.80151254418934,Low Risk,Normal,Normal,2.0,68.67,29.33,68.67,Routine Monitoring
MD01536,Infusion Pump,ScanPro,Model-250,11,1,6009.89,7.56,1,31.21450685319333,Medium Risk,Normal,Normal,8.0,68.67,23.33,68.67,Routine Monitoring
MD03526,X-Ray Machine,ScanPro,Model-150,11,1,7473.99,6.25,0,28.57117814000084,Medium Risk,Normal,Normal,4.0,68.67,27.33,68.67,Routine Monitoring
MD01935,X-Ray Machine,UltraMed,Model-250,3,2,9134.89,15.75,2,29.01037628749504,Medium Risk,Risk to Failure,Risk to Failure,9.33,22.0,68.67,68.67,Schedule Preventive Maintenance
MD04922,Defibrillator,MedEquip,Model-350,7,1,17643.89,25.47,4,56.46003203467421,High Risk,Failure,Failure,68.67,0.67,30.67,68.67,Inspect Immediately
MD02887,X-Ray Machine,ScanPro,Model-150,7,2,14507.51,23.19,5,54.56916118015367,High Risk,Failure,Failure,68.67,5.67,25.67,68.67,Inspect Immediately
MD05425,CT Scanner,CardioSync,Model-250,9,4,23299.08,21.73,3,58.2619604687313,High Risk,Risk to Failure,Failure,68.67,2.33,29.0,68.67,Inspect Immediately
MD01690,Defibrillator,UltraMed,Model-400,4,3,9938.52,15.99,2,31.635704775690424,Medium Risk,Risk to Failure,Risk to Failure,16.33,15.0,68.67,68.67,Schedule Preventive Maintenance
MD04448,Defibrillator,ImagingTech,Model-500,8,3,6333.49,4.92,1,23.557291361665605,Low Risk,Normal,Normal,1.0,68.67,30.33,68.67,Routine Monitoring
MD04503,Infusion Pump,UltraMed,Model-400,6,4,8510.4,7.87,2,26.731634409768645,Low Risk,Risk to Failure,Normal,11.67,68.67,19.67,68.67,Routine Monitoring
MD02345,MRI Scanner,UltraMed,Model-400,10,1,8956.39,5.06,0,26.73383721958596,Low Risk,Normal,Normal,9.33,68.67,22.0,68.67,Routine Monitoring
MD03054,CT Scanner,UltraMed,Model-200,12,1,531.84,6.55,1,28.10886111875618,Medium Risk,Normal,Normal,1.67,68.67,29.67,68.67,Routine Monitoring
MD02425,PET Scanner,CardioSync,Model-250,3,3,8723.41,5.58,1,16.817126203220607,Low Risk,Normal,Normal,7.0,68.67,24.33,68.67,Routine Monitoring
MD04943,MRI Scanner,RescueTech,Model-350,5,3,11816.81,13.0,3,34.56058524780892,Medium Risk,Risk to Failure,Risk to Failure,16.0,15.33,68.67,68.67,Schedule Preventive Maintenance
MD04632,Infusion Pump,ImagingTech,Model-300,11,5,756.95,2.75,0,20.44482737669627,Low Risk,Normal,Normal,0.67,68.67,30.67,68.67,Routine Monitoring
MD01878,PET Scanner,CardioSync,Model-150,8,3,25792.93,28.93,6,72.41087951762931,High Risk,Failure,Failure,68.33,4.33,27.33,68.33,Inspect Immediately
MD02788,CT Scanner,ImagingTech,Model-400,3,5,15602.77,26.02,3,45.70828433252161,Medium Risk,Risk to Failure,Failure,68.33,3.33,28.33,68.33,Inspect Immediately
MD01784,CT Scanner,RescueTech,Model-250,12,1,4788.03,1.21,0,23.77737431246329,Low Risk,Normal,Normal,1.33,68.33,30.33,68.33,Routine Monitoring
MD04460,Infusion Pump,ImagingTech,Model-250,11,1,986.36,7.54,0,25.036221449589693,Low Risk,Normal,Normal,2.33,68.33,29.33,68.33,Routine Monitoring
MD04694,Infusion Pump,CardioSync,Model-500,5,2,15395.23,27.45,8,63.014260826598736,High Risk,Failure,Failure,68.33,5.33,26.33,68.33,Inspect Immediately
MD01125,PET Scanner,MedEquip,Model-600,3,2,7181.53,7.88,0,15.318198407460953,Low Risk,Normal,Normal,9.0,68.33,22.67,68.33,Routine Monitoring
MD04790,CT Scanner,CardioSync,Model-400,11,3,10479.24,12.19,1,38.74705820061637,Medium Risk,Normal,Risk to Failure,14.67,17.0,68.33,68.33,Schedule Preventive Maintenance
MD01830,Defibrillator,ScanPro,Model-500,6,2,23377.09,20.69,4,54.40365681995237,High Risk,Failure,Failure,68.33,3.0,28.67,68.33,Inspect Immediately
MD05348,CT Scanner,UltraMed,Model-600,3,5,1080.74,1.67,2,10.13772791523033,Low Risk,Risk to Failure,Normal,0.0,68.33,31.67,68.33,Routine Monitoring
MD05079,Defibrillator,UltraMed,Model-550,10,4,27671.59,24.93,3,66.22132959211741,High Risk,Risk to Failure,Failure,68.33,2.33,29.33,68.33,Inspect Immediately
MD01721,Infusion Pump,RescueTech,Model-550,8,1,7142.67,5.42,0,22.108629178732247,Low Risk,Normal,Normal,3.33,68.33,28.33,68.33,Routine Monitoring
MD00897,Infusion Pump,CardioSync,Model-350,11,5,611.9,6.59,0,23.88595154689132,Low Risk,Normal,Normal,0.33,68.33,31.33,68.33,Routine Monitoring
MD03878,Infusion Pump,ScanPro,Model-100,1,5,3043.07,0.6,0,1.9426879464838005,Low Risk,Normal,Normal,3.0,68.33,28.67,68.33,Routine Monitoring
MD02113,Infusion Pump,UltraMed,Model-500,9,1,22730.77,14.6,4,53.76233616775812,High Risk,Failure,Failure,68.33,4.0,27.67,68.33,Inspect Immediately
MD03974,X-Ray Machine,CardioSync,Model-350,11,2,6031.34,7.74,4,38.8963900655224,Medium Risk,Failure,Normal,5.0,68.33,26.67,68.33,Routine Monitoring
MD03031,X-Ray Machine,RescueTech,Model-150,11,4,8017.71,7.07,0,29.724685819019445,Medium Risk,Normal,Normal,4.33,68.33,27.33,68.33,Routine Monitoring
MD00264,Defibrillator,MedEquip,Model-250,6,1,4265.4,6.16,0,17.05957400433771,Low Risk,Normal,Normal,0.67,68.33,31.0,68.33,Routine Monitoring
MD00711,PET Scanner,ScanPro,Model-450,3,5,680.66,4.08,1,9.572241246843909,Low Risk,Normal,Normal,1.33,68.33,30.33,68.33,Routine Monitoring
MD03771,X-Ray Machine,RescueTech,Model-200,7,2,6119.75,6.79,1,23.310609431170217,Low Risk,Normal,Normal,3.33,68.33,28.33,68.33,Routine Monitoring
MD04531,CT Scanner,MedEquip,Model-600,7,5,715.02,6.04,0,16.180345776027874,Low Risk,Normal,Normal,1.0,68.33,30.67,68.33,Routine Monitoring
MD00412,PET Scanner,CardioSync,Model-550,7,1,14862.09,18.08,3,45.10765718617317,Medium Risk,Risk to Failure,Failure,68.33,4.33,27.33,68.33,Inspect Immediately
MD01421,Infusion Pump,ScanPro,Model-350,11,5,7405.32,6.19,1,30.965730989748945,Medium Risk,Normal,Normal,6.0,68.33,25.67,68.33,Routine Monitoring
MD00187,CT Scanner,UltraMed,Model-200,11,2,6117.58,7.1,1,30.86808583433876,Medium Risk,Normal,Normal,4.0,68.33,27.67,68.33,Routine Monitoring
MD00009,MRI Scanner,RescueTech,Model-500,8,4,1071.13,0.68,1,15.807226927228008,Low Risk,Normal,Normal,1.0,68.33,30.67,68.33,Routine Monitoring
MD02522,Defibrillator,CardioSync,Model-550,6,5,7612.1,0.64,0,14.399236636060584,Low Risk,Normal,Normal,0.67,68.33,31.0,68.33,Routine Monitoring
MD02999,Defibrillator,CardioSync,Model-450,10,4,8577.93,5.31,0,26.68902756505064,Low Risk,Normal,Normal,3.67,68.33,28.0,68.33,Routine Monitoring
MD00241,PET Scanner,ImagingTech,Model-450,8,5,8980.99,3.88,0,22.02549404224121,Low Risk,Normal,Normal,14.33,68.33,17.33,68.33,Routine Monitoring
MD00546,Defibrillator,RescueTech,Model-350,9,5,8819.41,6.75,1,28.87682140270362,Medium Risk,Normal,Normal,11.33,68.33,20.33,68.33,Routine Monitoring
MD00260,PET Scanner,RescueTech,Model-550,5,4,7754.56,3.28,0,15.123265419453045,Low Risk,Normal,Normal,2.0,68.33,29.67,68.33,Routine Monitoring
MD02507,MRI Scanner,CardioSync,Model-150,9,1,21965.16,16.13,8,64.61774057787096,High Risk,Failure,Failure,68.33,5.67,26.0,68.33,Inspect Immediately
MD01116,Infusion Pump,MedEquip,Model-100,11,4,6843.13,5.25,0,27.18792984898777,Medium Risk,Normal,Normal,0.33,68.33,31.33,68.33,Routine Monitoring
MD01873,PET Scanner,ScanPro,Model-250,2,2,5519.87,4.04,0,8.742642722791707,Low Risk,Normal,Normal,2.67,68.33,29.0,68.33,Routine Monitoring
MD04899,CT Scanner,UltraMed,Model-250,3,3,5931.54,6.64,0,13.262217972819816,Low Risk,Normal,Normal,15.33,68.33,16.33,68.33,Routine Monitoring
MD04758,PET Scanner,UltraMed,Model-250,3,3,6543.81,6.84,0,13.893006560274127,Low Risk,Normal,Normal,3.33,68.33,28.33,68.33,Routine Monitoring
MD00318,CT Scanner,ImagingTech,Model-650,10,1,14434.98,13.72,1,41.22394488008222,Medium Risk,Normal,Risk to Failure,19.0,12.67,68.33,68.33,Schedule Preventive Maintenance
MD03608,Defibrillator,UltraMed,Model-350,8,3,6513.35,6.92,2,28.03561613060005,Medium Risk,Risk to Failure,Normal,13.67,68.33,18.0,68.33,Routine Monitoring
MD01194,Infusion Pump,ScanPro,Model-150,3,5,16374.66,16.71,5,42.67149452491098,Medium Risk,Failure,Failure,68.0,4.33,27.67,68.0,Inspect Immediately
MD01696,CT Scanner,RescueTech,Model-450,3,1,22954.31,24.07,5,54.263022935395085,High Risk,Failure,Failure,68.0,0.0,32.0,68.0,Inspect Immediately
MD02123,Defibrillator,ScanPro,Model-150,9,2,6488.38,6.55,2,29.493857685870772,Medium Risk,Risk to Failure,Normal,1.33,68.0,30.67,68.0,Routine Monitoring
MD03468,Infusion Pump,UltraMed,Model-650,8,4,7011.0,2.88,0,19.666643991235663,Low Risk,Normal,Normal,1.0,68.0,31.0,68.0,Routine Monitoring
MD00245,PET Scanner,ImagingTech,Model-500,1,3,1965.68,6.55,1,9.153462335626552,Low Risk,Normal,Normal,0.67,68.0,31.33,68.0,Routine Monitoring
MD01450,MRI Scanner,ImagingTech,Model-500,2,4,7513.84,6.0,0,12.00566252694644,Low Risk,Normal,Normal,1.67,68.0,30.33,68.0,Routine Monitoring
MD02977,Infusion Pump,MedEquip,Model-150,7,1,6927.2,7.75,2,27.285563731675754,Medium Risk,Risk to Failure,Normal,10.67,68.0,21.33,68.0,Routine Monitoring
MD01899,MRI Scanner,ImagingTech,Model-100,5,5,9456.97,14.93,3,34.62399699792714,Medium Risk,Risk to Failure,Risk to Failure,19.67,12.33,68.0,68.0,Schedule Preventive Maintenance
MD01426,MRI Scanner,RescueTech,Model-400,4,1,1002.84,7.43,0,12.219353977717692,Low Risk,Normal,Normal,4.33,68.0,27.67,68.0,Routine Monitoring
MD01048,Defibrillator,ScanPro,Model-550,2,2,6226.17,6.52,1,14.04784669404069,Low Risk,Normal,Normal,2.0,68.0,30.0,68.0,Routine Monitoring
MD04372,CT Scanner,ImagingTech,Model-300,10,3,8861.85,2.12,0,23.949444372111884,Low Risk,Normal,Normal,2.67,68.0,29.33,68.0,Routine Monitoring
MD01209,PET Scanner,CardioSync,Model-250,10,3,2771.46,5.87,0,22.97605802283466,Low Risk,Normal,Normal,2.33,68.0,29.67,68.0,Routine Monitoring
MD01669,PET Scanner,UltraMed,Model-550,5,5,6692.01,6.24,1,19.583151746038943,Low Risk,Normal,Normal,1.67,68.0,30.33,68.0,Routine Monitoring
MD04520,MRI Scanner,MedEquip,Model-450,8,5,7440.95,3.38,0,20.44169985252359,Low Risk,Normal,Normal,0.67,68.0,31.33,68.0,Routine Monitoring
MD03079,X-Ray Machine,ImagingTech,Model-550,11,1,7870.34,4.56,1,29.79897200704069,Medium Risk,Normal,Normal,1.0,68.0,31.0,68.0,Routine Monitoring
MD04082,MRI Scanner,MedEquip,Model-650,4,3,8517.19,6.55,0,16.881005696729506,Low Risk,Normal,Normal,4.67,68.0,27.33,68.0,Routine Monitoring
MD02375,CT Scanner,CardioSync,Model-200,7,5,6368.54,13.3,2,32.00479244407817,Medium Risk,Risk to Failure,Risk to Failure,10.67,21.33,68.0,68.0,Schedule Preventive Maintenance
MD03700,Defibrillator,MedEquip,Model-400,11,2,8206.85,7.56,0,30.315066950146644,Medium Risk,Normal,Normal,13.33,68.0,18.67,68.0,Routine Monitoring
MD04505,Infusion Pump,CardioSync,Model-500,8,4,2859.7,7.4,0,20.817157568151664,Low Risk,Normal,Normal,14.33,68.0,17.67,68.0,Routine Monitoring
MD00428,Defibrillator,ScanPro,Model-300,9,1,5763.21,6.59,0,24.00249248459209,Low Risk,Normal,Normal,0.33,68.0,31.67,68.0,Routine Monitoring
MD00971,CT Scanner,UltraMed,Model-650,3,5,9099.06,12.35,1,23.34387882494762,Low Risk,Normal,Risk to Failure,19.33,12.67,68.0,68.0,Schedule Preventive Maintenance
MD01685,Infusion Pump,ImagingTech,Model-300,10,4,7082.23,5.51,0,25.78408829784457,Low Risk,Normal,Normal,2.67,68.0,29.33,68.0,Routine Monitoring
MD01189,Infusion Pump,CardioSync,Model-450,7,3,7346.45,11.66,2,31.202454820839264,Medium Risk,Risk to Failure,Risk to Failure,16.67,15.33,68.0,68.0,Schedule Preventive Maintenance
MD04315,X-Ray Machine,RescueTech,Model-150,2,1,7518.97,6.55,0,12.517404832568946,Low Risk,Normal,Normal,13.67,67.67,18.67,67.67,Routine Monitoring
MD05179,PET Scanner,ScanPro,Model-400,11,5,27554.9,18.31,6,69.33996675599357,High Risk,Failure,Failure,67.67,19.0,13.33,67.67,Inspect Immediately
MD04217,MRI Scanner,CardioSync,Model-150,6,4,1005.86,7.14,0,15.5900606439596,Low Risk,Normal,Normal,0.67,67.67,31.67,67.67,Routine Monitoring
MD05037,Infusion Pump,RescueTech,Model-450,8,3,1343.54,7.96,0,20.2298248102011,Low Risk,Normal,Normal,6.0,67.67,26.33,67.67,Routine Monitoring
MD00720,Defibrillator,RescueTech,Model-200,4,5,8042.62,6.55,1,19.035265307641343,Low Risk,Normal,Normal,8.0,67.67,24.33,67.67,Routine Monitoring
MD04516,Defibrillator,UltraMed,Model-600,7,5,6508.78,3.37,0,17.935164025254867,Low Risk,Normal,Normal,1.33,67.67,31.0,67.67,Routine Monitoring
MD01963,Infusion Pump,UltraMed,Model-400,3,5,8335.07,6.4,0,14.791596465096305,Low Risk,Normal,Normal,2.67,67.67,29.67,67.67,Routine Monitoring
MD04645,MRI Scanner,ImagingTech,Model-100,4,1,7011.0,11.69,2,25.53123198944435,Low Risk,Risk to Failure,Risk to Failure,11.0,21.33,67.67,67.67,Schedule Preventive Maintenance
MD04247,MRI Scanner,CardioSync,Model-100,12,2,12257.5,12.43,1,42.082437799115816,Medium Risk,Normal,Risk to Failure,16.0,16.33,67.67,67.67,Schedule Preventive Maintenance
MD04216,Defibrillator,RescueTech,Model-150,10,3,9171.57,8.48,4,40.04947016472831,Medium Risk,Failure,Risk to Failure,12.0,20.33,67.67,67.67,Schedule Preventive Maintenance
MD05363,X-Ray Machine,CardioSync,Model-400,7,3,5659.97,7.24,0,20.89128445430212,Low Risk,Normal,Normal,1.0,67.67,31.33,67.67,Routine Monitoring
MD03917,X-Ray Machine,CardioSync,Model-150,5,5,4674.88,6.18,1,18.05818520239362,Low Risk,Normal,Normal,0.33,67.67,32.0,67.67,Routine Monitoring
MD03106,PET Scanner,ImagingTech,Model-400,2,2,15866.77,16.74,5,40.5110069237555,Medium Risk,Failure,Failure,67.67,5.33,27.0,67.67,Inspect Immediately
MD04792,Defibrillator,UltraMed,Model-250,5,2,2650.81,4.27,0,12.319418790296416,Low Risk,Normal,Normal,15.0,67.67,17.33,67.67,Routine Monitoring
MD01859,Defibrillator,ImagingTech,Model-250,9,1,7077.74,2.19,0,20.89613289886617,Low Risk,Normal,Normal,3.0,67.67,29.33,67.67,Routine Monitoring
MD00043,Defibrillator,MedEquip,Model-400,4,3,3453.73,5.26,0,12.000600373122923,Low Risk,Normal,Normal,0.0,67.67,32.33,67.67,Routine Monitoring
MD05471,MRI Scanner,ScanPro,Model-350,7,1,8433.7,3.34,0,19.30982436825044,Low Risk,Normal,Normal,3.33,67.67,29.0,67.67,Routine Monitoring
MD01976,Defibrillator,MedEquip,Model-200,11,5,6291.22,5.85,1,29.84003183103868,Medium Risk,Normal,Normal,1.33,67.67,31.0,67.67,Routine Monitoring
MD00466,CT Scanner,ImagingTech,Model-600,3,1,24711.73,17.14,6,51.64250112095751,High Risk,Failure,Failure,67.67,3.67,28.67,67.67,Inspect Immediately
MD02783,CT Scanner,CardioSync,Model-550,12,5,6714.47,7.29,1,33.296614933570694,Medium Risk,Normal,Normal,2.33,67.67,30.0,67.67,Routine Monitoring
MD01945,CT Scanner,CardioSync,Model-100,5,5,3585.05,6.2,0,14.782679879579632,Low Risk,Normal,Normal,1.0,67.67,31.33,67.67,Routine Monitoring
MD00062,MRI Scanner,MedEquip,Model-250,1,1,504.6,5.04,0,4.194311418598804,Low Risk,Normal,Normal,3.0,67.67,29.33,67.67,Routine Monitoring
MD04924,MRI Scanner,MedEquip,Model-350,4,5,8627.29,1.23,1,14.54742418870152,Low Risk,Normal,Normal,5.33,67.33,27.33,67.33,Routine Monitoring
MD03909,X-Ray Machine,ScanPro,Model-550,12,1,6627.22,10.59,2,38.781079897119945,Medium Risk,Risk to Failure,Risk to Failure,8.67,24.0,67.33,67.33,Schedule Preventive Maintenance
MD04466,X-Ray Machine,ScanPro,Model-450,10,2,7852.1,1.44,1,25.0857283293494,Low Risk,Normal,Normal,2.67,67.33,30.0,67.33,Routine Monitoring
MD03131,PET Scanner,ImagingTech,Model-650,3,3,9849.33,13.08,2,27.064737126638605,Medium Risk,Risk to Failure,Risk to Failure,18.33,14.33,67.33,67.33,Schedule Preventive Maintenance
MD04621,MRI Scanner,RescueTech,Model-300,11,4,18635.12,28.83,3,65.05835235827222,High Risk,Risk to Failure,Failure,67.33,1.67,31.0,67.33,Inspect Immediately
MD04774,X-Ray Machine,RescueTech,Model-550,4,3,1446.22,4.58,2,14.909982228211955,Low Risk,Risk to Failure,Normal,0.0,67.33,32.67,67.33,Routine Monitoring
MD02532,CT Scanner,ScanPro,Model-300,5,1,10876.65,9.39,3,30.54128709920605,Medium Risk,Risk to Failure,Risk to Failure,10.67,22.0,67.33,67.33,Schedule Preventive Maintenance
MD05030,X-Ray Machine,UltraMed,Model-250,9,3,9019.5,12.78,2,37.092175055223365,Medium Risk,Risk to Failure,Risk to Failure,18.0,14.67,67.33,67.33,Schedule Preventive Maintenance
MD01858,MRI Scanner,ScanPro,Model-350,2,2,25017.77,28.45,6,60.49370842517996,High Risk,Failure,Failure,67.33,6.33,26.33,67.33,Inspect Immediately
MD04311,CT Scanner,RescueTech,Model-600,8,2,11863.37,13.09,2,37.63217932506648,Medium Risk,Risk to Failure,Risk to Failure,16.0,16.67,67.33,67.33,Schedule Preventive Maintenance
MD02867,Infusion Pump,UltraMed,Model-350,5,5,8827.45,14.36,1,28.638892430183382,Medium Risk,Normal,Risk to Failure,16.67,16.0,67.33,67.33,Schedule Preventive Maintenance
MD04465,X-Ray Machine,MedEquip,Model-600,7,2,5015.97,6.55,0,19.784793275549024,Low Risk,Normal,Normal,6.33,67.33,26.33,67.33,Routine Monitoring
MD05019,CT Scanner,MedEquip,Model-250,2,3,6384.23,1.58,0,7.100190899207626,Low Risk,Normal,Normal,1.67,67.33,31.0,67.33,Routine Monitoring
MD03544,X-Ray Machine,RescueTech,Model-300,10,1,7606.53,9.06,2,34.444999570364764,Medium Risk,Risk to Failure,Risk to Failure,14.33,18.33,67.33,67.33,Schedule Preventive Maintenance
MD00139,PET Scanner,ImagingTech,Model-350,7,2,7434.26,2.77,1,20.55522049643881,Low Risk,Normal,Normal,0.0,67.33,32.67,67.33,Routine Monitoring
MD03030,CT Scanner,ScanPro,Model-300,7,2,10000.36,13.88,1,32.68641114831485,Medium Risk,Normal,Risk to Failure,14.33,18.33,67.33,67.33,Schedule Preventive Maintenance
MD05263,Infusion Pump,UltraMed,Model-650,3,1,8257.88,0.55,1,11.83203580106719,Low Risk,Normal,Normal,4.67,67.33,28.0,67.33,Routine Monitoring
MD03628,X-Ray Machine,MedEquip,Model-350,4,2,10328.31,8.95,3,27.917216996515712,Medium Risk,Risk to Failure,Risk to Failure,18.0,14.67,67.33,67.33,Schedule Preventive Maintenance
MD01157,Infusion Pump,UltraMed,Model-500,11,1,4836.43,7.64,0,27.93349294963659,Medium Risk,Normal,Normal,5.0,67.33,27.67,67.33,Routine Monitoring
MD05215,Defibrillator,CardioSync,Model-450,2,2,18663.91,22.8,3,43.14610920823596,Medium Risk,Risk to Failure,Failure,67.33,1.33,31.33,67.33,Inspect Immediately
MD05073,MRI Scanner,RescueTech,Model-200,6,2,3590.47,6.19,0,16.595573898938934,Low Risk,Normal,Normal,2.33,67.33,30.33,67.33,Routine Monitoring
MD00462,CT Scanner,ScanPro,Model-600,4,5,6444.81,6.55,2,20.37120636778219,Low Risk,Risk to Failure,Normal,1.33,67.33,31.33,67.33,Routine Monitoring
MD01720,X-Ray Machine,MedEquip,Model-600,9,1,3562.35,5.03,1,23.458204405459828,Low Risk,Normal,Normal,2.33,67.33,30.33,67.33,Routine Monitoring
MD03328,Infusion Pump,ImagingTech,Model-400,8,5,2829.46,6.52,0,19.982318817663373,Low Risk,Normal,Normal,0.67,67.33,32.0,67.33,Routine Monitoring
MD01501,Infusion Pump,MedEquip,Model-400,2,3,2782.71,1.09,1,6.523774854544673,Low Risk,Normal,Normal,0.67,67.33,32.0,67.33,Routine Monitoring
MD04265,MRI Scanner,RescueTech,Model-100,5,3,17935.48,20.45,5,50.89940212533197,High Risk,Failure,Failure,67.33,4.33,28.33,67.33,Inspect Immediately
MD05337,PET Scanner,ScanPro,Model-650,11,1,8832.7,7.91,1,33.594295827599694,Medium Risk,Normal,Normal,5.33,67.33,27.33,67.33,Routine Monitoring
MD02204,CT Scanner,RescueTech,Model-500,5,4,9695.59,9.94,1,25.18884963760246,Low Risk,Normal,Risk to Failure,11.33,21.33,67.33,67.33,Schedule Preventive Maintenance
MD02539,MRI Scanner,CardioSync,Model-500,7,3,14825.44,9.31,2,34.48058695627258,Medium Risk,Risk to Failure,Risk to Failure,9.67,23.0,67.33,67.33,Schedule Preventive Maintenance
MD04384,CT Scanner,RescueTech,Model-150,9,1,14751.17,28.45,4,60.74141379966483,High Risk,Failure,Failure,67.33,6.67,26.0,67.33,Inspect Immediately
MD03529,MRI Scanner,CardioSync,Model-300,8,4,8537.17,5.34,1,25.55067824170498,Low Risk,Normal,Normal,4.0,67.33,28.67,67.33,Routine Monitoring
MD05428,Defibrillator,UltraMed,Model-300,11,3,12160.29,14.96,2,45.03025784910876,Medium Risk,Risk to Failure,Risk to Failure,17.33,15.33,67.33,67.33,Schedule Preventive Maintenance
MD03710,MRI Scanner,ScanPro,Model-300,5,2,11543.01,9.74,5,36.35002888974245,Medium Risk,Failure,Risk to Failure,14.67,18.0,67.33,67.33,Schedule Preventive Maintenance
MD02945,PET Scanner,ImagingTech,Model-200,4,5,732.13,2.24,0,7.228413321787615,Low Risk,Normal,Normal,0.0,67.33,32.67,67.33,Routine Monitoring
MD02907,X-Ray Machine,ImagingTech,Model-350,11,3,5996.19,1.13,1,25.26548652827495,Low Risk,Normal,Normal,6.67,67.0,26.33,67.0,Routine Monitoring
MD02080,Infusion Pump,ScanPro,Model-400,3,1,1364.24,0.64,0,4.392912629629483,Low Risk,Normal,Normal,0.67,67.0,32.33,67.0,Routine Monitoring
MD02750,PET Scanner,ImagingTech,Model-300,11,2,7617.95,7.58,0,29.90450617314451,Medium Risk,Normal,Normal,7.0,67.0,26.0,67.0,Routine Monitoring
MD02172,MRI Scanner,CardioSync,Model-450,11,2,7812.97,7.29,0,29.778727734545903,Medium Risk,Normal,Normal,7.67,67.0,25.33,67.0,Routine Monitoring
MD01691,PET Scanner,CardioSync,Model-250,3,4,21039.13,18.06,4,44.81664077974808,Medium Risk,Failure,Failure,67.0,3.33,29.67,67.0,Inspect Immediately
MD02377,Infusion Pump,ImagingTech,Model-300,2,4,1451.24,4.57,0,6.268039379418464,Low Risk,Normal,Normal,0.0,67.0,33.0,67.0,Routine Monitoring
MD03715,Defibrillator,MedEquip,Model-450,5,4,5444.03,6.55,1,18.96028591108011,Low Risk,Normal,Normal,0.0,67.0,33.0,67.0,Routine Monitoring
MD02049,CT Scanner,RescueTech,Model-600,3,5,7011.0,6.68,1,16.58558711707534,Low Risk,Normal,Normal,2.67,67.0,30.33,67.0,Routine Monitoring
MD00851,Defibrillator,UltraMed,Model-500,6,5,9422.63,13.97,3,35.53046145052966,Medium Risk,Risk to Failure,Risk to Failure,25.33,7.67,67.0,67.0,Schedule Preventive Maintenance
MD01166,Defibrillator,RescueTech,Model-350,4,5,12032.68,12.2,3,32.16075581201059,Medium Risk,Risk to Failure,Risk to Failure,11.0,22.0,67.0,67.0,Schedule Preventive Maintenance
MD01962,X-Ray Machine,MedEquip,Model-350,3,2,6353.76,6.34,1,15.792726009988264,Low Risk,Normal,Normal,4.67,67.0,28.33,67.0,Routine Monitoring
MD05248,MRI Scanner,ScanPro,Model-250,10,3,9828.16,13.66,0,35.31230107445716,Medium Risk,Normal,Risk to Failure,15.67,17.33,67.0,67.0,Schedule Preventive Maintenance
MD05365,MRI Scanner,ImagingTech,Model-500,12,1,8383.08,4.54,0,29.472229451387133,Medium Risk,Normal,Normal,5.0,67.0,28.0,67.0,Routine Monitoring
MD02844,PET Scanner,ScanPro,Model-400,5,4,7460.22,2.83,0,14.49318832240336,Low Risk,Normal,Normal,0.0,67.0,33.0,67.0,Routine Monitoring
MD03672,Defibrillator,RescueTech,Model-550,5,4,1783.51,4.13,2,16.558250891354234,Low Risk,Risk to Failure,Normal,0.67,67.0,32.33,67.0,Routine Monitoring
MD01308,Defibrillator,ScanPro,Model-500,1,4,22432.86,25.69,4,49.24307065388227,High Risk,Failure,Failure,67.0,9.33,23.67,67.0,Inspect Immediately
MD00028,MRI Scanner,RescueTech,Model-600,12,3,3618.08,4.64,0,26.093129385971057,Low Risk,Normal,Normal,2.67,67.0,30.33,67.0,Routine Monitoring
MD04194,CT Scanner,ImagingTech,Model-500,7,4,6588.86,6.55,0,20.930697147670905,Low Risk,Normal,Normal,1.67,67.0,31.33,67.0,Routine Monitoring
MD04160,Defibrillator,ScanPro,Model-200,4,4,6205.47,6.07,0,14.75348928213582,Low Risk,Normal,Normal,5.33,67.0,27.67,67.0,Routine Monitoring
MD00198,CT Scanner,ImagingTech,Model-350,12,5,7366.59,6.55,1,33.088209000671014,Medium Risk,Normal,Normal,3.67,66.67,29.67,66.67,Routine Monitoring
MD05481,PET Scanner,MedEquip,Model-250,9,4,5151.69,7.87,0,24.739245371543163,Low Risk,Normal,Normal,2.67,66.67,30.67,66.67,Routine Monitoring
MD00673,MRI Scanner,RescueTech,Model-600,9,4,3532.32,6.73,0,22.506523573223767,Low Risk,Normal,Normal,2.0,66.67,31.33,66.67,Routine Monitoring
MD02996,Infusion Pump,ScanPro,Model-400,11,5,758.09,7.99,0,25.285559383309703,Low Risk,Normal,Normal,8.0,66.67,25.33,66.67,Routine Monitoring
MD04230,CT Scanner,MedEquip,Model-600,2,5,7590.32,1.08,0,7.517045833300357,Low Risk,Normal,Normal,1.0,66.67,32.33,66.67,Routine Monitoring
MD05284,MRI Scanner,CardioSync,Model-150,7,5,8524.37,6.98,0,22.73794951321144,Low Risk,Normal,Normal,3.0,66.67,30.33,66.67,Routine Monitoring
MD00733,MRI Scanner,MedEquip,Model-400,4,5,7042.61,4.01,0,13.46066489065108,Low Risk,Normal,Normal,0.0,66.67,33.33,66.67,Routine Monitoring
MD02489,X-Ray Machine,RescueTech,Model-250,9,3,5657.18,7.34,2,29.617980012774265,Medium Risk,Risk to Failure,Normal,1.33,66.67,32.0,66.67,Routine Monitoring
MD01396,Infusion Pump,CardioSync,Model-500,5,4,6424.1,14.43,0,24.452625369596696,Low Risk,Normal,Risk to Failure,21.67,11.67,66.67,66.67,Schedule Preventive Maintenance
MD03039,CT Scanner,ImagingTech,Model-650,9,3,24158.62,27.15,3,63.89432223433148,High Risk,Risk to Failure,Failure,66.67,1.33,32.0,66.67,Inspect Immediately
MD00628,PET Scanner,UltraMed,Model-150,10,5,948.53,3.53,0,19.48666145550356,Low Risk,Normal,Normal,0.33,66.67,33.0,66.67,Routine Monitoring
MD02039,MRI Scanner,CardioSync,Model-450,12,1,8692.46,4.78,0,29.91929818283142,Medium Risk,Normal,Normal,5.67,66.67,27.67,66.67,Routine Monitoring
MD00979,Defibrillator,UltraMed,Model-500,6,2,14800.8,15.6,2,38.45418312391804,Medium Risk,Risk to Failure,Risk to Failure,17.67,15.67,66.67,66.67,Schedule Preventive Maintenance
MD01808,MRI Scanner,ScanPro,Model-400,3,3,8273.43,7.79,1,18.53055662327913,Low Risk,Normal,Normal,5.0,66.67,28.33,66.67,Routine Monitoring
MD03154,CT Scanner,RescueTech,Model-650,7,3,607.88,1.34,0,11.761157636375794,Low Risk,Normal,Normal,8.67,66.67,24.67,66.67,Routine Monitoring
MD01277,PET Scanner,ScanPro,Model-500,3,1,6612.68,7.79,3,22.32064375230505,Low Risk,Risk to Failure,Normal,3.33,66.67,30.0,66.67,Routine Monitoring
MD03499,MRI Scanner,MedEquip,Model-450,7,1,8561.75,2.86,2,23.959763395605524,Low Risk,Risk to Failure,Normal,2.0,66.67,31.33,66.67,Routine Monitoring
MD00409,MRI Scanner,UltraMed,Model-300,1,1,8614.05,5.18,1,12.73163195853144,Low Risk,Normal,Normal,4.33,66.67,29.0,66.67,Routine Monitoring
MD01860,Defibrillator,ScanPro,Model-450,11,1,17489.71,17.65,3,53.89752752851146,High Risk,Risk to Failure,Failure,66.67,3.33,30.0,66.67,Inspect Immediately
MD00452,Infusion Pump,UltraMed,Model-350,12,3,7497.23,9.92,2,38.79606941389225,Medium Risk,Risk to Failure,Risk to Failure,13.33,20.0,66.67,66.67,Schedule Preventive Maintenance
MD01605,PET Scanner,UltraMed,Model-100,5,3,8574.6,7.02,3,26.675125953397387,Low Risk,Risk to Failure,Normal,3.67,66.67,29.67,66.67,Routine Monitoring
MD02678,CT Scanner,MedEquip,Model-300,9,2,8121.64,6.55,1,28.18374315668042,Medium Risk,Normal,Normal,3.33,66.67,30.0,66.67,Routine Monitoring
MD00538,CT Scanner,ImagingTech,Model-600,8,3,7048.18,7.05,2,28.545331871259577,Medium Risk,Risk to Failure,Normal,10.67,66.67,22.67,66.67,Routine Monitoring
MD01704,MRI Scanner,ScanPro,Model-400,4,4,9349.87,11.13,1,24.217936969631303,Low Risk,Normal,Risk to Failure,11.0,22.33,66.67,66.67,Schedule Preventive Maintenance
MD01971,X-Ray Machine,CardioSync,Model-500,7,3,7011.0,7.79,1,24.88356069522133,Low Risk,Normal,Normal,2.33,66.67,31.0,66.67,Routine Monitoring
MD04998,Infusion Pump,MedEquip,Model-600,9,4,5239.34,3.16,0,20.452731920123423,Low Risk,Normal,Normal,0.0,66.67,33.33,66.67,Routine Monitoring
MD04757,X-Ray Machine,CardioSync,Model-600,9,1,6925.44,6.56,1,27.321507217132616,Medium Risk,Normal,Normal,4.0,66.67,29.33,66.67,Routine Monitoring
MD01888,X-Ray Machine,UltraMed,Model-350,8,1,9678.61,14.59,2,37.4259753234326,Medium Risk,Risk to Failure,Risk to Failure,16.67,16.67,66.67,66.67,Schedule Preventive Maintenance
MD01364,Infusion Pump,ImagingTech,Model-250,11,5,8102.15,7.55,0,30.229552985223467,Medium Risk,Normal,Normal,5.67,66.33,28.0,66.33,Routine Monitoring
MD02546,Defibrillator,UltraMed,Model-450,1,5,6110.86,7.17,2,15.24602707633106,Low Risk,Risk to Failure,Normal,3.67,66.33,30.0,66.33,Routine Monitoring
MD01302,Defibrillator,ImagingTech,Model-200,12,2,25378.09,28.93,4,74.38138173818446,High Risk,Failure,Failure,66.33,1.67,32.0,66.33,Inspect Immediately
MD04474,Infusion Pump,RescueTech,Model-500,6,4,7847.85,6.14,0,19.651037791970243,Low Risk,Normal,Normal,7.0,66.33,26.67,66.33,Routine Monitoring
MD00430,Defibrillator,ImagingTech,Model-250,9,3,3387.87,0.73,0,16.8594149130909,Low Risk,Normal,Normal,1.67,66.33,32.0,66.33,Routine Monitoring
MD02237,X-Ray Machine,MedEquip,Model-250,2,2,11316.38,14.07,5,34.729760007071626,Medium Risk,Failure,Risk to Failure,18.33,15.33,66.33,66.33,Schedule Preventive Maintenance
MD05109,Defibrillator,MedEquip,Model-250,2,5,21347.52,21.49,6,51.39123501576096,High Risk,Failure,Failure,66.33,1.33,32.33,66.33,Inspect Immediately
MD02023,Infusion Pump,ImagingTech,Model-400,11,4,7011.0,2.36,0,24.640893879278657,Low Risk,Normal,Normal,0.67,66.33,33.0,66.33,Routine Monitoring
MD02959,MRI Scanner,UltraMed,Model-100,9,4,13372.04,10.92,2,38.545168215884175,Medium Risk,Risk to Failure,Risk to Failure,18.67,15.0,66.33,66.33,Schedule Preventive Maintenance
MD03922,PET Scanner,ImagingTech,Model-350,4,4,12646.64,9.42,3,30.040312567768723,Medium Risk,Risk to Failure,Risk to Failure,10.67,23.0,66.33,66.33,Schedule Preventive Maintenance
MD04914,CT Scanner,ScanPro,Model-650,9,4,13348.46,14.22,1,39.076018940381736,Medium Risk,Normal,Risk to Failure,13.0,20.67,66.33,66.33,Schedule Preventive Maintenance
MD02322,Infusion Pump,ScanPro,Model-400,9,2,3928.21,5.23,2,26.409474925452617,Low Risk,Risk to Failure,Normal,2.33,66.33,31.33,66.33,Routine Monitoring
MD01459,CT Scanner,MedEquip,Model-250,5,4,8913.73,0.87,1,16.241774975828456,Low Risk,Normal,Normal,9.0,66.33,24.67,66.33,Routine Monitoring
MD01982,MRI Scanner,ImagingTech,Model-150,6,1,13297.03,13.17,2,35.11417739506566,Medium Risk,Risk to Failure,Risk to Failure,19.33,14.33,66.33,66.33,Schedule Preventive Maintenance
MD02730,CT Scanner,CardioSync,Model-550,8,5,9123.71,11.91,1,32.04634233852233,Medium Risk,Normal,Risk to Failure,13.33,20.33,66.33,66.33,Schedule Preventive Maintenance
MD05382,MRI Scanner,ImagingTech,Model-250,10,5,7247.73,7.13,0,27.40096609660064,Medium Risk,Normal,Normal,4.67,66.33,29.0,66.33,Routine Monitoring
MD04343,X-Ray Machine,ImagingTech,Model-650,2,4,774.33,1.29,0,2.745330766811138,Low Risk,Normal,Normal,0.0,66.33,33.67,66.33,Routine Monitoring
MD03309,PET Scanner,RescueTech,Model-500,2,1,8145.58,5.91,0,12.382778528880872,Low Risk,Normal,Normal,1.67,66.33,32.0,66.33,Routine Monitoring
MD00319,CT Scanner,ImagingTech,Model-400,3,4,13111.62,12.49,2,28.896475630444023,Medium Risk,Risk to Failure,Risk to Failure,20.0,13.67,66.33,66.33,Schedule Preventive Maintenance
MD00955,X-Ray Machine,RescueTech,Model-300,10,5,6545.91,5.93,0,25.78129196760608,Low Risk,Normal,Normal,1.0,66.33,32.67,66.33,Routine Monitoring
MD00109,Infusion Pump,ScanPro,Model-500,6,4,26146.47,32.23,8,77.08011135476323,High Risk,Failure,Failure,66.33,4.67,29.0,66.33,Inspect Immediately
MD01730,Infusion Pump,UltraMed,Model-300,11,2,8293.35,6.43,0,29.33436593091122,Medium Risk,Normal,Normal,7.33,66.33,26.33,66.33,Routine Monitoring
MD05269,X-Ray Machine,MedEquip,Model-100,8,2,17951.22,23.7,9,69.36726199596663,High Risk,Failure,Failure,66.33,1.33,32.33,66.33,Inspect Immediately
MD03085,X-Ray Machine,RescueTech,Model-100,10,3,6162.59,6.22,2,30.76988745054946,Medium Risk,Risk to Failure,Normal,2.0,66.33,31.67,66.33,Routine Monitoring
MD03239,PET Scanner,ScanPro,Model-100,5,4,8799.09,2.87,0,15.505546476358951,Low Risk,Normal,Normal,1.33,66.33,32.33,66.33,Routine Monitoring
MD00571,MRI Scanner,MedEquip,Model-500,5,3,14806.91,9.72,3,33.70941816582972,Medium Risk,Risk to Failure,Risk to Failure,13.0,20.67,66.33,66.33,Schedule Preventive Maintenance
MD04506,PET Scanner,ImagingTech,Model-500,2,2,8394.61,4.57,1,13.826520626406433,Low Risk,Normal,Normal,2.67,66.33,31.0,66.33,Routine Monitoring
MD00883,CT Scanner,MedEquip,Model-150,6,5,7086.14,9.82,2,27.495120923178305,Medium Risk,Risk to Failure,Risk to Failure,14.33,19.33,66.33,66.33,Schedule Preventive Maintenance
MD02952,Infusion Pump,CardioSync,Model-300,11,3,8117.05,7.1,0,29.82476774800821,Medium Risk,Normal,Normal,3.0,66.0,31.0,66.0,Routine Monitoring
MD05302,MRI Scanner,ImagingTech,Model-500,11,2,14496.98,10.67,1,40.27017758080073,Medium Risk,Normal,Risk to Failure,12.33,21.67,66.0,66.0,Schedule Preventive Maintenance
MD00081,Defibrillator,ScanPro,Model-200,5,2,6329.71,7.75,1,20.713908304688427,Low Risk,Normal,Normal,3.0,66.0,31.0,66.0,Routine Monitoring
MD04154,CT Scanner,CardioSync,Model-300,6,4,528.08,5.28,0,13.524001365106034,Low Risk,Normal,Normal,0.67,66.0,33.33,66.0,Routine Monitoring
MD03631,CT Scanner,ImagingTech,Model-500,5,3,14380.65,14.99,2,35.76648409260645,Medium Risk,Risk to Failure,Risk to Failure,22.0,12.0,66.0,66.0,Schedule Preventive Maintenance
MD01565,CT Scanner,ScanPro,Model-250,10,4,3904.31,0.61,2,23.943003401285537,Low Risk,Risk to Failure,Normal,1.33,66.0,32.67,66.0,Routine Monitoring
MD02843,CT Scanner,UltraMed,Model-550,5,2,8767.26,7.24,0,19.51868728781597,Low Risk,Normal,Normal,6.0,66.0,28.0,66.0,Routine Monitoring
MD00889,Defibrillator,ImagingTech,Model-500,8,3,1489.8,6.12,1,21.136872806562348,Low Risk,Normal,Normal,0.67,66.0,33.33,66.0,Routine Monitoring
MD02982,Infusion Pump,ScanPro,Model-150,8,3,11140.83,11.57,1,33.20184346874865,Medium Risk,Normal,Risk to Failure,21.67,12.33,66.0,66.0,Schedule Preventive Maintenance
MD01247,MRI Scanner,RescueTech,Model-150,8,5,7433.59,0.82,0,18.0718058224441,Low Risk,Normal,Normal,0.0,66.0,34.0,66.0,Routine Monitoring
MD05042,Defibrillator,MedEquip,Model-400,7,4,2235.6,5.59,2,21.87249963956122,Low Risk,Risk to Failure,Normal,0.67,66.0,33.33,66.0,Routine Monitoring
MD00501,X-Ray Machine,UltraMed,Model-600,11,3,18784.69,27.5,2,61.43887091553469,High Risk,Risk to Failure,Failure,66.0,2.33,31.67,66.0,Inspect Immediately
MD04817,MRI Scanner,ScanPro,Model-500,7,2,3077.95,7.18,0,18.954776329031294,Low Risk,Normal,Normal,13.67,66.0,20.33,66.0,Routine Monitoring
MD01138,CT Scanner,ImagingTech,Model-350,11,4,15230.95,21.86,2,53.64049082725371,High Risk,Risk to Failure,Failure,66.0,6.33,27.67,66.0,Inspect Immediately
MD01902,CT Scanner,UltraMed,Model-300,9,3,9911.09,12.31,0,32.307615400151064,Medium Risk,Normal,Risk to Failure,12.33,21.67,66.0,66.0,Schedule Preventive Maintenance
MD04990,CT Scanner,CardioSync,Model-150,8,1,3271.73,5.61,1,21.964010316579536,Low Risk,Normal,Normal,0.0,66.0,34.0,66.0,Routine Monitoring
MD03693,MRI Scanner,ScanPro,Model-200,8,4,6536.51,6.47,2,27.63684858437636,Medium Risk,Risk to Failure,Normal,3.33,66.0,30.67,66.0,Routine Monitoring
MD04962,Defibrillator,MedEquip,Model-400,12,4,22988.18,30.2,5,76.31328055904083,High Risk,Failure,Failure,66.0,3.0,31.0,66.0,Inspect Immediately
MD04849,Infusion Pump,RescueTech,Model-650,2,4,18449.47,32.18,5,56.65367547678935,High Risk,Failure,Failure,66.0,6.0,28.0,66.0,Inspect Immediately
MD00021,X-Ray Machine,UltraMed,Model-250,12,1,8673.8,2.37,0,27.67971851637413,Medium Risk,Normal,Normal,8.0,66.0,26.0,66.0,Routine Monitoring
MD02156,PET Scanner,UltraMed,Model-200,2,2,15514.23,14.91,2,31.06389860496595,Medium Risk,Risk to Failure,Failure,66.0,10.33,23.67,66.0,Inspect Immediately
MD02710,X-Ray Machine,ImagingTech,Model-200,7,1,8425.06,3.39,1,21.84971210034175,Low Risk,Normal,Normal,4.33,66.0,29.67,66.0,Routine Monitoring
MD01393,Defibrillator,ImagingTech,Model-150,11,3,8767.38,9.43,1,34.950648872220604,Medium Risk,Normal,Risk to Failure,10.33,23.67,66.0,66.0,Schedule Preventive Maintenance
MD02987,MRI Scanner,ScanPro,Model-400,9,3,1897.39,0.65,0,15.699657903805443,Low Risk,Normal,Normal,5.67,65.67,28.67,65.67,Routine Monitoring
MD00314,MRI Scanner,ScanPro,Model-200,8,1,6029.21,0.65,1,19.39164751332081,Low Risk,Normal,Normal,3.67,65.67,30.67,65.67,Routine Monitoring
MD02260,MRI Scanner,ImagingTech,Model-500,7,1,546.14,6.16,0,16.168148389432645,Low Risk,Normal,Normal,0.67,65.67,33.67,65.67,Routine Monitoring
MD02325,Infusion Pump,ScanPro,Model-300,9,1,7235.23,7.69,2,31.090918982499797,Medium Risk,Risk to Failure,Normal,4.33,65.67,30.0,65.67,Routine Monitoring
MD00268,Infusion Pump,RescueTech,Model-500,9,5,10515.68,12.4,2,37.83120786112277,Medium Risk,Risk to Failure,Risk to Failure,9.33,25.0,65.67,65.67,Schedule Preventive Maintenance
MD01208,Infusion Pump,ScanPro,Model-650,9,4,7011.0,7.29,2,30.558101671486448,Medium Risk,Risk to Failure,Normal,3.0,65.67,31.33,65.67,Routine Monitoring
MD04424,CT Scanner,ScanPro,Model-450,11,4,23261.34,14.38,4,57.58203612779416,High Risk,Failure,Failure,65.67,6.33,28.0,65.67,Inspect Immediately
MD04006,X-Ray Machine,ImagingTech,Model-600,6,2,5801.42,2.62,0,14.908912393705505,Low Risk,Normal,Normal,0.0,65.67,34.33,65.67,Routine Monitoring
MD05274,Defibrillator,RescueTech,Model-450,10,5,3425.21,5.9,1,25.98004649693661,Low Risk,Normal,Normal,0.67,65.67,33.67,65.67,Routine Monitoring
MD04863,Defibrillator,RescueTech,Model-500,7,5,15493.81,14.03,1,36.82712314944694,Medium Risk,Normal,Risk to Failure,19.0,15.33,65.67,65.67,Schedule Preventive Maintenance
MD05051,CT Scanner,MedEquip,Model-100,7,2,7153.03,11.7,2,31.098487583817967,Medium Risk,Risk to Failure,Risk to Failure,11.67,22.67,65.67,65.67,Schedule Preventive Maintenance
MD00933,CT Scanner,ScanPro,Model-300,4,2,12251.54,15.52,0,27.88670523032077,Medium Risk,Normal,Risk to Failure,17.33,17.0,65.67,65.67,Schedule Preventive Maintenance
MD01997,Defibrillator,RescueTech,Model-300,2,2,10112.52,9.26,3,24.409973053593507,Low Risk,Risk to Failure,Risk to Failure,19.33,15.0,65.67,65.67,Schedule Preventive Maintenance
MD04630,X-Ray Machine,MedEquip,Model-400,9,4,8156.12,6.49,0,25.65344429042129,Low Risk,Normal,Normal,2.33,65.67,32.0,65.67,Routine Monitoring
MD02488,CT Scanner,MedEquip,Model-250,4,2,6039.4,6.67,0,15.18668882982673,Low Risk,Normal,Normal,5.33,65.67,29.0,65.67,Routine Monitoring
MD00460,CT Scanner,UltraMed,Model-650,12,4,7838.37,7.04,0,31.384502986744536,Medium Risk,Normal,Normal,2.33,65.67,32.0,65.67,Routine Monitoring
MD04137,CT Scanner,RescueTech,Model-200,10,1,26553.41,21.49,5,67.22935752200144,High Risk,Failure,Failure,65.67,2.67,31.67,65.67,Inspect Immediately
MD05449,CT Scanner,ScanPro,Model-350,10,3,8194.99,7.56,1,30.9882447185072,Medium Risk,Normal,Normal,14.0,65.67,20.33,65.67,Routine Monitoring
MD00297,Defibrillator,UltraMed,Model-500,3,5,1229.29,2.71,0,6.206542776661088,Low Risk,Normal,Normal,2.33,65.67,32.0,65.67,Routine Monitoring
MD01325,CT Scanner,RescueTech,Model-400,4,2,7011.0,6.16,0,15.423473368754696,Low Risk,Normal,Normal,4.67,65.67,29.67,65.67,Routine Monitoring
MD03877,Defibrillator,ImagingTech,Model-450,4,4,8453.68,14.14,1,26.34520448151969,Low Risk,Normal,Risk to Failure,12.0,22.33,65.67,65.67,Schedule Preventive Maintenance
MD01590,MRI Scanner,MedEquip,Model-150,5,3,8917.47,6.45,0,18.898440579756592,Low Risk,Normal,Normal,15.0,65.67,19.33,65.67,Routine Monitoring
MD03208,Defibrillator,UltraMed,Model-650,11,3,11469.9,12.56,2,42.31053647970748,Medium Risk,Risk to Failure,Risk to Failure,18.0,16.33,65.67,65.67,Schedule Preventive Maintenance
MD04708,Defibrillator,MedEquip,Model-150,6,4,8925.4,12.27,0,26.098015436250723,Low Risk,Normal,Risk to Failure,15.33,19.0,65.67,65.67,Schedule Preventive Maintenance
MD02213,PET Scanner,RescueTech,Model-250,10,3,2044.6,4.26,0,20.95944682073984,Low Risk,Normal,Normal,1.67,65.67,32.67,65.67,Routine Monitoring
MD04717,X-Ray Machine,UltraMed,Model-500,12,2,7618.96,9.86,3,41.32933514073412,Medium Risk,Risk to Failure,Risk to Failure,11.33,23.0,65.67,65.67,Schedule Preventive Maintenance
MD02889,MRI Scanner,MedEquip,Model-350,8,4,16110.0,30.62,6,66.91749620646456,High Risk,Failure,Failure,65.67,7.0,27.33,65.67,Inspect Immediately
MD04458,Infusion Pump,MedEquip,Model-350,10,4,11593.91,12.97,1,38.46139474642199,Medium Risk,Normal,Risk to Failure,10.33,24.33,65.33,65.33,Schedule Preventive Maintenance
MD00842,CT Scanner,CardioSync,Model-200,8,3,12932.73,9.79,1,32.863214906278536,Medium Risk,Normal,Risk to Failure,15.0,19.67,65.33,65.33,Schedule Preventive Maintenance
MD03943,Infusion Pump,ScanPro,Model-250,6,1,1361.32,5.49,1,16.825010567797023,Low Risk,Normal,Normal,1.0,65.33,33.67,65.33,Routine Monitoring
MD03320,PET Scanner,CardioSync,Model-650,6,5,6520.22,4.8,1,19.946129444124743,Low Risk,Normal,Normal,0.33,65.33,34.33,65.33,Routine Monitoring
MD01231,CT Scanner,ImagingTech,Model-350,6,1,2513.18,6.36,1,18.467751190744604,Low Risk,Normal,Normal,1.0,65.33,33.67,65.33,Routine Monitoring
MD01588,MRI Scanner,ImagingTech,Model-250,9,2,26153.74,18.97,3,57.79241630580928,High Risk,Risk to Failure,Failure,65.33,2.33,32.33,65.33,Inspect Immediately
MD05376,PET Scanner,ImagingTech,Model-450,6,3,9547.68,10.12,3,32.06553014676566,Medium Risk,Risk to Failure,Risk to Failure,13.0,21.67,65.33,65.33,Schedule Preventive Maintenance
MD03864,MRI Scanner,RescueTech,Model-250,10,5,3603.4,7.48,1,27.569223579577656,Medium Risk,Normal,Normal,4.33,65.33,30.33,65.33,Routine Monitoring
MD00780,Infusion Pump,RescueTech,Model-500,4,5,7545.72,1.74,0,11.730522763775651,Low Risk,Normal,Normal,2.0,65.33,32.67,65.33,Routine Monitoring
MD05268,Defibrillator,UltraMed,Model-400,2,2,8009.39,7.28,0,13.548953569591797,Low Risk,Normal,Normal,15.67,65.33,19.0,65.33,Routine Monitoring
MD02962,CT Scanner,UltraMed,Model-200,7,2,13235.54,9.74,3,36.2194582081833,Medium Risk,Risk to Failure,Risk to Failure,16.33,18.33,65.33,65.33,Schedule Preventive Maintenance
MD03408,X-Ray Machine,MedEquip,Model-250,12,5,5889.92,6.2,0,29.18912880972577,Medium Risk,Normal,Normal,1.33,65.33,33.33,65.33,Routine Monitoring
MD03474,MRI Scanner,MedEquip,Model-250,1,2,23333.38,31.97,5,58.19962271892388,High Risk,Failure,Failure,65.33,12.67,22.0,65.33,Inspect Immediately
MD04275,PET Scanner,RescueTech,Model-250,9,5,12272.09,12.67,1,36.86019653274538,Medium Risk,Normal,Risk to Failure,18.33,16.33,65.33,65.33,Schedule Preventive Maintenance
MD04455,Infusion Pump,ImagingTech,Model-400,2,4,7205.08,7.37,2,18.04611445211077,Low Risk,Risk to Failure,Normal,2.67,65.33,32.0,65.33,Routine Monitoring
MD02898,MRI Scanner,ScanPro,Model-100,6,2,2687.25,7.84,1,19.961562181210343,Low Risk,Normal,Normal,15.33,65.33,19.33,65.33,Routine Monitoring
MD05104,PET Scanner,ScanPro,Model-200,2,1,3110.48,0.55,0,3.763797976832712,Low Risk,Normal,Normal,0.0,65.33,34.67,65.33,Routine Monitoring
MD05022,Defibrillator,ImagingTech,Model-250,7,5,8393.02,11.45,3,34.27095115118201,Medium Risk,Risk to Failure,Risk to Failure,8.0,26.67,65.33,65.33,Schedule Preventive Maintenance
MD01369,MRI Scanner,ScanPro,Model-250,7,1,9135.07,15.59,3,38.635451445114086,Medium Risk,Risk to Failure,Risk to Failure,16.67,18.0,65.33,65.33,Schedule Preventive Maintenance
MD00540,X-Ray Machine,ImagingTech,Model-200,10,2,6817.57,6.83,3,34.310486307208265,Medium Risk,Risk to Failure,Normal,8.67,65.33,26.0,65.33,Routine Monitoring
MD03809,PET Scanner,UltraMed,Model-150,3,5,1128.61,5.52,2,13.728637321447344,Low Risk,Risk to Failure,Normal,0.67,65.33,34.0,65.33,Routine Monitoring
MD02475,Infusion Pump,MedEquip,Model-150,11,1,7647.72,1.49,1,26.80119463087078,Low Risk,Normal,Normal,0.33,65.33,34.33,65.33,Routine Monitoring
MD05325,Infusion Pump,CardioSync,Model-600,10,5,772.69,2.93,0,18.804368841598748,Low Risk,Normal,Normal,0.0,65.33,34.67,65.33,Routine Monitoring
MD01214,Defibrillator,MedEquip,Model-650,10,2,6131.95,6.32,0,25.83992970024693,Low Risk,Normal,Normal,1.0,65.33,33.67,65.33,Routine Monitoring
MD00871,Infusion Pump,ImagingTech,Model-450,6,3,16567.07,28.35,6,61.51744873702068,High Risk,Failure,Failure,65.33,1.0,33.67,65.33,Inspect Immediately
MD00441,X-Ray Machine,MedEquip,Model-250,12,2,6707.96,1.36,1,27.81465542834277,Medium Risk,Normal,Normal,0.67,65.33,34.0,65.33,Routine Monitoring
MD02315,X-Ray Machine,CardioSync,Model-550,4,5,1484.0,2.67,1,10.673343681848849,Low Risk,Normal,Normal,0.0,65.0,35.0,65.0,Routine Monitoring
MD00191,Defibrillator,MedEquip,Model-600,3,3,14070.62,15.48,0,27.35683926143044,Medium Risk,Normal,Risk to Failure,19.67,15.33,65.0,65.0,Schedule Preventive Maintenance
MD05320,Defibrillator,MedEquip,Model-400,3,3,25180.73,29.16,3,55.58640032433193,High Risk,Risk to Failure,Failure,65.0,9.0,26.0,65.0,Inspect Immediately
MD03409,Infusion Pump,MedEquip,Model-350,7,2,7011.0,6.22,1,23.43343754251197,Low Risk,Normal,Normal,2.33,65.0,32.67,65.0,Routine Monitoring
MD00710,X-Ray Machine,MedEquip,Model-300,11,3,20575.08,25.37,3,63.27586640462791,High Risk,Risk to Failure,Failure,65.0,1.0,34.0,65.0,Inspect Immediately
MD02231,X-Ray Machine,UltraMed,Model-450,4,3,7586.88,6.21,0,15.889203805251707,Low Risk,Normal,Normal,5.0,65.0,30.0,65.0,Routine Monitoring
MD04016,Infusion Pump,ScanPro,Model-350,10,2,26232.41,23.21,3,63.58416805285015,High Risk,Risk to Failure,Failure,65.0,3.33,31.67,65.0,Inspect Immediately
MD03934,X-Ray Machine,RescueTech,Model-650,5,5,17605.18,17.95,5,48.34965403857849,High Risk,Failure,Failure,65.0,6.33,28.67,65.0,Inspect Immediately
MD02177,Defibrillator,RescueTech,Model-150,6,4,9357.71,7.95,2,27.4228201944722,Medium Risk,Risk to Failure,Risk to Failure,18.67,16.33,65.0,65.0,Schedule Preventive Maintenance
MD01420,Infusion Pump,MedEquip,Model-500,2,3,568.72,5.35,1,8.845536887298278,Low Risk,Normal,Normal,3.67,65.0,31.33,65.0,Routine Monitoring
MD04159,PET Scanner,UltraMed,Model-600,7,1,6213.64,7.23,1,23.785415431039763,Low Risk,Normal,Normal,3.67,65.0,31.33,65.0,Routine Monitoring
MD00770,CT Scanner,ImagingTech,Model-250,6,3,13684.87,7.49,1,27.65042661002316,Medium Risk,Normal,Risk to Failure,8.0,27.0,65.0,65.0,Schedule Preventive Maintenance
MD03020,CT Scanner,RescueTech,Model-550,11,1,9814.77,7.37,0,31.310998758093863,Medium Risk,Normal,Risk to Failure,13.0,22.0,65.0,65.0,Schedule Preventive Maintenance
MD02990,Defibrillator,ImagingTech,Model-450,9,2,2183.6,3.11,0,18.18033911288201,Low Risk,Normal,Normal,0.0,65.0,35.0,65.0,Routine Monitoring
MD04157,MRI Scanner,ImagingTech,Model-400,7,3,6103.51,11.62,5,37.75998493526395,Medium Risk,Failure,Risk to Failure,9.0,26.0,65.0,65.0,Schedule Preventive Maintenance
MD03433,Infusion Pump,RescueTech,Model-500,9,5,8422.53,7.46,0,26.74346899884094,Low Risk,Normal,Normal,4.33,65.0,30.67,65.0,Routine Monitoring
MD04547,Defibrillator,UltraMed,Model-250,11,3,5797.13,3.45,0,24.763321689439422,Low Risk,Normal,Normal,23.33,65.0,11.67,65.0,Routine Monitoring
MD05017,CT Scanner,RescueTech,Model-250,8,1,3869.94,7.61,0,21.74711729209053,Low Risk,Normal,Normal,1.0,65.0,34.0,65.0,Routine Monitoring
MD02549,X-Ray Machine,RescueTech,Model-250,3,3,7602.38,6.86,1,17.182683722482388,Low Risk,Normal,Normal,1.67,65.0,33.33,65.0,Routine Monitoring
MD00749,Defibrillator,ImagingTech,Model-500,8,4,1516.6,3.58,0,16.310338404953626,Low Risk,Normal,Normal,2.33,65.0,32.67,65.0,Routine Monitoring
MD01177,Infusion Pump,ScanPro,Model-350,6,3,14036.35,13.87,4,41.299348889649806,Medium Risk,Failure,Risk to Failure,25.67,9.33,65.0,65.0,Schedule Preventive Maintenance
MD05139,Infusion Pump,ImagingTech,Model-100,9,3,7325.96,7.25,2,30.750614933097957,Medium Risk,Risk to Failure,Normal,1.33,65.0,33.67,65.0,Routine Monitoring
MD01183,Defibrillator,RescueTech,Model-600,7,1,14760.29,19.71,4,49.03903429502637,High Risk,Failure,Failure,64.67,8.67,26.67,64.67,Inspect Immediately
MD00982,X-Ray Machine,RescueTech,Model-200,9,4,2022.76,4.79,0,19.614885839301696,Low Risk,Normal,Normal,0.0,64.67,35.33,64.67,Routine Monitoring
MD04210,CT Scanner,ImagingTech,Model-250,4,5,7458.88,9.6,3,26.427109086370944,Low Risk,Risk to Failure,Risk to Failure,12.33,23.0,64.67,64.67,Schedule Preventive Maintenance
MD01434,CT Scanner,ImagingTech,Model-300,6,4,12043.16,6.67,1,25.69699586419688,Low Risk,Normal,Risk to Failure,12.0,23.33,64.67,64.67,Schedule Preventive Maintenance
MD04617,Defibrillator,CardioSync,Model-100,8,5,10423.85,10.62,1,31.802036094085167,Medium Risk,Normal,Risk to Failure,17.33,18.0,64.67,64.67,Schedule Preventive Maintenance
MD04438,CT Scanner,CardioSync,Model-500,10,3,11714.07,15.57,2,43.45041322657919,Medium Risk,Risk to Failure,Risk to Failure,20.33,15.0,64.67,64.67,Schedule Preventive Maintenance
MD05265,CT Scanner,CardioSync,Model-500,5,4,11951.15,11.17,3,32.96818557187341,Medium Risk,Risk to Failure,Risk to Failure,9.67,25.67,64.67,64.67,Schedule Preventive Maintenance
MD03477,Infusion Pump,MedEquip,Model-150,1,2,7774.33,7.75,6,26.99363584554933,Low Risk,Failure,Normal,9.33,64.67,26.0,64.67,Routine Monitoring
MD04562,MRI Scanner,ScanPro,Model-250,4,4,7389.52,1.57,2,16.459706045675944,Low Risk,Risk to Failure,Normal,6.0,64.67,29.33,64.67,Routine Monitoring
MD02188,Defibrillator,UltraMed,Model-200,12,2,13635.64,9.41,3,45.29705080416904,Medium Risk,Risk to Failure,Risk to Failure,10.0,25.33,64.67,64.67,Schedule Preventive Maintenance
MD03183,Infusion Pump,RescueTech,Model-650,7,2,8649.74,7.35,1,25.671034591564837,Low Risk,Normal,Normal,5.67,64.67,29.67,64.67,Routine Monitoring
MD01862,X-Ray Machine,RescueTech,Model-450,2,5,6109.34,7.41,1,14.78477639965228,Low Risk,Normal,Normal,4.33,64.67,31.0,64.67,Routine Monitoring
MD02758,Infusion Pump,ScanPro,Model-200,11,3,598.23,1.93,0,19.571805294742248,Low Risk,Normal,Normal,0.33,64.67,35.0,64.67,Routine Monitoring
MD01525,PET Scanner,RescueTech,Model-550,8,3,14781.39,30.42,3,58.26482956030571,High Risk,Risk to Failure,Failure,64.67,5.67,29.67,64.67,Inspect Immediately
MD00929,CT Scanner,ImagingTech,Model-650,7,5,6277.41,7.91,0,21.959952863123902,Low Risk,Normal,Normal,5.0,64.67,30.33,64.67,Routine Monitoring
MD00854,Defibrillator,UltraMed,Model-300,7,3,14967.14,13.05,2,38.03825372420967,Medium Risk,Risk to Failure,Risk to Failure,15.0,20.33,64.67,64.67,Schedule Preventive Maintenance
MD05329,Defibrillator,MedEquip,Model-550,11,1,24378.84,28.22,7,78.67942412482691,High Risk,Failure,Failure,64.67,3.0,32.33,64.67,Inspect Immediately
MD03389,CT Scanner,ImagingTech,Model-300,10,4,7011.0,16.64,6,51.01236723351063,High Risk,Failure,Risk to Failure,17.0,18.33,64.67,64.67,Schedule Preventive Maintenance
MD01781,Infusion Pump,ScanPro,Model-550,8,2,7011.0,7.7,1,26.618614434585417,Low Risk,Normal,Normal,7.0,64.33,28.67,64.33,Routine Monitoring
MD02926,MRI Scanner,CardioSync,Model-450,9,1,11596.8,13.53,0,34.66255977086354,Medium Risk,Normal,Risk to Failure,14.33,21.33,64.33,64.33,Schedule Preventive Maintenance
MD03589,MRI Scanner,UltraMed,Model-100,9,4,9632.66,14.34,0,33.97976967342199,Medium Risk,Normal,Risk to Failure,16.33,19.33,64.33,64.33,Schedule Preventive Maintenance
MD04564,CT Scanner,MedEquip,Model-200,7,1,2858.61,4.31,1,18.64411760848098,Low Risk,Normal,Normal,1.0,64.33,34.67,64.33,Routine Monitoring
MD05112,Infusion Pump,ImagingTech,Model-450,9,2,7025.9,7.17,1,27.95811938993621,Medium Risk,Normal,Normal,5.67,64.33,30.0,64.33,Routine Monitoring
MD05496,CT Scanner,MedEquip,Model-150,11,4,6308.27,7.65,3,36.51501491240622,Medium Risk,Risk to Failure,Normal,2.67,64.33,33.0,64.33,Routine Monitoring
MD04478,Defibrillator,CardioSync,Model-300,2,5,7166.2,7.19,3,20.35153289184187,Low Risk,Risk to Failure,Normal,6.67,64.33,29.0,64.33,Routine Monitoring
MD04106,MRI Scanner,RescueTech,Model-550,5,1,4890.49,6.43,1,18.44617575213924,Low Risk,Normal,Normal,0.67,64.33,35.0,64.33,Routine Monitoring
MD01105,MRI Scanner,ScanPro,Model-500,3,2,13987.54,11.74,0,23.84187915764901,Low Risk,Normal,Risk to Failure,18.0,17.67,64.33,64.33,Schedule Preventive Maintenance
MD00203,MRI Scanner,MedEquip,Model-400,4,4,9418.45,14.84,1,27.69462397054075,Medium Risk,Normal,Risk to Failure,19.33,16.33,64.33,64.33,Schedule Preventive Maintenance
MD00225,Defibrillator,RescueTech,Model-650,4,4,13498.95,11.07,2,29.68526417527338,Medium Risk,Risk to Failure,Risk to Failure,16.33,19.33,64.33,64.33,Schedule Preventive Maintenance
MD02610,Infusion Pump,ImagingTech,Model-500,8,2,599.4,1.0,0,13.259122077215013,Low Risk,Normal,Normal,0.67,64.33,35.0,64.33,Routine Monitoring
MD02236,CT Scanner,ScanPro,Model-650,4,4,7011.0,7.65,0,16.799704895848294,Low Risk,Normal,Normal,1.67,64.33,34.0,64.33,Routine Monitoring
MD05303,Infusion Pump,ScanPro,Model-100,6,5,7313.61,11.57,3,31.777219866677115,Medium Risk,Risk to Failure,Risk to Failure,14.33,21.33,64.33,64.33,Schedule Preventive Maintenance
MD01738,PET Scanner,RescueTech,Model-150,5,1,6538.24,4.75,0,15.59489354294373,Low Risk,Normal,Normal,0.33,64.33,35.33,64.33,Routine Monitoring
MD02029,MRI Scanner,CardioSync,Model-150,9,4,1159.43,6.55,0,20.611536328786745,Low Risk,Normal,Normal,0.33,64.33,35.33,64.33,Routine Monitoring
MD05119,CT Scanner,ScanPro,Model-200,7,4,12218.63,9.44,0,27.701511083524316,Medium Risk,Normal,Risk to Failure,9.33,26.33,64.33,64.33,Schedule Preventive Maintenance
MD04314,Defibrillator,CardioSync,Model-400,3,2,11175.1,14.22,2,29.08356133717057,Medium Risk,Risk to Failure,Risk to Failure,22.33,13.33,64.33,64.33,Schedule Preventive Maintenance
MD02793,Infusion Pump,MedEquip,Model-400,4,5,2059.02,3.44,0,9.30347220963195,Low Risk,Normal,Normal,0.0,64.33,35.67,64.33,Routine Monitoring
MD02423,X-Ray Machine,CardioSync,Model-300,4,1,13654.41,12.77,2,31.368719118100984,Medium Risk,Risk to Failure,Risk to Failure,6.33,29.33,64.33,64.33,Schedule Preventive Maintenance
MD05453,MRI Scanner,CardioSync,Model-100,4,4,8955.64,13.93,1,26.516933900129068,Low Risk,Normal,Risk to Failure,25.0,10.67,64.33,64.33,Schedule Preventive Maintenance
MD01103,PET Scanner,CardioSync,Model-100,2,5,514.14,2.78,3,11.432005027670357,Low Risk,Risk to Failure,Normal,0.0,64.33,35.67,64.33,Routine Monitoring
MD03027,PET Scanner,UltraMed,Model-500,8,3,11990.39,6.94,4,37.04429899686541,Medium Risk,Failure,Risk to Failure,10.67,25.33,64.0,64.0,Schedule Preventive Maintenance
MD05209,X-Ray Machine,RescueTech,Model-250,2,3,25094.32,21.73,2,44.34258115256048,Medium Risk,Risk to Failure,Failure,64.0,8.0,28.0,64.0,Inspect Immediately
MD00330,MRI Scanner,CardioSync,Model-350,2,1,7011.0,6.3,0,11.916420077218646,Low Risk,Normal,Normal,3.33,64.0,32.67,64.0,Routine Monitoring
MD02766,PET Scanner,ImagingTech,Model-400,9,3,14417.87,9.38,0,32.88467715519128,Medium Risk,Normal,Risk to Failure,13.33,22.67,64.0,64.0,Schedule Preventive Maintenance
MD02563,X-Ray Machine,ImagingTech,Model-400,6,1,8448.22,5.28,0,19.29409278519733,Low Risk,Normal,Normal,2.0,64.0,34.0,64.0,Routine Monitoring
MD02687,CT Scanner,CardioSync,Model-350,10,5,9339.26,14.88,0,36.082968083526445,Medium Risk,Normal,Risk to Failure,11.33,24.67,64.0,64.0,Schedule Preventive Maintenance
MD00682,MRI Scanner,ScanPro,Model-200,10,4,1708.14,7.08,0,23.3190040678816,Low Risk,Normal,Normal,1.33,64.0,34.67,64.0,Routine Monitoring
MD02848,CT Scanner,CardioSync,Model-650,7,1,7220.09,12.98,2,32.32960908494071,Medium Risk,Risk to Failure,Risk to Failure,19.0,17.0,64.0,64.0,Schedule Preventive Maintenance
MD00852,CT Scanner,CardioSync,Model-450,11,4,12711.42,13.05,1,41.16761224106541,Medium Risk,Normal,Risk to Failure,17.0,19.0,64.0,64.0,Schedule Preventive Maintenance
MD03272,Infusion Pump,MedEquip,Model-100,12,3,8248.32,11.0,1,37.840800975547246,Medium Risk,Normal,Risk to Failure,4.0,32.0,64.0,64.0,Schedule Preventive Maintenance
MD02032,CT Scanner,ScanPro,Model-500,3,4,8749.77,2.16,0,11.177463364870407,Low Risk,Normal,Normal,1.0,64.0,35.0,64.0,Routine Monitoring
MD05298,MRI Scanner,ImagingTech,Model-550,7,5,12873.99,8.39,0,27.209135551583003,Medium Risk,Normal,Risk to Failure,7.33,28.67,64.0,64.0,Schedule Preventive Maintenance
MD05383,X-Ray Machine,ImagingTech,Model-450,3,3,8466.48,4.99,1,16.084993218969792,Low Risk,Normal,Normal,1.67,64.0,34.33,64.0,Routine Monitoring
MD04179,CT Scanner,ImagingTech,Model-650,8,4,7333.54,2.52,0,19.5691130382432,Low Risk,Normal,Normal,2.33,64.0,33.67,64.0,Routine Monitoring
MD01250,X-Ray Machine,ScanPro,Model-450,10,4,2326.78,4.95,0,21.802339820973685,Low Risk,Normal,Normal,1.0,64.0,35.0,64.0,Routine Monitoring
MD05304,Defibrillator,CardioSync,Model-600,5,2,8966.69,5.25,1,20.325924639903302,Low Risk,Normal,Normal,12.0,64.0,24.0,64.0,Routine Monitoring
MD01148,CT Scanner,ImagingTech,Model-200,8,3,22071.81,19.33,2,50.83292193737668,High Risk,Risk to Failure,Failure,64.0,3.33,32.67,64.0,Inspect Immediately
MD02989,Defibrillator,CardioSync,Model-300,11,3,8860.96,6.95,0,30.22818469156909,Medium Risk,Normal,Normal,4.0,64.0,32.0,64.0,Routine Monitoring
MD02954,CT Scanner,ImagingTech,Model-200,3,4,17703.36,18.06,4,42.38641885735809,Medium Risk,Failure,Failure,64.0,5.67,30.33,64.0,Inspect Immediately
MD05082,PET Scanner,ImagingTech,Model-650,2,3,15552.14,26.97,3,44.73067989117794,Medium Risk,Risk to Failure,Failure,64.0,5.33,30.67,64.0,Inspect Immediately
MD04629,PET Scanner,ScanPro,Model-200,11,1,24441.47,25.0,1,60.75091427936167,High Risk,Normal,Failure,64.0,1.33,34.67,64.0,Inspect Immediately
MD03571,Defibrillator,CardioSync,Model-550,4,4,7332.6,6.29,1,18.277843800681534,Low Risk,Normal,Normal,3.33,64.0,32.67,64.0,Routine Monitoring
MD01665,Defibrillator,CardioSync,Model-150,11,2,18332.77,16.13,7,63.10778453132176,High Risk,Failure,Failure,64.0,7.0,29.0,64.0,Inspect Immediately
MD01415,CT Scanner,ScanPro,Model-650,5,5,10733.62,12.22,1,28.05100113471914,Medium Risk,Normal,Risk to Failure,15.67,20.33,64.0,64.0,Schedule Preventive Maintenance
MD02969,MRI Scanner,MedEquip,Model-450,11,1,5062.14,1.18,1,24.63118159444537,Low Risk,Normal,Normal,0.0,64.0,36.0,64.0,Routine Monitoring
MD02360,Infusion Pump,UltraMed,Model-100,12,5,11054.63,10.89,1,39.7836922913602,Medium Risk,Normal,Risk to Failure,18.0,18.0,64.0,64.0,Schedule Preventive Maintenance
MD03479,Defibrillator,RescueTech,Model-250,3,2,9906.07,12.72,3,29.273561831568827,Medium Risk,Risk to Failure,Risk to Failure,16.33,19.67,64.0,64.0,Schedule Preventive Maintenance
MD02352,MRI Scanner,RescueTech,Model-100,10,3,27661.25,18.67,2,57.93177684593418,High Risk,Risk to Failure,Failure,64.0,2.33,33.67,64.0,Inspect Immediately
MD03404,X-Ray Machine,MedEquip,Model-350,11,2,606.09,7.8,2,29.99932960168313,Medium Risk,Risk to Failure,Normal,20.67,64.0,15.33,64.0,Routine Monitoring
MD05175,MRI Scanner,ScanPro,Model-100,7,3,4186.95,5.73,1,20.923434841095272,Low Risk,Normal,Normal,23.33,63.67,13.0,63.67,Routine Monitoring
MD00434,Infusion Pump,ScanPro,Model-350,4,4,7011.0,7.27,0,16.448719674173415,Low Risk,Normal,Normal,6.33,63.67,30.0,63.67,Routine Monitoring
MD01316,Infusion Pump,UltraMed,Model-350,11,2,13532.89,14.82,2,45.90093329786781,Medium Risk,Risk to Failure,Risk to Failure,24.67,11.67,63.67,63.67,Schedule Preventive Maintenance
MD03832,X-Ray Machine,MedEquip,Model-600,7,5,6953.65,7.93,2,27.47108961409657,Medium Risk,Risk to Failure,Normal,7.67,63.67,28.67,63.67,Routine Monitoring
MD05080,MRI Scanner,MedEquip,Model-400,8,4,14043.74,10.01,2,36.37582545644846,Medium Risk,Risk to Failure,Risk to Failure,17.67,18.67,63.67,63.67,Schedule Preventive Maintenance
MD04669,Defibrillator,MedEquip,Model-450,9,2,15652.01,25.33,2,53.51593298574009,High Risk,Risk to Failure,Failure,63.67,3.0,33.33,63.67,Inspect Immediately
MD03157,Infusion Pump,UltraMed,Model-200,10,4,9921.44,9.38,4,41.42705675724547,Medium Risk,Failure,Risk to Failure,19.0,17.33,63.67,63.67,Schedule Preventive Maintenance
MD03298,MRI Scanner,ScanPro,Model-400,4,2,3657.29,7.92,0,14.605797309622302,Low Risk,Normal,Normal,2.0,63.67,34.33,63.67,Routine Monitoring
MD02417,CT Scanner,MedEquip,Model-650,7,2,9421.23,13.06,4,39.00710607970648,Medium Risk,Failure,Risk to Failure,14.0,22.33,63.67,63.67,Schedule Preventive Maintenance
MD00598,Infusion Pump,ScanPro,Model-500,5,3,8830.34,5.47,0,17.92979099694469,Low Risk,Normal,Normal,6.0,63.67,30.33,63.67,Routine Monitoring
MD02453,CT Scanner,CardioSync,Model-350,2,3,8186.57,7.66,1,16.52902044863785,Low Risk,Normal,Normal,13.67,63.67,22.67,63.67,Routine Monitoring
MD04291,CT Scanner,UltraMed,Model-150,4,4,10118.47,15.49,3,33.80498181219391,Medium Risk,Risk to Failure,Risk to Failure,15.33,21.0,63.67,63.67,Schedule Preventive Maintenance
MD02657,X-Ray Machine,UltraMed,Model-350,11,2,8547.58,2.94,0,26.296058966908543,Low Risk,Normal,Normal,4.67,63.67,31.67,63.67,Routine Monitoring
MD01684,MRI Scanner,UltraMed,Model-350,4,3,7570.8,12.84,1,24.50125745114305,Low Risk,Normal,Risk to Failure,19.33,17.0,63.67,63.67,Schedule Preventive Maintenance
MD01391,X-Ray Machine,CardioSync,Model-500,3,3,12805.81,10.59,1,24.41875653391815,Low Risk,Normal,Risk to Failure,19.0,17.33,63.67,63.67,Schedule Preventive Maintenance
MD02873,Infusion Pump,ScanPro,Model-500,2,4,7011.0,4.89,1,13.114080175740812,Low Risk,Normal,Normal,9.67,63.67,26.67,63.67,Routine Monitoring
MD00935,MRI Scanner,ImagingTech,Model-550,1,1,5997.41,5.34,1,10.973103955988709,Low Risk,Normal,Normal,2.67,63.67,33.67,63.67,Routine Monitoring
MD03560,Infusion Pump,RescueTech,Model-350,7,5,11968.87,12.83,2,35.6507100625693,Medium Risk,Risk to Failure,Risk to Failure,15.33,21.0,63.67,63.67,Schedule Preventive Maintenance
MD01175,X-Ray Machine,CardioSync,Model-450,5,4,25487.75,29.33,4,62.103458179442754,High Risk,Failure,Failure,63.67,4.33,32.0,63.67,Inspect Immediately
MD03634,PET Scanner,RescueTech,Model-400,2,2,14158.03,12.56,1,25.40529426681719,Low Risk,Normal,Failure,63.67,15.33,21.0,63.67,Inspect Immediately
MD04730,CT Scanner,ImagingTech,Model-500,10,5,8803.39,13.07,1,36.5207705295568,Medium Risk,Normal,Risk to Failure,12.33,24.0,63.67,63.67,Schedule Preventive Maintenance
MD01111,PET Scanner,RescueTech,Model-500,7,2,27089.8,16.28,5,57.35339831133192,High Risk,Failure,Failure,63.67,6.33,30.0,63.67,Inspect Immediately
MD00482,CT Scanner,CardioSync,Model-300,10,1,20305.67,23.26,7,69.31251861094677,High Risk,Failure,Failure,63.33,1.0,35.67,63.33,Inspect Immediately
MD02930,X-Ray Machine,CardioSync,Model-300,2,3,7195.92,6.1,0,11.866411523852443,Low Risk,Normal,Normal,2.67,63.33,34.0,63.33,Routine Monitoring
MD02819,MRI Scanner,RescueTech,Model-500,3,2,27333.7,18.82,3,47.6044195989806,Medium Risk,Risk to Failure,Failure,63.33,5.67,31.0,63.33,Inspect Immediately
MD01792,X-Ray Machine,ImagingTech,Model-450,11,3,4223.04,3.43,1,26.098070670091584,Low Risk,Normal,Normal,0.33,63.33,36.33,63.33,Routine Monitoring
MD02644,PET Scanner,UltraMed,Model-250,10,1,7792.7,13.58,4,43.75550759585155,Medium Risk,Failure,Risk to Failure,11.33,25.33,63.33,63.33,Schedule Preventive Maintenance
MD04823,CT Scanner,ImagingTech,Model-250,4,5,16314.51,28.38,9,65.22479590858858,High Risk,Failure,Failure,63.33,4.33,32.33,63.33,Inspect Immediately
MD03350,Defibrillator,CardioSync,Model-400,11,2,27927.96,27.71,12,93.29401966673127,High Risk,Failure,Failure,63.33,4.33,32.33,63.33,Inspect Immediately
MD00880,Infusion Pump,ScanPro,Model-150,10,4,5784.79,6.7,1,28.43799705211157,Medium Risk,Normal,Normal,0.67,63.33,36.0,63.33,Routine Monitoring
MD00843,X-Ray Machine,ImagingTech,Model-250,8,3,20095.82,28.79,2,58.13103073152212,High Risk,Risk to Failure,Failure,63.33,1.0,35.67,63.33,Inspect Immediately
MD00702,PET Scanner,MedEquip,Model-100,5,5,11326.64,8.2,1,24.76998219108869,Low Risk,Normal,Risk to Failure,20.67,16.0,63.33,63.33,Schedule Preventive Maintenance
MD01832,X-Ray Machine,ScanPro,Model-400,11,3,14301.42,9.76,3,44.28718822679298,Medium Risk,Risk to Failure,Risk to Failure,10.67,26.0,63.33,63.33,Schedule Preventive Maintenance
MD03883,PET Scanner,RescueTech,Model-250,2,3,2738.09,7.26,3,17.190159292261676,Low Risk,Risk to Failure,Normal,2.33,63.33,34.33,63.33,Routine Monitoring
MD03647,MRI Scanner,MedEquip,Model-500,9,1,7321.46,7.68,0,26.144504017700108,Low Risk,Normal,Normal,7.67,63.33,29.0,63.33,Routine Monitoring
MD02909,Defibrillator,ScanPro,Model-450,3,5,5377.68,6.43,1,15.164746604175336,Low Risk,Normal,Normal,1.33,63.33,35.33,63.33,Routine Monitoring
MD03301,X-Ray Machine,CardioSync,Model-300,8,1,6101.6,6.96,0,22.77258806135249,Low Risk,Normal,Normal,2.0,63.33,34.67,63.33,Routine Monitoring
MD01621,CT Scanner,UltraMed,Model-100,8,2,8007.69,15.91,0,32.427865084152,Medium Risk,Normal,Risk to Failure,12.0,25.0,63.0,63.0,Schedule Preventive Maintenance
MD00506,X-Ray Machine,RescueTech,Model-650,10,5,7217.29,2.75,0,23.333223018619023,Low Risk,Normal,Normal,2.67,63.0,34.33,63.0,Routine Monitoring
MD00824,PET Scanner,RescueTech,Model-500,11,2,19098.86,16.88,2,51.85864114758697,High Risk,Risk to Failure,Failure,63.0,9.33,27.67,63.0,Inspect Immediately
MD02035,PET Scanner,ImagingTech,Model-550,8,1,10846.4,10.58,1,32.07293233073091,Medium Risk,Normal,Risk to Failure,13.67,23.33,63.0,63.0,Schedule Preventive Maintenance
MD05165,MRI Scanner,MedEquip,Model-600,10,2,8617.73,7.85,0,29.064082332281444,Medium Risk,Normal,Normal,15.67,63.0,21.33,63.0,Routine Monitoring
MD04791,CT Scanner,MedEquip,Model-500,3,5,8221.42,6.32,3,22.13490694829511,Low Risk,Risk to Failure,Normal,3.33,63.0,33.67,63.0,Routine Monitoring
MD02189,MRI Scanner,ImagingTech,Model-400,9,1,8632.37,6.55,0,26.055827335872102,Low Risk,Normal,Normal,7.0,63.0,30.0,63.0,Routine Monitoring
MD02067,PET Scanner,RescueTech,Model-200,9,3,8645.78,6.54,0,26.05636052385621,Low Risk,Normal,Normal,4.67,63.0,32.33,63.0,Routine Monitoring
MD04525,Defibrillator,ScanPro,Model-250,8,4,8315.09,0.52,0,18.43691496356015,Low Risk,Normal,Normal,8.33,63.0,28.67,63.0,Routine Monitoring
MD02763,Defibrillator,RescueTech,Model-250,1,2,8063.95,5.7,1,12.8111609615398,Low Risk,Normal,Normal,5.67,63.0,31.33,63.0,Routine Monitoring
MD02723,Defibrillator,RescueTech,Model-450,7,4,10599.37,12.9,3,37.21763789685333,Medium Risk,Risk to Failure,Risk to Failure,5.0,32.0,63.0,63.0,Schedule Preventive Maintenance
MD04211,X-Ray Machine,MedEquip,Model-200,2,3,15932.21,24.19,2,39.93983982538429,Medium Risk,Risk to Failure,Failure,63.0,5.0,32.0,63.0,Inspect Immediately
MD04423,MRI Scanner,CardioSync,Model-250,2,3,5458.53,7.01,0,11.441181047091366,Low Risk,Normal,Normal,4.67,63.0,32.33,63.0,Routine Monitoring
MD01253,Defibrillator,RescueTech,Model-350,8,3,11422.11,15.15,1,36.71341576373544,Medium Risk,Normal,Risk to Failure,20.67,16.33,63.0,63.0,Schedule Preventive Maintenance
MD01673,Defibrillator,ImagingTech,Model-250,12,1,7481.19,0.61,1,27.68524579720344,Medium Risk,Normal,Normal,0.67,63.0,36.33,63.0,Routine Monitoring
MD01593,Defibrillator,UltraMed,Model-200,5,5,9859.1,10.31,2,28.149721003415703,Medium Risk,Risk to Failure,Risk to Failure,29.0,8.0,63.0,63.0,Schedule Preventive Maintenance
MD02440,CT Scanner,UltraMed,Model-300,9,5,14100.6,10.77,1,36.43740216226339,Medium Risk,Normal,Risk to Failure,9.67,27.33,63.0,63.0,Schedule Preventive Maintenance
MD04858,CT Scanner,UltraMed,Model-500,4,4,7811.65,11.55,3,28.48522240640836,Medium Risk,Risk to Failure,Risk to Failure,21.0,16.0,63.0,63.0,Schedule Preventive Maintenance
MD05198,Infusion Pump,RescueTech,Model-250,3,5,7257.37,7.22,0,14.763844516082532,Low Risk,Normal,Normal,3.33,63.0,33.67,63.0,Routine Monitoring
MD01865,MRI Scanner,ImagingTech,Model-300,7,1,18158.04,19.91,2,46.699139819913086,Medium Risk,Risk to Failure,Failure,63.0,0.0,37.0,63.0,Inspect Immediately
MD04748,X-Ray Machine,RescueTech,Model-300,7,1,16263.05,32.31,9,74.27177711092415,High Risk,Failure,Failure,63.0,3.67,33.33,63.0,Inspect Immediately
MD02051,Defibrillator,MedEquip,Model-150,12,2,17055.5,15.17,4,55.60873219649703,High Risk,Failure,Failure,63.0,6.67,30.33,63.0,Inspect Immediately
MD04517,PET Scanner,RescueTech,Model-650,8,5,7011.0,6.55,2,28.05642231635881,Medium Risk,Risk to Failure,Normal,5.67,63.0,31.33,63.0,Routine Monitoring
MD02319,Infusion Pump,ScanPro,Model-200,8,1,5481.76,7.66,0,22.96756525955661,Low Risk,Normal,Normal,2.33,63.0,34.67,63.0,Routine Monitoring
MD05204,CT Scanner,RescueTech,Model-650,10,5,10796.11,10.9,0,33.468224493774805,Medium Risk,Normal,Risk to Failure,13.0,24.0,63.0,63.0,Schedule Preventive Maintenance
MD02562,Infusion Pump,UltraMed,Model-150,6,5,26062.22,30.15,4,65.09755009770743,High Risk,Failure,Failure,63.0,6.33,30.67,63.0,Inspect Immediately
MD00551,CT Scanner,CardioSync,Model-550,3,5,7032.25,7.34,0,14.71067437629532,Low Risk,Normal,Normal,0.33,62.67,37.0,62.67,Routine Monitoring
MD03418,X-Ray Machine,ScanPro,Model-550,2,4,1340.95,4.24,0,5.882886406869663,Low Risk,Normal,Normal,0.33,62.67,37.0,62.67,Routine Monitoring
MD02131,X-Ray Machine,UltraMed,Model-150,12,4,7011.0,7.54,0,31.24355845608116,Medium Risk,Normal,Normal,4.0,62.67,33.33,62.67,Routine Monitoring
MD02743,Infusion Pump,UltraMed,Model-650,10,3,10011.53,11.61,2,38.55241945099798,Medium Risk,Risk to Failure,Risk to Failure,23.33,14.0,62.67,62.67,Schedule Preventive Maintenance
MD01327,CT Scanner,RescueTech,Model-300,2,3,21015.09,25.15,5,52.0295903239622,High Risk,Failure,Failure,62.67,0.67,36.67,62.67,Inspect Immediately
MD00070,Defibrillator,ImagingTech,Model-600,12,4,19408.93,17.54,3,57.012325420168494,High Risk,Risk to Failure,Failure,62.67,1.67,35.67,62.67,Inspect Immediately
MD03476,CT Scanner,MedEquip,Model-200,1,4,7866.61,5.88,0,10.33364821599416,Low Risk,Normal,Normal,12.0,62.67,25.33,62.67,Routine Monitoring
MD03332,MRI Scanner,RescueTech,Model-250,10,3,551.1,3.48,0,19.15093791458104,Low Risk,Normal,Normal,13.0,62.67,24.33,62.67,Routine Monitoring
MD01051,X-Ray Machine,RescueTech,Model-100,9,3,12135.94,11.92,4,43.56827263599929,Medium Risk,Failure,Risk to Failure,16.33,21.0,62.67,62.67,Schedule Preventive Maintenance
MD03764,MRI Scanner,ScanPro,Model-150,3,1,8714.04,6.88,0,15.51103875572483,Low Risk,Normal,Normal,5.33,62.67,32.0,62.67,Routine Monitoring
MD02751,MRI Scanner,CardioSync,Model-200,4,5,8873.76,12.27,3,29.924030303179517,Medium Risk,Risk to Failure,Risk to Failure,12.0,25.33,62.67,62.67,Schedule Preventive Maintenance
MD04742,Infusion Pump,CardioSync,Model-400,2,2,8662.58,5.64,0,12.510046379914408,Low Risk,Normal,Normal,4.33,62.67,33.0,62.67,Routine Monitoring
MD00614,MRI Scanner,UltraMed,Model-200,6,2,8828.44,6.55,0,20.744125546304453,Low Risk,Normal,Normal,10.33,62.67,27.0,62.67,Routine Monitoring
MD03541,Infusion Pump,RescueTech,Model-350,9,1,10990.62,9.86,3,38.33115869449723,Medium Risk,Risk to Failure,Risk to Failure,17.67,19.67,62.67,62.67,Schedule Preventive Maintenance
MD05452,CT Scanner,ImagingTech,Model-300,10,2,6671.12,7.19,2,32.03630481549191,Medium Risk,Risk to Failure,Normal,8.0,62.67,29.33,62.67,Routine Monitoring
MD02411,Defibrillator,ImagingTech,Model-250,4,1,969.45,0.76,2,11.034313941130712,Low Risk,Risk to Failure,Normal,2.33,62.67,35.0,62.67,Routine Monitoring
MD03935,MRI Scanner,RescueTech,Model-100,6,3,14369.45,32.89,1,51.60975756130984,High Risk,Normal,Failure,62.67,4.0,33.33,62.67,Inspect Immediately
MD04916,CT Scanner,MedEquip,Model-650,2,2,5517.41,4.2,1,11.388633780338091,Low Risk,Normal,Normal,0.0,62.67,37.33,62.67,Routine Monitoring
MD00439,CT Scanner,CardioSync,Model-650,7,1,6314.99,14.31,0,27.89866122079457,Medium Risk,Normal,Risk to Failure,14.33,23.0,62.67,62.67,Schedule Preventive Maintenance
MD02001,Defibrillator,UltraMed,Model-500,2,5,10201.87,7.71,4,25.543417321827626,Low Risk,Failure,Risk to Failure,11.67,25.67,62.67,62.67,Schedule Preventive Maintenance
MD04892,CT Scanner,UltraMed,Model-150,6,4,858.08,6.47,0,14.86355552219588,Low Risk,Normal,Normal,0.33,62.67,37.0,62.67,Routine Monitoring
MD04464,Defibrillator,MedEquip,Model-650,7,4,4972.04,3.41,0,16.852542470704204,Low Risk,Normal,Normal,1.0,62.33,36.67,62.33,Routine Monitoring
MD01132,X-Ray Machine,CardioSync,Model-550,6,2,22878.25,15.9,3,47.11597382649502,Medium Risk,Risk to Failure,Failure,62.33,13.67,24.0,62.33,Inspect Immediately
MD04268,Infusion Pump,ImagingTech,Model-450,6,1,6972.08,9.35,6,36.97791103255274,Medium Risk,Failure,Risk to Failure,10.67,27.0,62.33,62.33,Schedule Preventive Maintenance
MD03702,CT Scanner,MedEquip,Model-600,9,1,4520.72,3.36,2,25.113921867896455,Low Risk,Risk to Failure,Normal,1.0,62.33,36.67,62.33,Routine Monitoring
MD03640,Defibrillator,UltraMed,Model-600,12,4,11262.79,15.04,2,46.26847201143758,Medium Risk,Risk to Failure,Risk to Failure,13.33,24.33,62.33,62.33,Schedule Preventive Maintenance
MD03245,CT Scanner,MedEquip,Model-350,9,5,14530.8,9.45,1,35.53160567429728,Medium Risk,Normal,Risk to Failure,12.0,25.67,62.33,62.33,Schedule Preventive Maintenance
MD02892,Infusion Pump,CardioSync,Model-250,9,2,3114.67,5.27,1,23.35372917297237,Low Risk,Normal,Normal,0.33,62.33,37.33,62.33,Routine Monitoring
MD01714,PET Scanner,UltraMed,Model-500,1,2,25301.85,17.98,2,39.21192204846784,Medium Risk,Risk to Failure,Failure,62.33,5.67,32.0,62.33,Inspect Immediately
MD03489,Defibrillator,ImagingTech,Model-100,8,2,12300.62,12.45,2,37.35959781966372,Medium Risk,Risk to Failure,Risk to Failure,13.33,24.33,62.33,62.33,Schedule Preventive Maintenance
MD00100,Defibrillator,CardioSync,Model-100,9,1,7395.28,12.32,3,37.98399868464897,Medium Risk,Risk to Failure,Risk to Failure,12.67,25.0,62.33,62.33,Schedule Preventive Maintenance
MD02641,Infusion Pump,ScanPro,Model-300,4,5,7011.0,2.61,1,14.644532482055189,Low Risk,Normal,Normal,1.67,62.33,36.0,62.33,Routine Monitoring
MD00253,MRI Scanner,ScanPro,Model-250,11,3,7341.43,6.11,0,28.34529332570083,Medium Risk,Normal,Normal,5.0,62.33,32.67,62.33,Routine Monitoring
MD01543,X-Ray Machine,UltraMed,Model-600,7,1,7011.0,5.52,0,20.28688581837404,Low Risk,Normal,Normal,10.33,62.33,27.33,62.33,Routine Monitoring
MD00515,Infusion Pump,UltraMed,Model-350,4,2,18236.73,14.81,2,36.59133157426663,Medium Risk,Risk to Failure,Failure,62.33,3.33,34.33,62.33,Inspect Immediately
MD04158,X-Ray Machine,MedEquip,Model-350,3,2,21370.74,30.54,4,56.585323541632114,High Risk,Failure,Failure,62.0,17.33,20.67,62.0,Inspect Immediately
MD02706,PET Scanner,ImagingTech,Model-550,4,2,14408.51,15.46,1,31.902712532668456,Medium Risk,Normal,Risk to Failure,19.67,18.33,62.0,62.0,Schedule Preventive Maintenance
MD02789,Infusion Pump,CardioSync,Model-500,5,2,8092.96,11.04,0,22.53728901599161,Low Risk,Normal,Risk to Failure,18.67,19.33,62.0,62.0,Schedule Preventive Maintenance
MD01052,X-Ray Machine,CardioSync,Model-150,7,1,9329.72,12.77,1,31.172580788830164,Medium Risk,Normal,Risk to Failure,16.67,21.33,62.0,62.0,Schedule Preventive Maintenance
MD00324,Defibrillator,ImagingTech,Model-650,7,4,7768.58,5.96,0,21.24521256088202,Low Risk,Normal,Normal,5.67,62.0,32.33,62.0,Routine Monitoring
MD02779,PET Scanner,ImagingTech,Model-600,4,4,14393.75,10.14,2,29.47816626710934,Medium Risk,Risk to Failure,Risk to Failure,11.0,27.0,62.0,62.0,Schedule Preventive Maintenance
MD01763,PET Scanner,RescueTech,Model-500,5,5,8477.4,7.27,1,21.835223776863067,Low Risk,Normal,Normal,2.33,62.0,35.67,62.0,Routine Monitoring
MD02132,CT Scanner,RescueTech,Model-650,11,4,546.72,5.55,0,22.87787456657037,Low Risk,Normal,Normal,8.67,62.0,29.33,62.0,Routine Monitoring
MD03233,PET Scanner,MedEquip,Model-400,6,2,14403.23,10.34,0,28.30616547000634,Medium Risk,Normal,Risk to Failure,24.67,13.33,62.0,62.0,Schedule Preventive Maintenance
MD01087,Defibrillator,RescueTech,Model-450,8,3,9284.06,9.66,1,30.084960797921333,Medium Risk,Normal,Risk to Failure,12.67,25.33,62.0,62.0,Schedule Preventive Maintenance
MD01491,MRI Scanner,RescueTech,Model-450,4,2,9661.42,13.09,2,28.755256570634323,Medium Risk,Risk to Failure,Risk to Failure,10.33,27.67,62.0,62.0,Schedule Preventive Maintenance
MD03444,Infusion Pump,ScanPro,Model-500,7,4,8524.9,10.6,3,33.58193169535446,Medium Risk,Risk to Failure,Risk to Failure,6.0,32.0,62.0,62.0,Schedule Preventive Maintenance
MD04946,CT Scanner,ScanPro,Model-450,8,5,16017.26,22.28,4,54.14672999115946,High Risk,Failure,Failure,62.0,2.0,36.0,62.0,Inspect Immediately
MD00914,MRI Scanner,CardioSync,Model-300,3,1,11404.25,10.96,1,23.73942116363301,Low Risk,Normal,Risk to Failure,21.33,16.67,62.0,62.0,Schedule Preventive Maintenance
MD01225,Defibrillator,CardioSync,Model-150,4,4,15038.14,10.21,3,32.51228147560742,Medium Risk,Risk to Failure,Risk to Failure,15.0,23.0,62.0,62.0,Schedule Preventive Maintenance
MD03601,CT Scanner,ScanPro,Model-100,9,1,8259.0,6.46,0,25.700686510623186,Low Risk,Normal,Normal,2.67,62.0,35.33,62.0,Routine Monitoring
MD00060,CT Scanner,CardioSync,Model-500,6,4,7011.0,29.11,2,45.2574971036405,Medium Risk,Risk to Failure,Failure,62.0,8.0,30.0,62.0,Inspect Immediately
MD05224,PET Scanner,RescueTech,Model-100,5,1,4957.21,7.75,1,19.71399536450362,Low Risk,Normal,Normal,2.0,62.0,36.0,62.0,Routine Monitoring
MD04539,Defibrillator,RescueTech,Model-350,10,3,7326.59,6.11,0,26.516300062686703,Low Risk,Normal,Normal,3.33,62.0,34.67,62.0,Routine Monitoring
MD03617,MRI Scanner,ImagingTech,Model-400,11,3,13626.84,8.09,2,39.75324606396565,Medium Risk,Risk to Failure,Risk to Failure,11.0,27.0,62.0,62.0,Schedule Preventive Maintenance
MD04171,CT Scanner,RescueTech,Model-600,9,4,1067.18,1.82,0,16.175486701061978,Low Risk,Normal,Normal,0.67,62.0,37.33,62.0,Routine Monitoring
MD05458,PET Scanner,MedEquip,Model-650,2,4,1535.0,3.13,1,7.49901212771168,Low Risk,Normal,Normal,0.33,61.67,38.0,61.67,Routine Monitoring
MD03276,X-Ray Machine,ImagingTech,Model-450,11,4,5063.14,7.78,0,28.22796924176421,Medium Risk,Normal,Normal,0.33,61.67,38.0,61.67,Routine Monitoring
MD02614,Defibrillator,MedEquip,Model-500,7,5,11074.9,13.61,2,35.71986585593901,Medium Risk,Risk to Failure,Risk to Failure,19.33,19.0,61.67,61.67,Schedule Preventive Maintenance
MD05431,Defibrillator,UltraMed,Model-350,3,5,3414.58,1.32,1,9.014733886546365,Low Risk,Normal,Normal,2.67,61.67,35.67,61.67,Routine Monitoring
MD05332,MRI Scanner,UltraMed,Model-350,1,2,8810.16,6.55,2,16.63989885353993,Low Risk,Risk to Failure,Normal,12.67,61.67,25.67,61.67,Routine Monitoring
MD04068,MRI Scanner,MedEquip,Model-400,8,3,8321.58,6.44,0,23.909623444905744,Low Risk,Normal,Normal,4.67,61.67,33.67,61.67,Routine Monitoring
MD01671,Infusion Pump,ScanPro,Model-350,3,3,15232.78,13.04,2,30.94981777491481,Medium Risk,Risk to Failure,Failure,61.67,11.0,27.33,61.67,Inspect Immediately
MD00878,PET Scanner,UltraMed,Model-600,11,3,22102.44,6.55,5,52.005595196785954,High Risk,Failure,Failure,61.67,19.67,18.67,61.67,Inspect Immediately
MD01622,CT Scanner,RescueTech,Model-200,12,3,13526.74,11.38,0,39.537294730358944,Medium Risk,Normal,Risk to Failure,16.33,22.0,61.67,61.67,Schedule Preventive Maintenance
MD05321,Defibrillator,UltraMed,Model-600,10,5,7902.01,7.79,0,28.487237245456456,Medium Risk,Normal,Normal,8.67,61.67,29.67,61.67,Routine Monitoring
MD02093,X-Ray Machine,ImagingTech,Model-200,10,1,21496.52,24.1,11,80.95595541566388,High Risk,Failure,Risk to Failure,35.33,3.0,61.67,61.67,Schedule Preventive Maintenance
MD05020,MRI Scanner,ScanPro,Model-650,4,5,7669.42,2.32,1,14.85635670755978,Low Risk,Normal,Normal,0.0,61.67,38.33,61.67,Routine Monitoring
MD05196,Defibrillator,RescueTech,Model-100,10,2,561.1,6.55,0,21.993814387769454,Low Risk,Normal,Normal,0.33,61.67,38.0,61.67,Routine Monitoring
MD02017,Defibrillator,ImagingTech,Model-500,8,1,9408.49,14.65,4,42.28460243360782,Medium Risk,Failure,Risk to Failure,18.67,19.67,61.67,61.67,Schedule Preventive Maintenance
MD03137,Infusion Pump,RescueTech,Model-400,9,4,934.38,2.29,0,16.512850683917762,Low Risk,Normal,Normal,0.33,61.67,38.0,61.67,Routine Monitoring
MD00098,X-Ray Machine,ImagingTech,Model-500,8,5,24883.45,26.84,3,62.31787367940891,High Risk,Risk to Failure,Failure,61.67,2.67,35.67,61.67,Inspect Immediately
MD05367,Infusion Pump,UltraMed,Model-250,12,1,6286.11,7.87,2,36.02025438718476,Medium Risk,Risk to Failure,Normal,15.0,61.67,23.33,61.67,Routine Monitoring
MD01994,X-Ray Machine,ScanPro,Model-500,7,4,13852.16,12.9,0,32.08740606640069,Medium Risk,Normal,Risk to Failure,23.67,14.67,61.67,61.67,Schedule Preventive Maintenance
MD00275,Infusion Pump,CardioSync,Model-500,2,1,8178.18,1.02,0,7.889903122115522,Low Risk,Normal,Normal,5.67,61.67,32.67,61.67,Routine Monitoring
MD02924,CT Scanner,ImagingTech,Model-650,9,5,674.4,2.68,2,21.683668084704088,Low Risk,Risk to Failure,Normal,3.0,61.67,35.33,61.67,Routine Monitoring
MD00007,X-Ray Machine,UltraMed,Model-450,2,3,6148.18,5.23,1,12.799525862895418,Low Risk,Normal,Normal,2.33,61.67,36.0,61.67,Routine Monitoring
MD02463,MRI Scanner,MedEquip,Model-150,8,4,5211.81,6.47,1,24.171759570268662,Low Risk,Normal,Normal,1.0,61.67,37.33,61.67,Routine Monitoring
MD01582,X-Ray Machine,UltraMed,Model-500,10,3,7445.21,7.71,1,30.5805512802586,Medium Risk,Normal,Normal,15.33,61.67,23.0,61.67,Routine Monitoring
MD01056,Defibrillator,UltraMed,Model-150,3,2,24159.76,17.61,1,39.174485499341685,Medium Risk,Normal,Failure,61.67,7.0,31.33,61.67,Inspect Immediately
MD02885,Defibrillator,UltraMed,Model-350,7,2,8025.01,10.73,1,28.337818716547307,Medium Risk,Normal,Risk to Failure,14.67,23.67,61.67,61.67,Schedule Preventive Maintenance
MD02895,Defibrillator,RescueTech,Model-100,6,3,8733.44,11.6,1,27.83932368155632,Medium Risk,Normal,Risk to Failure,18.33,20.0,61.67,61.67,Schedule Preventive Maintenance
MD02871,X-Ray Machine,ImagingTech,Model-550,9,4,10632.31,13.27,4,43.71974821225432,Medium Risk,Failure,Risk to Failure,15.33,23.33,61.33,61.33,Schedule Preventive Maintenance
MD03485,PET Scanner,ImagingTech,Model-100,11,1,6893.08,2.5,0,24.68429549266246,Low Risk,Normal,Normal,0.0,61.33,38.67,61.33,Routine Monitoring
MD00158,PET Scanner,ImagingTech,Model-200,4,2,7223.58,11.2,2,25.23351754416856,Low Risk,Risk to Failure,Risk to Failure,8.67,30.0,61.33,61.33,Schedule Preventive Maintenance
MD01633,CT Scanner,UltraMed,Model-600,2,4,3905.37,1.39,1,7.618764451644132,Low Risk,Normal,Normal,1.33,61.33,37.33,61.33,Routine Monitoring
MD01563,PET Scanner,ImagingTech,Model-300,2,5,2542.96,2.76,0,5.391596508374423,Low Risk,Normal,Normal,0.33,61.33,38.33,61.33,Routine Monitoring
MD01110,X-Ray Machine,MedEquip,Model-350,6,4,5896.61,7.8,0,19.76274430553289,Low Risk,Normal,Normal,12.0,61.33,26.67,61.33,Routine Monitoring
MD00524,CT Scanner,CardioSync,Model-250,6,5,6941.31,6.19,3,26.536774828985465,Low Risk,Risk to Failure,Normal,2.33,61.33,36.33,61.33,Routine Monitoring
MD00553,Defibrillator,ImagingTech,Model-300,2,2,14552.61,10.28,3,28.586847889728308,Medium Risk,Risk to Failure,Risk to Failure,17.33,21.33,61.33,61.33,Schedule Preventive Maintenance
MD02344,MRI Scanner,RescueTech,Model-400,1,2,20747.95,18.83,8,51.67934950447314,High Risk,Failure,Failure,61.33,5.67,33.0,61.33,Inspect Immediately
MD03291,Infusion Pump,CardioSync,Model-400,8,2,4948.48,7.57,2,27.49592455943341,Medium Risk,Risk to Failure,Normal,1.67,61.33,37.0,61.33,Routine Monitoring
MD01495,X-Ray Machine,ScanPro,Model-600,7,1,7740.27,15.4,2,34.943799585482644,Medium Risk,Risk to Failure,Risk to Failure,16.33,22.33,61.33,61.33,Schedule Preventive Maintenance
MD01479,PET Scanner,CardioSync,Model-250,3,1,1113.33,3.22,0,6.593121085193762,Low Risk,Normal,Normal,0.0,61.33,38.67,61.33,Routine Monitoring
MD02543,PET Scanner,ScanPro,Model-200,2,4,24637.83,32.88,8,69.30865797872113,High Risk,Failure,Failure,61.33,13.33,25.33,61.33,Inspect Immediately
MD01643,CT Scanner,MedEquip,Model-350,3,1,7038.77,9.72,1,19.413700280163923,Low Risk,Normal,Risk to Failure,11.0,27.67,61.33,61.33,Schedule Preventive Maintenance
MD04025,X-Ray Machine,CardioSync,Model-250,7,3,4972.65,2.64,0,16.141779979903674,Low Risk,Normal,Normal,1.0,61.33,37.67,61.33,Routine Monitoring
MD01764,Defibrillator,UltraMed,Model-500,12,4,7011.0,12.42,1,38.25094761864274,Medium Risk,Normal,Risk to Failure,14.67,24.0,61.33,61.33,Schedule Preventive Maintenance
MD04733,X-Ray Machine,UltraMed,Model-600,9,2,9021.08,9.31,2,33.888276877888615,Medium Risk,Risk to Failure,Risk to Failure,21.0,17.67,61.33,61.33,Schedule Preventive Maintenance
MD02988,Defibrillator,ImagingTech,Model-600,7,5,19973.51,30.4,5,65.21081088307321,High Risk,Failure,Failure,61.33,1.33,37.33,61.33,Inspect Immediately
MD01370,CT Scanner,ScanPro,Model-250,10,2,6071.12,7.85,3,34.70879031581221,Medium Risk,Risk to Failure,Normal,8.0,61.33,30.67,61.33,Routine Monitoring
MD01807,PET Scanner,CardioSync,Model-650,4,3,13460.64,9.57,2,28.27188605673484,Medium Risk,Risk to Failure,Risk to Failure,20.0,18.67,61.33,61.33,Schedule Preventive Maintenance
MD01272,CT Scanner,ImagingTech,Model-250,6,1,6932.71,8.33,2,26.00711042164933,Low Risk,Risk to Failure,Risk to Failure,9.67,29.0,61.33,61.33,Schedule Preventive Maintenance
MD01444,PET Scanner,CardioSync,Model-300,4,4,7461.09,1.76,0,11.687339836206666,Low Risk,Normal,Normal,0.33,61.33,38.33,61.33,Routine Monitoring
MD01903,MRI Scanner,ImagingTech,Model-550,7,1,4060.88,3.48,2,21.253386586958587,Low Risk,Risk to Failure,Normal,0.0,61.0,39.0,61.0,Routine Monitoring
MD00186,CT Scanner,RescueTech,Model-100,10,5,18952.48,15.92,2,49.04711701240998,High Risk,Risk to Failure,Failure,61.0,4.33,34.67,61.0,Inspect Immediately
MD04156,PET Scanner,MedEquip,Model-150,9,3,25908.8,15.08,6,61.52098888778824,High Risk,Failure,Failure,61.0,11.0,28.0,61.0,Inspect Immediately
MD03232,MRI Scanner,MedEquip,Model-450,2,2,17140.32,32.82,3,51.2910481715931,High Risk,Risk to Failure,Failure,61.0,3.33,35.67,61.0,Inspect Immediately
MD04103,PET Scanner,MedEquip,Model-400,4,5,15632.18,10.25,2,30.48200563667569,Medium Risk,Risk to Failure,Risk to Failure,19.67,19.33,61.0,61.0,Schedule Preventive Maintenance
MD02157,MRI Scanner,ScanPro,Model-350,9,3,7008.27,7.95,1,28.665718684946405,Medium Risk,Normal,Normal,6.33,61.0,32.67,61.0,Routine Monitoring
MD00425,Defibrillator,UltraMed,Model-600,5,3,6413.17,11.39,0,21.636780719377125,Low Risk,Normal,Risk to Failure,10.0,29.0,61.0,61.0,Schedule Preventive Maintenance
MD01654,CT Scanner,CardioSync,Model-500,8,1,20733.16,27.11,2,57.04363046484601,High Risk,Risk to Failure,Failure,61.0,1.67,37.33,61.0,Inspect Immediately
MD04052,PET Scanner,ScanPro,Model-150,4,4,2406.5,5.92,0,11.847263604416735,Low Risk,Normal,Normal,0.0,61.0,39.0,61.0,Routine Monitoring
MD00527,Defibrillator,ScanPro,Model-250,2,5,6828.66,9.79,1,17.507101351800465,Low Risk,Normal,Risk to Failure,7.0,32.0,61.0,61.0,Schedule Preventive Maintenance
MD01526,Infusion Pump,ImagingTech,Model-650,11,3,9412.69,12.64,2,40.88568063743429,Medium Risk,Risk to Failure,Risk to Failure,13.67,25.33,61.0,61.0,Schedule Preventive Maintenance
MD04120,CT Scanner,ScanPro,Model-650,6,3,2988.45,6.55,0,16.48949416448305,Low Risk,Normal,Normal,1.33,61.0,37.67,61.0,Routine Monitoring
MD04263,MRI Scanner,UltraMed,Model-450,4,4,11651.82,13.64,3,33.21333560686571,Medium Risk,Risk to Failure,Risk to Failure,15.67,23.33,61.0,61.0,Schedule Preventive Maintenance
MD01353,X-Ray Machine,ImagingTech,Model-100,4,5,6117.92,7.61,1,18.61211992193276,Low Risk,Normal,Normal,1.33,61.0,37.67,61.0,Routine Monitoring
MD00160,Infusion Pump,CardioSync,Model-350,6,3,6742.72,7.77,1,22.851454864192743,Low Risk,Normal,Normal,14.33,61.0,24.67,61.0,Routine Monitoring
MD02318,CT Scanner,CardioSync,Model-300,10,5,11859.16,10.95,1,36.78887484799118,Medium Risk,Normal,Risk to Failure,9.67,29.33,61.0,61.0,Schedule Preventive Maintenance
MD04609,Infusion Pump,UltraMed,Model-500,5,5,8217.57,3.38,0,15.552948487308791,Low Risk,Normal,Normal,9.0,61.0,30.0,61.0,Routine Monitoring
MD02656,X-Ray Machine,ScanPro,Model-500,10,2,11363.88,12.52,5,47.87816967209236,Medium Risk,Failure,Risk to Failure,14.33,24.67,61.0,61.0,Schedule Preventive Maintenance
MD05155,Infusion Pump,UltraMed,Model-300,11,2,7011.0,14.77,4,46.10333230292398,Medium Risk,Failure,Risk to Failure,15.67,23.33,61.0,61.0,Schedule Preventive Maintenance
MD04968,X-Ray Machine,ImagingTech,Model-450,6,5,8926.92,7.96,1,24.618211477909355,Low Risk,Normal,Normal,9.33,61.0,29.67,61.0,Routine Monitoring
MD00045,Defibrillator,RescueTech,Model-150,6,4,11817.87,7.54,2,28.836435863774327,Medium Risk,Risk to Failure,Risk to Failure,13.33,25.67,61.0,61.0,Schedule Preventive Maintenance
MD04889,X-Ray Machine,ImagingTech,Model-150,7,3,26138.1,25.11,7,69.81584066340851,High Risk,Failure,Failure,61.0,5.33,33.67,61.0,Inspect Immediately
MD01818,MRI Scanner,CardioSync,Model-150,9,4,11415.93,8.7,2,35.06958292641292,Medium Risk,Risk to Failure,Risk to Failure,14.33,24.67,61.0,61.0,Schedule Preventive Maintenance
MD01061,Infusion Pump,ImagingTech,Model-300,4,1,23839.69,26.53,2,51.498401690428,High Risk,Risk to Failure,Failure,60.67,2.67,36.67,60.67,Inspect Immediately
MD01948,Defibrillator,CardioSync,Model-100,9,1,25029.33,26.77,6,71.67767886777378,High Risk,Failure,Failure,60.67,2.33,37.0,60.67,Inspect Immediately
MD02519,PET Scanner,MedEquip,Model-500,4,4,19375.27,28.95,3,52.98114152310457,High Risk,Risk to Failure,Failure,60.67,5.33,34.0,60.67,Inspect Immediately
MD00575,X-Ray Machine,RescueTech,Model-550,11,3,19374.9,22.28,5,64.54743040707623,High Risk,Failure,Failure,60.67,2.33,37.0,60.67,Inspect Immediately
MD00307,MRI Scanner,MedEquip,Model-100,1,2,14572.09,13.85,1,25.080271707327384,Low Risk,Normal,Risk to Failure,27.33,12.0,60.67,60.67,Schedule Preventive Maintenance
MD04879,Defibrillator,RescueTech,Model-400,3,5,3689.92,6.29,0,11.305845684538047,Low Risk,Normal,Normal,1.0,60.67,38.33,60.67,Routine Monitoring
MD02167,Infusion Pump,ImagingTech,Model-550,3,2,7345.78,7.9,1,17.95633302637881,Low Risk,Normal,Normal,8.0,60.67,31.33,60.67,Routine Monitoring
MD01710,MRI Scanner,RescueTech,Model-450,4,1,8750.83,1.23,1,14.637427281328428,Low Risk,Normal,Normal,1.67,60.67,37.67,60.67,Routine Monitoring
MD04895,X-Ray Machine,ImagingTech,Model-250,11,4,7511.31,6.31,1,31.153785748777462,Medium Risk,Normal,Normal,1.33,60.67,38.0,60.67,Routine Monitoring
MD04408,Defibrillator,RescueTech,Model-350,5,1,8629.92,10.79,1,25.197571312435343,Low Risk,Normal,Risk to Failure,18.67,20.67,60.67,60.67,Schedule Preventive Maintenance
MD04374,CT Scanner,ImagingTech,Model-350,7,5,8935.6,6.39,1,24.992593818661085,Low Risk,Normal,Normal,8.0,60.67,31.33,60.67,Routine Monitoring
MD01301,Defibrillator,RescueTech,Model-550,11,2,11720.67,11.07,3,43.61699942839541,Medium Risk,Risk to Failure,Risk to Failure,15.33,24.0,60.67,60.67,Schedule Preventive Maintenance
MD04933,CT Scanner,ImagingTech,Model-150,7,2,7011.0,10.24,0,24.64649172970409,Low Risk,Normal,Risk to Failure,9.67,29.67,60.67,60.67,Schedule Preventive Maintenance
MD02665,MRI Scanner,UltraMed,Model-500,1,4,1133.96,0.54,1,2.9964176475005986,Low Risk,Normal,Normal,1.0,60.67,38.33,60.67,Routine Monitoring
MD01779,CT Scanner,MedEquip,Model-250,1,3,25545.72,31.03,8,66.44316106809418,High Risk,Failure,Failure,60.67,12.67,26.67,60.67,Inspect Immediately
MD01694,X-Ray Machine,ScanPro,Model-550,12,1,7770.34,8.03,3,39.74934968447129,Medium Risk,Risk to Failure,Risk to Failure,9.0,30.33,60.67,60.67,Schedule Preventive Maintenance
MD03207,PET Scanner,UltraMed,Model-600,1,4,22320.5,16.69,5,43.34840468980711,Medium Risk,Failure,Failure,60.67,5.33,34.0,60.67,Inspect Immediately
MD02363,CT Scanner,MedEquip,Model-250,8,5,4593.65,6.48,1,23.73064543468765,Low Risk,Normal,Normal,0.0,60.67,39.33,60.67,Routine Monitoring
MD01681,X-Ray Machine,CardioSync,Model-250,12,2,13482.67,9.14,2,42.4362227189289,Medium Risk,Risk to Failure,Risk to Failure,6.67,32.67,60.67,60.67,Schedule Preventive Maintenance
MD05190,CT Scanner,CardioSync,Model-350,12,4,15076.37,10.25,0,39.62253368939136,Medium Risk,Normal,Risk to Failure,11.33,28.0,60.67,60.67,Schedule Preventive Maintenance
MD01626,CT Scanner,CardioSync,Model-500,9,5,7163.88,9.07,2,32.31356862216247,Medium Risk,Risk to Failure,Risk to Failure,13.0,26.33,60.67,60.67,Schedule Preventive Maintenance
MD05364,Infusion Pump,RescueTech,Model-150,8,4,10118.17,7.22,6,40.93894372668612,Medium Risk,Failure,Risk to Failure,10.67,28.67,60.67,60.67,Schedule Preventive Maintenance
MD00681,MRI Scanner,RescueTech,Model-450,12,3,11482.46,11.73,0,38.37124306939622,Medium Risk,Normal,Risk to Failure,14.33,25.0,60.67,60.67,Schedule Preventive Maintenance
MD03351,Defibrillator,RescueTech,Model-550,6,4,14059.57,7.22,1,27.674024070245544,Medium Risk,Normal,Risk to Failure,19.0,20.33,60.67,60.67,Schedule Preventive Maintenance
MD01129,Defibrillator,CardioSync,Model-200,6,2,7330.86,7.94,0,20.93695456617837,Low Risk,Normal,Normal,10.33,60.33,29.33,60.33,Routine Monitoring
MD00950,CT Scanner,MedEquip,Model-200,11,1,6690.16,14.24,1,37.88005742877226,Medium Risk,Normal,Risk to Failure,15.0,24.67,60.33,60.33,Schedule Preventive Maintenance
MD01606,CT Scanner,ScanPro,Model-600,7,3,6821.87,7.03,0,21.54380261298112,Low Risk,Normal,Normal,5.67,60.33,34.0,60.33,Routine Monitoring
MD04418,X-Ray Machine,CardioSync,Model-450,11,4,6319.71,7.94,1,31.79120648443328,Medium Risk,Normal,Normal,7.0,60.33,32.67,60.33,Routine Monitoring
MD00926,X-Ray Machine,ImagingTech,Model-600,7,2,6434.74,6.07,4,30.375065731068283,Medium Risk,Failure,Normal,1.0,60.33,38.67,60.33,Routine Monitoring
MD02737,CT Scanner,MedEquip,Model-550,4,3,12220.24,14.79,0,27.189641031802587,Medium Risk,Normal,Risk to Failure,18.33,21.33,60.33,60.33,Schedule Preventive Maintenance
MD02342,Defibrillator,ScanPro,Model-450,12,2,8673.0,6.29,1,33.799825344331865,Medium Risk,Normal,Normal,1.33,60.33,38.33,60.33,Routine Monitoring
MD03494,X-Ray Machine,UltraMed,Model-600,12,5,8084.69,8.28,0,32.70927568318874,Medium Risk,Normal,Risk to Failure,11.33,28.33,60.33,60.33,Schedule Preventive Maintenance
MD00863,Infusion Pump,ScanPro,Model-450,8,3,15616.57,20.95,3,50.126365419484905,High Risk,Risk to Failure,Failure,60.33,7.33,32.33,60.33,Inspect Immediately
MD00463,X-Ray Machine,MedEquip,Model-300,2,5,21289.61,19.67,3,42.16801112799972,Medium Risk,Risk to Failure,Failure,60.33,5.67,34.0,60.33,Inspect Immediately
MD02883,MRI Scanner,ImagingTech,Model-300,11,2,15885.82,27.33,4,64.16992580132813,High Risk,Failure,Failure,60.33,1.33,38.33,60.33,Inspect Immediately
MD00117,MRI Scanner,UltraMed,Model-350,12,3,9062.64,10.28,0,35.26903616682781,Medium Risk,Normal,Risk to Failure,15.67,24.0,60.33,60.33,Schedule Preventive Maintenance
MD01831,CT Scanner,CardioSync,Model-250,11,1,8327.25,2.16,0,25.41509771689189,Low Risk,Normal,Normal,4.67,60.33,35.0,60.33,Routine Monitoring
MD01747,Infusion Pump,UltraMed,Model-500,5,3,16372.38,26.22,5,55.09006409878669,High Risk,Failure,Failure,60.33,1.0,38.67,60.33,Inspect Immediately
MD02448,X-Ray Machine,ScanPro,Model-100,2,3,4274.82,6.21,0,9.83989178807314,Low Risk,Normal,Normal,0.0,60.33,39.67,60.33,Routine Monitoring
MD00504,MRI Scanner,MedEquip,Model-250,2,2,12590.36,12.0,1,23.745951962960746,Low Risk,Normal,Risk to Failure,25.67,14.0,60.33,60.33,Schedule Preventive Maintenance
MD00476,Defibrillator,MedEquip,Model-300,12,5,6229.0,7.02,0,30.193549287229324,Medium Risk,Normal,Normal,5.0,60.33,34.67,60.33,Routine Monitoring
MD00315,Defibrillator,MedEquip,Model-100,1,5,8662.95,6.9,5,24.35592722276765,Low Risk,Failure,Normal,4.0,60.33,35.67,60.33,Routine Monitoring
MD00783,Defibrillator,ScanPro,Model-250,11,4,8753.47,7.52,4,40.676352402449005,Medium Risk,Failure,Normal,6.0,60.33,33.67,60.33,Routine Monitoring
MD00385,MRI Scanner,RescueTech,Model-650,11,3,1431.44,6.78,0,24.65850692712697,Low Risk,Normal,Normal,33.33,60.33,6.33,60.33,Routine Monitoring
MD01954,X-Ray Machine,UltraMed,Model-200,7,1,7075.69,8.93,2,28.483645225893,Medium Risk,Risk to Failure,Risk to Failure,20.33,19.33,60.33,60.33,Schedule Preventive Maintenance
MD05158,PET Scanner,CardioSync,Model-500,8,5,17829.9,14.45,3,45.73515703703781,Medium Risk,Risk to Failure,Failure,60.33,5.67,34.0,60.33,Inspect Immediately
MD02226,X-Ray Machine,MedEquip,Model-600,7,3,12232.42,15.11,4,42.9486265331546,Medium Risk,Failure,Risk to Failure,14.0,25.67,60.33,60.33,Schedule Preventive Maintenance
MD01658,PET Scanner,RescueTech,Model-300,2,1,1651.54,5.76,1,10.013102674328366,Low Risk,Normal,Normal,1.33,60.33,38.33,60.33,Routine Monitoring
MD02500,MRI Scanner,UltraMed,Model-100,10,1,14150.31,14.05,1,41.32135605674368,Medium Risk,Normal,Risk to Failure,18.33,21.67,60.0,60.0,Schedule Preventive Maintenance
MD01304,MRI Scanner,UltraMed,Model-250,3,3,7011.0,9.76,6,31.93041470328224,Medium Risk,Failure,Risk to Failure,15.33,24.67,60.0,60.0,Schedule Preventive Maintenance
MD01596,MRI Scanner,ScanPro,Model-100,4,4,7011.0,10.83,3,27.23689701407489,Medium Risk,Risk to Failure,Risk to Failure,11.67,28.33,60.0,60.0,Schedule Preventive Maintenance
MD01096,X-Ray Machine,RescueTech,Model-450,11,1,22870.33,25.75,2,62.79901933191967,High Risk,Risk to Failure,Failure,60.0,3.67,36.33,60.0,Inspect Immediately
MD01492,Infusion Pump,CardioSync,Model-650,10,5,7699.64,15.45,3,42.91492696887241,Medium Risk,Risk to Failure,Risk to Failure,19.33,20.67,60.0,60.0,Schedule Preventive Maintenance
MD00706,Defibrillator,UltraMed,Model-650,7,4,27469.97,17.48,5,58.73873947332433,High Risk,Failure,Failure,60.0,11.33,28.67,60.0,Inspect Immediately
MD01296,Defibrillator,RescueTech,Model-450,5,1,12567.53,9.27,4,34.16231326172935,Medium Risk,Failure,Risk to Failure,15.33,24.67,60.0,60.0,Schedule Preventive Maintenance
MD03573,Defibrillator,UltraMed,Model-250,7,1,15616.39,14.1,0,34.481082021830034,Medium Risk,Normal,Risk to Failure,25.67,14.33,60.0,60.0,Schedule Preventive Maintenance
MD00526,PET Scanner,CardioSync,Model-600,4,4,7011.0,9.93,0,18.905616225897557,Low Risk,Normal,Risk to Failure,14.67,25.33,60.0,60.0,Schedule Preventive Maintenance
MD01599,Infusion Pump,RescueTech,Model-400,5,4,6235.86,6.13,0,16.649229968347104,Low Risk,Normal,Normal,3.67,60.0,36.33,60.0,Routine Monitoring
MD00954,Infusion Pump,ScanPro,Model-600,12,2,9917.02,12.92,1,40.82990470674552,Medium Risk,Normal,Risk to Failure,17.0,23.0,60.0,60.0,Schedule Preventive Maintenance
MD02070,CT Scanner,UltraMed,Model-500,11,2,7958.24,10.03,2,37.41535004873145,Medium Risk,Risk to Failure,Risk to Failure,14.67,25.33,60.0,60.0,Schedule Preventive Maintenance
MD04175,CT Scanner,UltraMed,Model-650,7,1,20975.93,14.15,4,48.43187150054523,High Risk,Failure,Failure,60.0,11.33,28.67,60.0,Inspect Immediately
MD01604,CT Scanner,RescueTech,Model-250,11,4,12143.25,11.96,1,39.74690766884495,Medium Risk,Normal,Risk to Failure,6.67,33.33,60.0,60.0,Schedule Preventive Maintenance
MD04369,MRI Scanner,ScanPro,Model-250,2,5,14774.88,30.51,4,49.93412397357308,High Risk,Failure,Failure,60.0,9.67,30.33,60.0,Inspect Immediately
MD02366,Defibrillator,ImagingTech,Model-250,3,3,2458.53,4.22,0,8.49679036687467,Low Risk,Normal,Normal,8.67,60.0,31.33,60.0,Routine Monitoring
MD01619,Defibrillator,ScanPro,Model-150,9,3,5659.97,7.24,0,24.527648090665757,Low Risk,Normal,Normal,3.67,60.0,36.33,60.0,Routine Monitoring
MD00684,MRI Scanner,ScanPro,Model-200,7,1,7611.39,1.2,0,16.73414257439972,Low Risk,Normal,Normal,3.33,60.0,36.67,60.0,Routine Monitoring
MD02388,Defibrillator,CardioSync,Model-350,5,5,3811.42,7.12,1,18.297351819894708,Low Risk,Normal,Normal,16.67,60.0,23.33,60.0,Routine Monitoring
MD02748,CT Scanner,ImagingTech,Model-650,9,5,11314.65,6.18,6,42.66821079413792,Medium Risk,Failure,Risk to Failure,10.33,29.67,60.0,60.0,Schedule Preventive Maintenance
MD03920,Defibrillator,MedEquip,Model-150,2,4,27349.36,28.14,4,56.90602100776259,High Risk,Failure,Failure,60.0,3.67,36.33,60.0,Inspect Immediately
MD04948,Defibrillator,UltraMed,Model-650,5,3,7950.56,6.74,1,20.961870894931337,Low Risk,Normal,Normal,3.0,60.0,37.0,60.0,Routine Monitoring
MD00171,X-Ray Machine,ImagingTech,Model-550,10,5,9764.36,6.44,2,33.597101392263795,Medium Risk,Risk to Failure,Risk to Failure,15.67,24.67,59.67,59.67,Schedule Preventive Maintenance
MD01970,Defibrillator,ScanPro,Model-200,7,1,13146.86,11.6,6,45.372832107002566,Medium Risk,Failure,Risk to Failure,17.0,23.33,59.67,59.67,Schedule Preventive Maintenance
MD00708,PET Scanner,ImagingTech,Model-450,8,1,26633.3,15.06,5,57.712157059496754,High Risk,Failure,Failure,59.67,7.67,32.67,59.67,Inspect Immediately
MD01298,Defibrillator,ScanPro,Model-250,4,4,7187.67,2.67,0,12.328661306288833,Low Risk,Normal,Normal,5.0,59.67,35.33,59.67,Routine Monitoring
MD02364,Defibrillator,ScanPro,Model-500,11,2,15724.08,15.64,2,48.254678916096815,High Risk,Risk to Failure,Failure,59.67,9.0,31.33,59.67,Inspect Immediately
MD03756,Defibrillator,CardioSync,Model-500,3,4,6571.26,6.58,2,18.67285703582659,Low Risk,Risk to Failure,Normal,1.33,59.67,39.0,59.67,Routine Monitoring
MD01693,CT Scanner,ScanPro,Model-350,5,2,9530.59,6.29,7,36.69733610585556,Medium Risk,Failure,Risk to Failure,9.67,30.67,59.67,59.67,Schedule Preventive Maintenance
MD00602,CT Scanner,ImagingTech,Model-500,3,1,24819.0,19.41,4,48.81732584195315,High Risk,Failure,Failure,59.67,1.0,39.33,59.67,Inspect Immediately
MD02556,X-Ray Machine,RescueTech,Model-450,1,4,8955.65,5.25,0,10.545154351613451,Low Risk,Normal,Normal,12.33,59.67,28.0,59.67,Routine Monitoring
MD03405,CT Scanner,RescueTech,Model-500,4,4,965.37,4.19,0,9.19944497061171,Low Risk,Normal,Normal,4.33,59.67,36.0,59.67,Routine Monitoring
MD03316,CT Scanner,ScanPro,Model-450,3,4,8941.16,5.76,0,14.642020643351696,Low Risk,Normal,Normal,4.0,59.67,36.33,59.67,Routine Monitoring
MD03234,X-Ray Machine,ScanPro,Model-550,3,1,14054.24,25.33,2,41.44281227815076,Medium Risk,Risk to Failure,Failure,59.67,14.67,25.67,59.67,Inspect Immediately
MD02341,Infusion Pump,MedEquip,Model-400,2,5,22989.31,17.76,3,41.64213783741216,Medium Risk,Risk to Failure,Failure,59.67,3.33,37.0,59.67,Inspect Immediately
MD04843,PET Scanner,MedEquip,Model-400,1,5,14651.35,13.79,0,22.58259659440996,Low Risk,Normal,Risk to Failure,21.33,19.0,59.67,59.67,Schedule Preventive Maintenance
MD03879,CT Scanner,UltraMed,Model-550,2,5,14263.88,18.95,2,33.884503188718604,Medium Risk,Risk to Failure,Failure,59.67,8.0,32.33,59.67,Inspect Immediately
MD04405,CT Scanner,CardioSync,Model-550,2,3,10298.76,8.1,1,18.474226657742363,Low Risk,Normal,Failure,59.67,13.67,26.67,59.67,Inspect Immediately
MD00845,Defibrillator,RescueTech,Model-350,9,2,27327.29,23.89,5,68.1917223784129,High Risk,Failure,Risk to Failure,38.67,1.67,59.67,59.67,Schedule Preventive Maintenance
MD01660,X-Ray Machine,CardioSync,Model-600,4,2,8948.18,6.35,1,19.510267509258583,Low Risk,Normal,Normal,7.33,59.67,33.0,59.67,Routine Monitoring
MD01318,Defibrillator,MedEquip,Model-250,6,3,8447.11,8.76,1,25.007569826722676,Low Risk,Normal,Risk to Failure,16.0,24.33,59.67,59.67,Schedule Preventive Maintenance
MD00025,Defibrillator,CardioSync,Model-350,11,1,11326.75,8.3,2,38.27151777094133,Medium Risk,Risk to Failure,Risk to Failure,18.33,22.0,59.67,59.67,Schedule Preventive Maintenance
MD02637,CT Scanner,CardioSync,Model-250,9,1,12524.51,13.64,2,40.44002905024831,Medium Risk,Risk to Failure,Risk to Failure,14.33,26.0,59.67,59.67,Schedule Preventive Maintenance
MD02572,Infusion Pump,RescueTech,Model-150,8,4,16606.47,30.84,5,64.98239346099793,High Risk,Failure,Failure,59.67,3.67,36.67,59.67,Inspect Immediately
MD04642,Defibrillator,ImagingTech,Model-350,10,5,16371.69,30.68,5,68.29992862930192,High Risk,Failure,Failure,59.33,0.33,40.33,59.33,Inspect Immediately
MD00918,Infusion Pump,MedEquip,Model-550,11,2,24072.41,14.89,5,61.14398732735744,High Risk,Failure,Failure,59.33,14.0,26.67,59.33,Inspect Immediately
MD04947,PET Scanner,ScanPro,Model-500,2,3,8042.47,0.69,1,9.986230814820274,Low Risk,Normal,Normal,1.67,59.33,39.0,59.33,Routine Monitoring
MD01532,MRI Scanner,UltraMed,Model-150,10,4,12155.59,6.04,3,37.46973566488306,Medium Risk,Risk to Failure,Risk to Failure,17.0,23.67,59.33,59.33,Schedule Preventive Maintenance
MD03778,PET Scanner,ScanPro,Model-600,11,1,20394.97,28.63,3,66.15573388642532,High Risk,Risk to Failure,Failure,59.33,11.33,29.33,59.33,Inspect Immediately
MD00027,Infusion Pump,ImagingTech,Model-250,2,4,5318.37,6.31,0,10.692517994941555,Low Risk,Normal,Normal,0.67,59.33,40.0,59.33,Routine Monitoring
MD04136,Infusion Pump,ImagingTech,Model-250,11,1,3780.96,1.23,0,21.2439806468261,Low Risk,Normal,Normal,1.0,59.33,39.67,59.33,Routine Monitoring
MD04866,PET Scanner,CardioSync,Model-350,6,3,14170.53,13.51,3,38.564591268961024,Medium Risk,Risk to Failure,Risk to Failure,24.33,16.33,59.33,59.33,Schedule Preventive Maintenance
MD02965,X-Ray Machine,ImagingTech,Model-250,8,3,5438.14,0.83,0,16.62728906873039,Low Risk,Normal,Normal,0.67,59.33,40.0,59.33,Routine Monitoring
MD02609,CT Scanner,CardioSync,Model-400,6,1,17240.84,6.55,5,39.37284512226852,Medium Risk,Failure,Failure,59.33,11.67,29.0,59.33,Inspect Immediately
MD04663,CT Scanner,UltraMed,Model-300,8,2,9802.29,8.94,4,37.29748435170877,Medium Risk,Failure,Risk to Failure,22.33,18.33,59.33,59.33,Schedule Preventive Maintenance
MD05352,MRI Scanner,MedEquip,Model-200,2,2,7011.0,14.38,5,31.879474264410767,Medium Risk,Failure,Risk to Failure,17.0,23.67,59.33,59.33,Schedule Preventive Maintenance
MD04050,CT Scanner,UltraMed,Model-200,5,1,16192.77,23.41,2,44.863768753997206,Medium Risk,Risk to Failure,Failure,59.33,5.33,35.33,59.33,Inspect Immediately
MD02221,CT Scanner,RescueTech,Model-300,11,1,8271.14,15.11,1,39.83542656967401,Medium Risk,Normal,Risk to Failure,17.33,23.33,59.33,59.33,Schedule Preventive Maintenance
MD04092,MRI Scanner,ScanPro,Model-150,8,2,8152.98,6.22,1,26.08359063896865,Low Risk,Normal,Normal,5.0,59.33,35.67,59.33,Routine Monitoring
MD05444,Defibrillator,ScanPro,Model-200,2,1,11711.95,10.17,1,21.41572945994169,Low Risk,Normal,Risk to Failure,16.0,24.67,59.33,59.33,Schedule Preventive Maintenance
MD02809,Defibrillator,RescueTech,Model-400,8,4,11608.78,9.53,2,34.15852450943337,Medium Risk,Risk to Failure,Risk to Failure,13.0,27.67,59.33,59.33,Schedule Preventive Maintenance
MD02891,PET Scanner,RescueTech,Model-250,5,3,7710.66,7.43,3,26.42441085486523,Low Risk,Risk to Failure,Normal,5.67,59.33,35.0,59.33,Routine Monitoring
MD03210,MRI Scanner,ScanPro,Model-600,11,1,19753.62,16.75,2,52.215582189815926,High Risk,Risk to Failure,Failure,59.33,5.0,35.67,59.33,Inspect Immediately
MD02516,X-Ray Machine,ImagingTech,Model-350,3,4,15228.67,23.33,7,52.95113384492698,High Risk,Failure,Risk to Failure,36.33,4.33,59.33,59.33,Schedule Preventive Maintenance
MD00213,Infusion Pump,MedEquip,Model-550,9,5,6950.21,7.85,1,28.531055467821325,Medium Risk,Normal,Normal,5.0,59.33,35.67,59.33,Routine Monitoring
MD05177,X-Ray Machine,ScanPro,Model-250,11,3,4933.01,3.74,3,31.90163801636032,Medium Risk,Risk to Failure,Normal,1.0,59.33,39.67,59.33,Routine Monitoring
MD01761,Defibrillator,ImagingTech,Model-150,2,1,6735.61,8.45,1,16.201626532329,Low Risk,Normal,Risk to Failure,9.33,31.67,59.0,59.0,Schedule Preventive Maintenance
MD03885,Defibrillator,MedEquip,Model-150,2,4,6303.77,6.31,1,13.910415416623238,Low Risk,Normal,Normal,6.67,59.0,34.33,59.0,Routine Monitoring
MD01900,X-Ray Machine,MedEquip,Model-450,6,5,15081.25,22.95,5,52.94729359281246,High Risk,Failure,Failure,59.0,9.67,31.33,59.0,Inspect Immediately
MD03382,CT Scanner,UltraMed,Model-650,6,2,8801.93,10.45,3,31.82702885824648,Medium Risk,Risk to Failure,Risk to Failure,16.0,25.0,59.0,59.0,Schedule Preventive Maintenance
MD01581,X-Ray Machine,CardioSync,Model-450,8,2,26959.43,14.12,6,59.58152725791588,High Risk,Failure,Failure,59.0,6.33,34.67,59.0,Inspect Immediately
MD00147,X-Ray Machine,MedEquip,Model-300,8,5,13382.43,13.97,2,39.55167409275399,Medium Risk,Risk to Failure,Risk to Failure,17.0,24.0,59.0,59.0,Schedule Preventive Maintenance
MD01698,Infusion Pump,ImagingTech,Model-100,9,2,8962.43,5.73,0,25.53889811140699,Low Risk,Normal,Normal,2.67,59.0,38.33,59.0,Routine Monitoring
MD04795,MRI Scanner,ScanPro,Model-350,5,4,14405.62,18.02,5,46.083320907241685,Medium Risk,Failure,Failure,59.0,11.0,30.0,59.0,Inspect Immediately
MD04848,Infusion Pump,UltraMed,Model-650,3,3,14710.35,6.51,0,19.53780580682173,Low Risk,Normal,Risk to Failure,14.67,26.33,59.0,59.0,Schedule Preventive Maintenance
MD03046,X-Ray Machine,ImagingTech,Model-150,5,5,11558.28,12.97,1,29.344527988439097,Medium Risk,Normal,Risk to Failure,19.67,21.33,59.0,59.0,Schedule Preventive Maintenance
MD05252,MRI Scanner,MedEquip,Model-150,3,1,8058.94,2.25,0,10.757298287791698,Low Risk,Normal,Normal,0.67,59.0,40.33,59.0,Routine Monitoring
MD05171,MRI Scanner,ImagingTech,Model-150,8,3,9202.85,10.73,2,33.514097042902,Medium Risk,Risk to Failure,Risk to Failure,15.33,25.67,59.0,59.0,Schedule Preventive Maintenance
MD01898,X-Ray Machine,ImagingTech,Model-300,12,2,9802.79,9.85,0,35.411093132824526,Medium Risk,Normal,Risk to Failure,14.0,27.0,59.0,59.0,Schedule Preventive Maintenance
MD01335,PET Scanner,CardioSync,Model-500,3,4,22660.3,14.65,4,42.84808773240397,Medium Risk,Failure,Failure,59.0,4.0,37.0,59.0,Inspect Immediately
MD01126,CT Scanner,ScanPro,Model-500,10,5,11169.89,7.55,1,33.14632411649341,Medium Risk,Normal,Risk to Failure,10.67,30.33,59.0,59.0,Schedule Preventive Maintenance
MD00150,X-Ray Machine,UltraMed,Model-350,7,5,10450.47,10.53,2,32.42011977265408,Medium Risk,Risk to Failure,Risk to Failure,20.0,21.0,59.0,59.0,Schedule Preventive Maintenance
MD00519,PET Scanner,ScanPro,Model-650,2,3,8873.63,7.36,0,14.252473435226,Low Risk,Normal,Normal,4.67,59.0,36.33,59.0,Routine Monitoring
MD02540,MRI Scanner,ScanPro,Model-250,2,2,2693.71,2.24,0,5.021127445138161,Low Risk,Normal,Normal,7.33,58.67,34.0,58.67,Routine Monitoring
MD01224,X-Ray Machine,CardioSync,Model-250,5,5,14459.12,15.9,0,31.664169398405647,Medium Risk,Normal,Risk to Failure,19.0,22.33,58.67,58.67,Schedule Preventive Maintenance
MD05323,Defibrillator,ImagingTech,Model-650,1,4,8779.61,3.7,0,8.985252976717774,Low Risk,Normal,Normal,13.67,58.67,27.67,58.67,Routine Monitoring
MD03979,CT Scanner,MedEquip,Model-350,4,2,27836.5,28.46,5,63.6928492082881,High Risk,Failure,Failure,58.67,3.0,38.33,58.67,Inspect Immediately
MD05389,Infusion Pump,ScanPro,Model-500,6,5,8257.58,15.21,2,33.32700308949582,Medium Risk,Risk to Failure,Risk to Failure,17.33,24.0,58.67,58.67,Schedule Preventive Maintenance
MD05235,Infusion Pump,MedEquip,Model-250,12,3,27525.51,14.55,1,55.16383055543521,High Risk,Normal,Failure,58.67,12.0,29.33,58.67,Inspect Immediately
MD00470,Infusion Pump,MedEquip,Model-250,9,1,6130.34,7.61,1,27.71207740534976,Medium Risk,Normal,Normal,0.67,58.67,40.67,58.67,Routine Monitoring
MD01263,X-Ray Machine,ImagingTech,Model-350,5,3,14114.41,11.41,4,37.26586894925563,Medium Risk,Failure,Risk to Failure,21.67,19.67,58.67,58.67,Schedule Preventive Maintenance
MD02087,CT Scanner,UltraMed,Model-500,2,2,7792.46,7.68,4,23.760370813070036,Low Risk,Failure,Normal,6.33,58.67,35.0,58.67,Routine Monitoring
MD00930,Defibrillator,CardioSync,Model-400,10,4,8232.23,10.6,5,43.82325709874955,Medium Risk,Failure,Risk to Failure,12.0,29.33,58.67,58.67,Schedule Preventive Maintenance
MD04591,MRI Scanner,UltraMed,Model-550,2,2,15259.89,23.71,3,41.50668208047291,Medium Risk,Risk to Failure,Failure,58.67,6.67,34.67,58.67,Inspect Immediately
MD04950,MRI Scanner,ImagingTech,Model-200,4,3,7011.0,9.78,2,23.767069427867995,Low Risk,Risk to Failure,Risk to Failure,15.33,26.0,58.67,58.67,Schedule Preventive Maintenance
MD01946,PET Scanner,ImagingTech,Model-650,5,5,14037.54,15.62,1,33.59841333729466,Medium Risk,Normal,Risk to Failure,21.67,19.67,58.67,58.67,Schedule Preventive Maintenance
MD00230,X-Ray Machine,ImagingTech,Model-400,11,2,14777.65,31.93,8,77.61135473112007,High Risk,Failure,Failure,58.67,6.33,35.0,58.67,Inspect Immediately
MD05245,MRI Scanner,RescueTech,Model-600,8,1,20411.38,17.2,5,55.15587766526877,High Risk,Failure,Failure,58.67,6.33,35.0,58.67,Inspect Immediately
MD00882,Defibrillator,UltraMed,Model-150,2,1,12191.24,10.21,1,21.801854342404347,Low Risk,Normal,Risk to Failure,21.0,20.33,58.67,58.67,Schedule Preventive Maintenance
MD05476,PET Scanner,CardioSync,Model-300,3,2,11357.04,8.85,4,29.25613544701096,Medium Risk,Failure,Risk to Failure,18.33,23.0,58.67,58.67,Schedule Preventive Maintenance
MD00649,X-Ray Machine,MedEquip,Model-600,11,4,8484.16,13.79,1,38.77140706360275,Medium Risk,Normal,Risk to Failure,24.0,17.33,58.67,58.67,Schedule Preventive Maintenance
MD02459,Infusion Pump,ImagingTech,Model-250,6,2,8317.0,13.05,2,31.37521868924053,Medium Risk,Risk to Failure,Risk to Failure,13.67,27.67,58.67,58.67,Schedule Preventive Maintenance
MD02810,Defibrillator,ScanPro,Model-500,12,4,6161.3,13.7,0,36.31417827310331,Medium Risk,Normal,Risk to Failure,13.67,27.67,58.67,58.67,Schedule Preventive Maintenance
MD01647,Defibrillator,ImagingTech,Model-650,10,2,6088.39,10.42,3,37.09514057121551,Medium Risk,Risk to Failure,Risk to Failure,13.33,28.0,58.67,58.67,Schedule Preventive Maintenance
MD03842,MRI Scanner,MedEquip,Model-500,6,1,8556.45,3.47,0,17.701143992446653,Low Risk,Normal,Normal,1.33,58.33,40.33,58.33,Routine Monitoring
MD04203,MRI Scanner,ImagingTech,Model-550,7,4,15572.63,9.39,1,32.59883191505897,Medium Risk,Normal,Risk to Failure,15.67,26.0,58.33,58.33,Schedule Preventive Maintenance
MD02335,PET Scanner,ScanPro,Model-150,4,5,16120.59,15.91,5,43.56566144889309,Medium Risk,Failure,Failure,58.33,13.67,28.0,58.33,Inspect Immediately
MD00131,Defibrillator,MedEquip,Model-400,2,5,4245.16,0.98,0,4.987618444458351,Low Risk,Normal,Normal,0.33,58.33,41.33,58.33,Routine Monitoring
MD01476,X-Ray Machine,ImagingTech,Model-500,7,2,15508.41,10.67,1,33.73431147025278,Medium Risk,Normal,Risk to Failure,15.33,26.33,58.33,58.33,Schedule Preventive Maintenance
MD00034,CT Scanner,ScanPro,Model-600,6,3,15290.1,6.55,7,42.95166467131324,Medium Risk,Failure,Normal,15.67,58.33,26.0,58.33,Routine Monitoring
MD02446,CT Scanner,MedEquip,Model-450,11,4,7011.0,13.04,3,42.00542589898309,Medium Risk,Risk to Failure,Risk to Failure,6.0,35.67,58.33,58.33,Schedule Preventive Maintenance
MD02013,Defibrillator,CardioSync,Model-350,7,5,7640.85,7.19,4,32.28824065456059,Medium Risk,Failure,Normal,6.0,58.33,35.67,58.33,Routine Monitoring
MD05024,Infusion Pump,ScanPro,Model-250,12,2,13082.18,9.91,1,40.3556590264718,Medium Risk,Normal,Risk to Failure,8.67,33.0,58.33,58.33,Schedule Preventive Maintenance
MD03140,PET Scanner,UltraMed,Model-500,12,2,9157.96,13.13,3,45.47086919201847,Medium Risk,Risk to Failure,Risk to Failure,20.67,21.0,58.33,58.33,Schedule Preventive Maintenance
MD02222,X-Ray Machine,RescueTech,Model-100,10,3,18587.01,19.02,6,61.64416017733459,High Risk,Failure,Failure,58.33,2.33,39.33,58.33,Inspect Immediately
MD02715,CT Scanner,CardioSync,Model-350,9,1,12821.71,10.04,2,37.33142620779244,Medium Risk,Risk to Failure,Risk to Failure,18.67,23.0,58.33,58.33,Schedule Preventive Maintenance
MD04797,CT Scanner,MedEquip,Model-600,7,4,7011.0,14.59,3,36.164348872561234,Medium Risk,Risk to Failure,Risk to Failure,15.33,26.33,58.33,58.33,Schedule Preventive Maintenance
MD02394,PET Scanner,ImagingTech,Model-400,11,2,6019.33,3.13,0,24.629635445853648,Low Risk,Normal,Normal,0.33,58.33,41.33,58.33,Routine Monitoring
MD00853,PET Scanner,CardioSync,Model-500,5,2,13975.14,10.83,2,31.6286917308058,Medium Risk,Risk to Failure,Risk to Failure,24.0,17.67,58.33,58.33,Schedule Preventive Maintenance
MD02014,Infusion Pump,RescueTech,Model-650,8,4,5279.55,4.01,0,19.44894297698693,Low Risk,Normal,Normal,0.33,58.33,41.33,58.33,Routine Monitoring
MD02855,CT Scanner,ScanPro,Model-500,4,5,518.44,7.2,1,14.154013675583831,Low Risk,Normal,Normal,1.0,58.33,40.67,58.33,Routine Monitoring
MD01384,CT Scanner,ScanPro,Model-150,7,5,8159.09,9.16,2,29.48537740501826,Medium Risk,Risk to Failure,Risk to Failure,13.0,28.67,58.33,58.33,Schedule Preventive Maintenance
MD02708,Defibrillator,CardioSync,Model-200,6,3,12587.33,10.76,6,42.37115158056808,Medium Risk,Failure,Risk to Failure,19.0,22.67,58.33,58.33,Schedule Preventive Maintenance
MD04197,Infusion Pump,UltraMed,Model-350,9,5,11408.47,9.93,2,36.2002318064784,Medium Risk,Risk to Failure,Risk to Failure,10.0,31.67,58.33,58.33,Schedule Preventive Maintenance
MD01359,X-Ray Machine,MedEquip,Model-250,6,5,14749.11,8.92,1,29.74657446159329,Medium Risk,Normal,Risk to Failure,14.33,27.67,58.0,58.0,Schedule Preventive Maintenance
MD01496,Infusion Pump,UltraMed,Model-450,2,1,17516.9,31.38,6,57.73535025113944,High Risk,Failure,Failure,58.0,3.33,38.67,58.0,Inspect Immediately
MD01923,MRI Scanner,MedEquip,Model-500,5,2,11348.04,15.34,4,38.88040040528827,Medium Risk,Failure,Risk to Failure,24.67,17.33,58.0,58.0,Schedule Preventive Maintenance
MD04115,X-Ray Machine,CardioSync,Model-500,8,1,23517.92,17.18,2,49.900624828228544,High Risk,Risk to Failure,Failure,58.0,1.67,40.33,58.0,Inspect Immediately
MD05207,PET Scanner,CardioSync,Model-550,4,5,14892.24,22.21,5,48.489732204694754,High Risk,Failure,Failure,58.0,8.0,34.0,58.0,Inspect Immediately
MD02486,X-Ray Machine,RescueTech,Model-350,5,1,14815.36,14.84,3,38.44463831769364,Medium Risk,Risk to Failure,Risk to Failure,29.33,12.67,58.0,58.0,Schedule Preventive Maintenance
MD00392,X-Ray Machine,ScanPro,Model-250,8,3,5897.28,1.2,0,17.303536946388327,Low Risk,Normal,Normal,0.33,58.0,41.67,58.0,Routine Monitoring
MD04041,CT Scanner,CardioSync,Model-250,5,3,6054.44,12.72,5,35.10388198683665,Medium Risk,Failure,Risk to Failure,13.0,29.0,58.0,58.0,Schedule Preventive Maintenance
MD00288,Defibrillator,ScanPro,Model-350,8,3,10945.9,7.63,3,34.42066777097541,Medium Risk,Risk to Failure,Risk to Failure,14.0,28.0,58.0,58.0,Schedule Preventive Maintenance
MD03505,PET Scanner,CardioSync,Model-200,7,1,9259.67,9.47,2,30.57351742419453,Medium Risk,Risk to Failure,Risk to Failure,17.0,25.0,58.0,58.0,Schedule Preventive Maintenance
MD03163,Defibrillator,ScanPro,Model-600,11,2,8292.05,15.75,1,40.44179322092382,Medium Risk,Normal,Risk to Failure,22.0,20.0,58.0,58.0,Schedule Preventive Maintenance
MD00269,X-Ray Machine,CardioSync,Model-450,8,3,1782.39,7.94,0,20.53106905774988,Low Risk,Normal,Normal,6.67,58.0,35.33,58.0,Routine Monitoring
MD00644,PET Scanner,RescueTech,Model-300,4,3,12473.51,10.2,2,28.134624822925552,Medium Risk,Risk to Failure,Risk to Failure,21.0,21.0,58.0,58.0,Schedule Preventive Maintenance
MD05172,PET Scanner,RescueTech,Model-250,6,4,6721.94,10.23,2,27.60848341497617,Medium Risk,Risk to Failure,Risk to Failure,16.67,25.33,58.0,58.0,Schedule Preventive Maintenance
MD01121,Defibrillator,RescueTech,Model-400,3,5,5657.67,6.93,0,13.330551504071558,Low Risk,Normal,Normal,1.33,58.0,40.67,58.0,Routine Monitoring
MD03149,Defibrillator,CardioSync,Model-400,5,5,19542.78,15.35,4,44.85978372002033,Medium Risk,Failure,Failure,58.0,4.0,38.0,58.0,Inspect Immediately
MD00505,Infusion Pump,UltraMed,Model-400,4,4,11968.15,7.41,4,30.18948242806265,Medium Risk,Failure,Risk to Failure,12.0,30.0,58.0,58.0,Schedule Preventive Maintenance
MD00881,CT Scanner,MedEquip,Model-250,4,4,9258.59,10.63,6,36.18961372433783,Medium Risk,Failure,Risk to Failure,11.0,31.0,58.0,58.0,Schedule Preventive Maintenance
MD01749,PET Scanner,ImagingTech,Model-550,12,2,5569.64,1.98,0,25.05801068309724,Low Risk,Normal,Normal,0.0,58.0,42.0,58.0,Routine Monitoring
MD01648,MRI Scanner,CardioSync,Model-650,5,4,12225.29,13.33,2,32.66297977928939,Medium Risk,Risk to Failure,Risk to Failure,34.0,8.0,58.0,58.0,Schedule Preventive Maintenance
MD03983,X-Ray Machine,CardioSync,Model-250,11,1,6262.22,11.96,0,32.962377250910485,Medium Risk,Normal,Risk to Failure,17.33,24.67,58.0,58.0,Schedule Preventive Maintenance
MD00700,Infusion Pump,CardioSync,Model-350,4,4,3934.84,7.96,0,14.844947739223112,Low Risk,Normal,Normal,4.0,58.0,38.0,58.0,Routine Monitoring
MD03992,Defibrillator,CardioSync,Model-350,7,5,26604.29,15.61,4,53.88084539555099,High Risk,Failure,Failure,58.0,5.67,36.33,58.0,Inspect Immediately
MD05427,CT Scanner,RescueTech,Model-550,6,3,10081.77,10.43,4,35.24096292988707,Medium Risk,Failure,Risk to Failure,13.67,28.67,57.67,57.67,Schedule Preventive Maintenance
MD02569,Infusion Pump,ScanPro,Model-250,12,1,7299.09,7.29,1,33.72253049137823,Medium Risk,Normal,Normal,2.33,57.67,40.0,57.67,Routine Monitoring
MD03069,X-Ray Machine,ScanPro,Model-200,12,4,7763.21,0.85,0,25.61238183790568,Low Risk,Normal,Normal,1.0,57.67,41.33,57.67,Routine Monitoring
MD04550,X-Ray Machine,ScanPro,Model-400,5,5,13995.17,6.96,0,23.068776878030786,Low Risk,Normal,Risk to Failure,13.33,29.0,57.67,57.67,Schedule Preventive Maintenance
MD05144,CT Scanner,CardioSync,Model-600,3,4,8529.62,12.14,3,27.73505689629725,Medium Risk,Risk to Failure,Risk to Failure,17.67,24.67,57.67,57.67,Schedule Preventive Maintenance
MD03130,MRI Scanner,ImagingTech,Model-650,5,5,9659.06,9.29,2,27.061866831784062,Low Risk,Risk to Failure,Risk to Failure,21.0,21.33,57.67,57.67,Schedule Preventive Maintenance
MD01092,Defibrillator,CardioSync,Model-600,11,4,14426.48,13.74,1,43.05440706551201,Medium Risk,Normal,Risk to Failure,14.67,27.67,57.67,57.67,Schedule Preventive Maintenance
MD05244,PET Scanner,UltraMed,Model-650,11,4,15851.6,14.02,1,44.35127615539754,Medium Risk,Normal,Failure,57.67,13.0,29.33,57.67,Inspect Immediately
MD02294,MRI Scanner,MedEquip,Model-450,5,3,14981.0,9.31,3,33.457554071803415,Medium Risk,Risk to Failure,Risk to Failure,23.67,18.67,57.67,57.67,Schedule Preventive Maintenance
MD00594,Defibrillator,MedEquip,Model-250,2,1,7151.22,0.85,0,6.984708122197733,Low Risk,Normal,Normal,1.67,57.67,40.67,57.67,Routine Monitoring
MD02052,PET Scanner,ImagingTech,Model-100,6,3,16166.47,23.86,6,57.07843052158511,High Risk,Failure,Failure,57.67,4.33,38.0,57.67,Inspect Immediately
MD00554,Defibrillator,ImagingTech,Model-500,8,2,12100.9,7.87,1,30.483799439016472,Medium Risk,Normal,Risk to Failure,11.0,31.33,57.67,57.67,Schedule Preventive Maintenance
MD00038,MRI Scanner,ScanPro,Model-150,9,5,7011.0,6.14,1,26.99590955325985,Low Risk,Normal,Normal,1.0,57.67,41.33,57.67,Routine Monitoring
MD03891,Infusion Pump,MedEquip,Model-400,7,5,1544.03,3.62,0,14.549086087703015,Low Risk,Normal,Normal,0.33,57.67,42.0,57.67,Routine Monitoring
MD00281,Defibrillator,ImagingTech,Model-350,8,5,21059.54,19.25,7,62.52155718100618,High Risk,Failure,Failure,57.67,0.33,42.0,57.67,Inspect Immediately
MD05262,Infusion Pump,ScanPro,Model-100,9,1,19376.69,18.14,7,62.08847922098967,High Risk,Failure,Risk to Failure,41.33,1.0,57.67,57.67,Schedule Preventive Maintenance
MD04862,CT Scanner,MedEquip,Model-300,9,3,11714.21,8.01,4,39.64957478247028,Medium Risk,Failure,Risk to Failure,24.67,17.67,57.67,57.67,Schedule Preventive Maintenance
MD04083,CT Scanner,ScanPro,Model-400,2,2,17548.64,15.55,6,43.13716850216264,Medium Risk,Failure,Failure,57.67,16.0,26.33,57.67,Inspect Immediately
MD02816,CT Scanner,UltraMed,Model-600,6,5,12356.38,12.02,2,33.36668975247852,Medium Risk,Risk to Failure,Risk to Failure,14.67,27.67,57.67,57.67,Schedule Preventive Maintenance
MD00721,X-Ray Machine,UltraMed,Model-500,5,3,9516.75,11.38,2,28.888607874844563,Medium Risk,Risk to Failure,Risk to Failure,25.33,17.0,57.67,57.67,Schedule Preventive Maintenance
MD02126,Defibrillator,MedEquip,Model-300,3,5,4450.24,2.14,1,10.526636590551874,Low Risk,Normal,Normal,1.0,57.67,41.33,57.67,Routine Monitoring
MD05372,Infusion Pump,ScanPro,Model-500,4,5,8042.88,1.63,0,11.991119751116656,Low Risk,Normal,Normal,1.33,57.67,41.0,57.67,Routine Monitoring
MD02421,X-Ray Machine,UltraMed,Model-150,11,5,13959.52,16.0,1,44.80164924394881,Medium Risk,Normal,Risk to Failure,23.67,19.0,57.33,57.33,Schedule Preventive Maintenance
MD00508,Infusion Pump,RescueTech,Model-650,5,2,6172.17,6.55,0,16.99076067120118,Low Risk,Normal,Normal,4.67,57.33,38.0,57.33,Routine Monitoring
MD01680,CT Scanner,RescueTech,Model-400,8,4,1188.14,7.93,0,20.088901264143665,Low Risk,Normal,Normal,4.0,57.33,38.67,57.33,Routine Monitoring
MD04664,CT Scanner,MedEquip,Model-650,12,3,7327.73,12.44,1,38.50016910467854,Medium Risk,Normal,Risk to Failure,11.67,31.0,57.33,57.33,Schedule Preventive Maintenance
MD03958,Infusion Pump,CardioSync,Model-400,5,4,8557.4,15.66,4,37.14289073478424,Medium Risk,Failure,Risk to Failure,23.33,19.33,57.33,57.33,Schedule Preventive Maintenance
MD02399,CT Scanner,ScanPro,Model-650,12,4,8532.61,9.35,3,41.52390113329873,Medium Risk,Risk to Failure,Risk to Failure,9.33,33.33,57.33,57.33,Schedule Preventive Maintenance
MD01717,X-Ray Machine,ScanPro,Model-400,12,3,8436.71,14.5,0,38.710808119953775,Medium Risk,Normal,Risk to Failure,19.67,23.0,57.33,57.33,Schedule Preventive Maintenance
MD03695,Defibrillator,ImagingTech,Model-250,4,4,9410.18,14.32,2,29.70830342770654,Medium Risk,Risk to Failure,Risk to Failure,27.0,15.67,57.33,57.33,Schedule Preventive Maintenance
MD03379,X-Ray Machine,UltraMed,Model-350,11,4,10322.72,7.65,1,34.439678302369714,Medium Risk,Normal,Risk to Failure,12.0,30.67,57.33,57.33,Schedule Preventive Maintenance
MD04855,X-Ray Machine,CardioSync,Model-250,10,3,3223.7,7.23,1,27.06168788276106,Low Risk,Normal,Normal,0.67,57.33,42.0,57.33,Routine Monitoring
MD01439,X-Ray Machine,ImagingTech,Model-500,8,4,22036.36,15.59,4,52.35266190888923,High Risk,Failure,Failure,57.33,5.67,37.0,57.33,Inspect Immediately
MD00513,X-Ray Machine,ImagingTech,Model-650,11,3,14845.82,10.67,1,40.5243193877618,Medium Risk,Normal,Risk to Failure,21.33,21.33,57.33,57.33,Schedule Preventive Maintenance
MD04741,Defibrillator,ImagingTech,Model-550,11,1,7265.34,8.9,3,38.36682961559436,Medium Risk,Risk to Failure,Risk to Failure,13.33,29.33,57.33,57.33,Schedule Preventive Maintenance
MD02246,PET Scanner,MedEquip,Model-650,9,5,4622.64,6.55,0,23.134602626475218,Low Risk,Normal,Normal,0.33,57.33,42.33,57.33,Routine Monitoring
MD02613,Defibrillator,ScanPro,Model-200,2,5,960.72,7.61,1,11.21856064613664,Low Risk,Normal,Normal,1.33,57.33,41.33,57.33,Routine Monitoring
MD01672,PET Scanner,ScanPro,Model-650,8,1,13146.86,11.6,6,47.19101392518439,Medium Risk,Failure,Risk to Failure,22.0,20.67,57.33,57.33,Schedule Preventive Maintenance
MD05108,PET Scanner,RescueTech,Model-450,8,4,6553.27,13.82,4,39.43785191797217,Medium Risk,Failure,Risk to Failure,15.0,27.67,57.33,57.33,Schedule Preventive Maintenance
MD03084,CT Scanner,MedEquip,Model-550,5,5,20384.2,15.67,5,48.26835331620309,High Risk,Failure,Failure,57.33,6.67,36.0,57.33,Inspect Immediately
MD02814,Infusion Pump,UltraMed,Model-500,3,4,13004.42,14.47,4,35.64719451766709,Medium Risk,Failure,Risk to Failure,22.0,20.67,57.33,57.33,Schedule Preventive Maintenance
MD01196,Defibrillator,UltraMed,Model-250,8,5,14744.55,11.93,3,41.159788396626354,Medium Risk,Risk to Failure,Risk to Failure,17.33,25.33,57.33,57.33,Schedule Preventive Maintenance
MD04328,X-Ray Machine,RescueTech,Model-350,5,4,8721.72,7.93,0,20.12282511955629,Low Risk,Normal,Normal,14.33,57.33,28.33,57.33,Routine Monitoring
MD05446,Infusion Pump,MedEquip,Model-500,10,4,7011.0,15.09,1,37.080716987205214,Medium Risk,Normal,Risk to Failure,23.67,19.0,57.33,57.33,Schedule Preventive Maintenance
MD04714,X-Ray Machine,ImagingTech,Model-650,8,5,7857.63,7.3,1,26.865955062461907,Low Risk,Normal,Normal,4.33,57.33,38.33,57.33,Routine Monitoring
MD00998,X-Ray Machine,ScanPro,Model-250,10,4,4071.3,1.19,0,19.60037558272402,Low Risk,Normal,Risk to Failure,0.33,42.67,57.0,57.0,Schedule Preventive Maintenance
MD04113,CT Scanner,MedEquip,Model-150,3,3,7812.43,10.53,2,23.225490618159878,Low Risk,Risk to Failure,Risk to Failure,13.33,29.67,57.0,57.0,Schedule Preventive Maintenance
MD03073,Defibrillator,ImagingTech,Model-550,1,5,4185.85,6.55,0,8.270931707145754,Low Risk,Normal,Normal,0.33,57.0,42.67,57.0,Routine Monitoring
MD05346,Infusion Pump,UltraMed,Model-650,8,4,10560.24,15.72,3,41.6119919818528,Medium Risk,Risk to Failure,Risk to Failure,25.67,17.33,57.0,57.0,Schedule Preventive Maintenance
MD04133,PET Scanner,MedEquip,Model-300,1,4,26393.22,14.28,5,44.08953453534497,Medium Risk,Failure,Failure,57.0,8.33,34.67,57.0,Inspect Immediately
MD02129,CT Scanner,RescueTech,Model-350,6,4,11013.55,6.36,1,24.660559904302875,Low Risk,Normal,Risk to Failure,10.33,32.67,57.0,57.0,Schedule Preventive Maintenance
MD05368,Defibrillator,RescueTech,Model-650,9,5,7635.18,7.87,1,29.048552320774174,Medium Risk,Normal,Normal,2.67,57.0,40.33,57.0,Routine Monitoring
MD00533,X-Ray Machine,CardioSync,Model-650,9,4,8939.98,13.0,6,47.23744400052755,Medium Risk,Failure,Risk to Failure,11.33,31.67,57.0,57.0,Schedule Preventive Maintenance
MD04751,X-Ray Machine,RescueTech,Model-550,4,1,12476.29,10.35,1,25.77519694552612,Low Risk,Normal,Risk to Failure,21.0,22.0,57.0,57.0,Schedule Preventive Maintenance
MD02649,CT Scanner,ScanPro,Model-400,10,2,7011.0,24.31,8,63.09672683942196,High Risk,Failure,Failure,57.0,13.33,29.67,57.0,Inspect Immediately
MD05411,CT Scanner,ImagingTech,Model-100,11,4,8867.51,7.29,0,30.54699599825628,Medium Risk,Normal,Normal,2.0,57.0,41.0,57.0,Routine Monitoring
MD00688,X-Ray Machine,ScanPro,Model-300,12,2,14177.03,11.13,0,39.78014178710224,Medium Risk,Normal,Risk to Failure,17.33,25.67,57.0,57.0,Schedule Preventive Maintenance
MD01537,MRI Scanner,ImagingTech,Model-300,9,2,13630.53,11.82,2,39.5647677624647,Medium Risk,Risk to Failure,Failure,57.0,11.0,32.0,57.0,Inspect Immediately
MD05492,MRI Scanner,MedEquip,Model-550,8,2,8266.87,8.58,4,35.84636633398351,Medium Risk,Failure,Normal,13.67,57.0,29.33,57.0,Routine Monitoring
MD02454,Defibrillator,CardioSync,Model-300,10,2,7011.0,7.54,0,27.607194819717527,Medium Risk,Normal,Normal,7.0,57.0,36.0,57.0,Routine Monitoring
MD04604,Defibrillator,MedEquip,Model-350,4,1,23390.5,22.6,4,52.54122538635116,High Risk,Failure,Failure,57.0,2.33,40.67,57.0,Inspect Immediately
MD05029,Infusion Pump,MedEquip,Model-500,6,4,8231.27,0.52,0,14.739485605778452,Low Risk,Normal,Normal,4.33,57.0,38.67,57.0,Routine Monitoring
MD02190,CT Scanner,MedEquip,Model-100,10,4,20152.78,18.8,4,57.58167491680248,High Risk,Failure,Failure,57.0,1.0,42.0,57.0,Inspect Immediately
MD04468,X-Ray Machine,UltraMed,Model-600,2,5,7423.02,6.55,1,14.947501993508304,Low Risk,Normal,Normal,2.67,57.0,40.33,57.0,Routine Monitoring
MD03844,MRI Scanner,UltraMed,Model-100,9,4,12397.1,6.28,3,36.04917697432014,Medium Risk,Risk to Failure,Risk to Failure,12.67,30.67,56.67,56.67,Schedule Preventive Maintenance
MD03777,CT Scanner,ScanPro,Model-550,7,4,8095.66,14.86,0,29.7039448173575,Medium Risk,Normal,Risk to Failure,10.33,33.0,56.67,56.67,Schedule Preventive Maintenance
MD04988,MRI Scanner,ScanPro,Model-300,12,3,14587.61,14.5,2,48.19194801342024,High Risk,Risk to Failure,Risk to Failure,24.33,19.0,56.67,56.67,Schedule Preventive Maintenance
MD04902,PET Scanner,CardioSync,Model-500,4,5,12961.98,15.89,2,33.74603370678996,Medium Risk,Risk to Failure,Risk to Failure,17.0,26.33,56.67,56.67,Schedule Preventive Maintenance
MD01260,X-Ray Machine,UltraMed,Model-250,11,3,7976.25,8.16,3,38.201254197633446,Medium Risk,Risk to Failure,Risk to Failure,15.0,28.33,56.67,56.67,Schedule Preventive Maintenance
MD00231,MRI Scanner,UltraMed,Model-250,10,5,11693.83,8.64,3,39.53480562908227,Medium Risk,Risk to Failure,Risk to Failure,20.33,23.0,56.67,56.67,Schedule Preventive Maintenance
MD05169,MRI Scanner,RescueTech,Model-200,4,3,7011.0,8.7,0,17.769532482055187,Low Risk,Normal,Risk to Failure,14.67,28.67,56.67,56.67,Schedule Preventive Maintenance
MD04454,PET Scanner,MedEquip,Model-500,9,1,9150.94,11.49,5,43.49643110354105,Medium Risk,Failure,Risk to Failure,20.67,22.67,56.67,56.67,Schedule Preventive Maintenance
MD04882,X-Ray Machine,RescueTech,Model-450,5,1,24337.41,27.49,6,64.56588896761193,High Risk,Failure,Failure,56.67,1.67,41.67,56.67,Inspect Immediately
MD02822,MRI Scanner,ScanPro,Model-250,6,2,15636.5,8.91,4,37.88383181093456,Medium Risk,Failure,Risk to Failure,25.33,18.0,56.67,56.67,Schedule Preventive Maintenance
MD00800,MRI Scanner,ImagingTech,Model-250,7,1,6592.83,8.67,2,27.89171750654149,Medium Risk,Risk to Failure,Risk to Failure,9.67,33.67,56.67,56.67,Schedule Preventive Maintenance
MD05016,CT Scanner,RescueTech,Model-150,12,3,7810.36,8.97,1,35.646732216870866,Medium Risk,Normal,Risk to Failure,8.33,35.0,56.67,56.67,Schedule Preventive Maintenance
MD05007,X-Ray Machine,ScanPro,Model-150,2,2,25745.25,32.48,5,62.24599299324301,High Risk,Failure,Failure,56.67,6.33,37.0,56.67,Inspect Immediately
MD03703,X-Ray Machine,RescueTech,Model-350,6,3,9471.0,15.95,3,37.394518374987385,Medium Risk,Risk to Failure,Risk to Failure,24.0,19.67,56.33,56.33,Schedule Preventive Maintenance
MD01377,CT Scanner,RescueTech,Model-600,6,4,8913.57,9.38,3,30.92006190344419,Medium Risk,Risk to Failure,Risk to Failure,13.0,30.67,56.33,56.33,Schedule Preventive Maintenance
MD00111,MRI Scanner,MedEquip,Model-100,11,1,22056.61,21.93,4,63.67787150735553,High Risk,Failure,Failure,56.33,2.33,41.33,56.33,Inspect Immediately
MD05283,Infusion Pump,ScanPro,Model-400,10,4,12364.43,6.47,3,38.01905019695992,Medium Risk,Risk to Failure,Risk to Failure,17.0,26.67,56.33,56.33,Schedule Preventive Maintenance
MD04555,Defibrillator,CardioSync,Model-400,9,1,7052.75,14.36,1,34.618690380545644,Medium Risk,Normal,Risk to Failure,20.67,23.0,56.33,56.33,Schedule Preventive Maintenance
MD03808,X-Ray Machine,UltraMed,Model-200,2,2,8002.22,12.09,4,27.98646397082801,Medium Risk,Failure,Risk to Failure,19.33,24.33,56.33,56.33,Schedule Preventive Maintenance
MD02055,Infusion Pump,CardioSync,Model-100,7,2,14131.94,6.82,3,34.175471767256504,Medium Risk,Risk to Failure,Risk to Failure,20.0,23.67,56.33,56.33,Schedule Preventive Maintenance
MD03866,Defibrillator,ScanPro,Model-500,6,4,10710.16,9.92,1,27.72770730837728,Medium Risk,Normal,Risk to Failure,13.0,30.67,56.33,56.33,Schedule Preventive Maintenance
MD04983,Infusion Pump,ScanPro,Model-400,8,2,7468.54,10.72,6,42.24135675633616,Medium Risk,Failure,Risk to Failure,15.33,28.33,56.33,56.33,Schedule Preventive Maintenance
MD02717,MRI Scanner,RescueTech,Model-500,12,1,12029.81,9.4,4,46.61791256828075,Medium Risk,Failure,Risk to Failure,9.33,34.33,56.33,56.33,Schedule Preventive Maintenance
MD03745,PET Scanner,MedEquip,Model-250,12,5,3038.54,6.34,0,27.241111825311712,Medium Risk,Normal,Normal,1.0,56.33,42.67,56.33,Routine Monitoring
MD00403,MRI Scanner,MedEquip,Model-400,12,1,7875.58,5.02,0,29.5458481907693,Medium Risk,Normal,Normal,2.0,56.33,41.67,56.33,Routine Monitoring
MD00289,X-Ray Machine,MedEquip,Model-250,4,2,13727.55,11.28,2,30.04577256910948,Medium Risk,Risk to Failure,Risk to Failure,26.0,17.67,56.33,56.33,Schedule Preventive Maintenance
MD00902,X-Ray Machine,MedEquip,Model-200,11,4,20516.0,32.29,5,74.62445023058736,High Risk,Failure,Failure,56.33,2.33,41.33,56.33,Inspect Immediately
MD02857,CT Scanner,ScanPro,Model-650,9,3,13492.82,10.78,2,38.50385020979285,Medium Risk,Risk to Failure,Risk to Failure,9.33,34.33,56.33,56.33,Schedule Preventive Maintenance
MD02312,Defibrillator,RescueTech,Model-200,8,5,7032.51,10.54,3,34.25743791067972,Medium Risk,Risk to Failure,Risk to Failure,9.33,34.33,56.33,56.33,Schedule Preventive Maintenance
MD00386,Infusion Pump,ScanPro,Model-350,5,5,12085.57,11.99,5,38.82350427718155,Medium Risk,Failure,Risk to Failure,22.67,21.0,56.33,56.33,Schedule Preventive Maintenance
MD00596,Defibrillator,ScanPro,Model-650,5,2,14675.09,9.21,2,30.64232369823038,Medium Risk,Risk to Failure,Risk to Failure,27.0,16.67,56.33,56.33,Schedule Preventive Maintenance
MD03490,MRI Scanner,ImagingTech,Model-100,2,2,7324.59,12.61,4,27.97308303047624,Medium Risk,Failure,Risk to Failure,11.67,32.0,56.33,56.33,Schedule Preventive Maintenance
MD04134,MRI Scanner,RescueTech,Model-200,10,3,9060.6,11.14,0,32.4255212964362,Medium Risk,Normal,Risk to Failure,8.0,35.67,56.33,56.33,Schedule Preventive Maintenance
MD04919,CT Scanner,ImagingTech,Model-200,11,3,9624.39,11.67,2,40.143975328527766,Medium Risk,Risk to Failure,Risk to Failure,17.33,26.33,56.33,56.33,Schedule Preventive Maintenance
MD02985,X-Ray Machine,CardioSync,Model-150,2,1,12333.75,13.63,1,25.06454472043324,Low Risk,Normal,Risk to Failure,21.67,22.0,56.33,56.33,Schedule Preventive Maintenance
MD04794,X-Ray Machine,ScanPro,Model-450,4,3,13050.1,10.75,1,26.562695178674115,Low Risk,Normal,Risk to Failure,31.0,12.67,56.33,56.33,Schedule Preventive Maintenance
MD04955,MRI Scanner,MedEquip,Model-200,8,2,7756.71,11.76,2,33.41188953740888,Medium Risk,Risk to Failure,Risk to Failure,22.0,21.67,56.33,56.33,Schedule Preventive Maintenance
MD01742,MRI Scanner,UltraMed,Model-600,11,4,6776.1,13.28,1,37.05596813492006,Medium Risk,Normal,Risk to Failure,21.33,22.67,56.0,56.0,Schedule Preventive Maintenance
MD00337,X-Ray Machine,UltraMed,Model-650,11,2,7746.94,15.73,1,40.02618913577734,Medium Risk,Normal,Risk to Failure,16.33,27.67,56.0,56.0,Schedule Preventive Maintenance
MD02186,Defibrillator,ImagingTech,Model-350,10,1,9589.11,10.38,3,39.60858836712438,Medium Risk,Risk to Failure,Risk to Failure,34.67,9.33,56.0,56.0,Schedule Preventive Maintenance
MD03498,Infusion Pump,MedEquip,Model-450,6,3,6886.17,12.47,3,32.297096074051105,Medium Risk,Risk to Failure,Risk to Failure,23.67,20.33,56.0,56.0,Schedule Preventive Maintenance
MD00162,CT Scanner,UltraMed,Model-200,12,3,11637.56,8.73,3,43.21330273505111,Medium Risk,Risk to Failure,Risk to Failure,21.0,23.0,56.0,56.0,Schedule Preventive Maintenance
MD05388,X-Ray Machine,MedEquip,Model-650,3,3,13158.57,11.58,2,28.09016306122622,Medium Risk,Risk to Failure,Risk to Failure,19.67,24.33,56.0,56.0,Schedule Preventive Maintenance
MD00443,MRI Scanner,RescueTech,Model-400,6,4,13454.49,13.57,3,38.098350489673805,Medium Risk,Risk to Failure,Risk to Failure,22.33,21.67,56.0,56.0,Schedule Preventive Maintenance
MD03115,MRI Scanner,UltraMed,Model-550,7,3,10479.24,12.19,1,31.474330927889092,Medium Risk,Normal,Risk to Failure,12.0,32.0,56.0,56.0,Schedule Preventive Maintenance
MD04970,CT Scanner,ScanPro,Model-600,9,3,7816.63,12.78,0,31.2158433405712,Medium Risk,Normal,Risk to Failure,21.0,23.0,56.0,56.0,Schedule Preventive Maintenance
MD02994,Defibrillator,ScanPro,Model-250,12,4,8373.21,5.08,0,29.963807293532422,Medium Risk,Normal,Normal,19.0,56.0,25.0,56.0,Routine Monitoring
MD02645,X-Ray Machine,CardioSync,Model-650,11,1,14273.57,8.45,1,38.05692318492381,Medium Risk,Normal,Risk to Failure,11.33,32.67,56.0,56.0,Schedule Preventive Maintenance
MD03709,CT Scanner,ImagingTech,Model-250,7,1,20225.76,22.34,2,50.45000230841371,High Risk,Risk to Failure,Failure,56.0,1.67,42.33,56.0,Inspect Immediately
MD03687,X-Ray Machine,UltraMed,Model-200,7,4,8336.33,13.26,2,33.40144858723842,Medium Risk,Risk to Failure,Risk to Failure,24.0,20.0,56.0,56.0,Schedule Preventive Maintenance
MD03881,CT Scanner,UltraMed,Model-300,3,2,7011.0,7.61,0,14.944577264858593,Low Risk,Normal,Normal,12.0,56.0,32.0,56.0,Routine Monitoring
MD01508,Infusion Pump,UltraMed,Model-350,4,5,11573.74,15.71,2,32.56839748352086,Medium Risk,Risk to Failure,Risk to Failure,25.0,19.0,56.0,56.0,Schedule Preventive Maintenance
MD03041,Defibrillator,ImagingTech,Model-650,5,4,8174.52,14.56,2,30.847939777621804,Medium Risk,Risk to Failure,Risk to Failure,9.0,35.0,56.0,56.0,Schedule Preventive Maintenance
MD00140,PET Scanner,MedEquip,Model-350,9,4,17224.26,32.03,7,73.34979424141042,High Risk,Failure,Failure,56.0,19.0,25.0,56.0,Inspect Immediately
MD03437,Defibrillator,RescueTech,Model-400,6,2,8092.26,8.28,1,24.30569977661674,Low Risk,Normal,Risk to Failure,12.67,31.33,56.0,56.0,Schedule Preventive Maintenance
MD01215,Defibrillator,ScanPro,Model-150,7,3,7081.83,13.07,4,37.312010050381424,Medium Risk,Failure,Risk to Failure,12.0,32.33,55.67,55.67,Schedule Preventive Maintenance
MD01931,Defibrillator,ScanPro,Model-350,6,1,6996.57,7.56,0,20.34242770750941,Low Risk,Normal,Normal,24.33,55.67,20.0,55.67,Routine Monitoring
MD02224,Infusion Pump,RescueTech,Model-500,4,1,5728.51,5.28,1,16.176327893788137,Low Risk,Normal,Normal,0.0,55.67,44.33,55.67,Routine Monitoring
MD03847,Defibrillator,RescueTech,Model-550,9,4,6940.62,11.69,3,37.070866856142,Medium Risk,Risk to Failure,Risk to Failure,11.33,33.0,55.67,55.67,Schedule Preventive Maintenance
MD02980,X-Ray Machine,UltraMed,Model-100,8,4,8237.36,7.66,1,27.475113600520736,Medium Risk,Normal,Normal,6.0,55.67,38.33,55.67,Routine Monitoring
MD03838,PET Scanner,MedEquip,Model-250,9,2,11297.69,15.14,1,38.43171692615224,Medium Risk,Normal,Risk to Failure,32.0,12.33,55.67,55.67,Schedule Preventive Maintenance
MD01591,Infusion Pump,CardioSync,Model-400,10,1,8936.9,10.2,1,33.96717503738114,Medium Risk,Normal,Failure,55.67,15.33,29.0,55.67,Inspect Immediately
MD01273,X-Ray Machine,ScanPro,Model-450,9,2,11086.67,6.33,4,37.64066640666415,Medium Risk,Failure,Risk to Failure,17.0,27.33,55.67,55.67,Schedule Preventive Maintenance
MD02165,X-Ray Machine,ImagingTech,Model-500,3,4,24230.62,19.15,7,55.6485232129854,High Risk,Failure,Failure,55.67,4.33,40.0,55.67,Inspect Immediately
MD03527,MRI Scanner,CardioSync,Model-500,4,4,13883.51,15.56,2,34.11259670505463,Medium Risk,Risk to Failure,Risk to Failure,17.67,27.0,55.33,55.33,Schedule Preventive Maintenance
MD02899,X-Ray Machine,ScanPro,Model-350,9,4,14175.26,11.27,1,36.95361717217189,Medium Risk,Normal,Risk to Failure,25.67,19.0,55.33,55.33,Schedule Preventive Maintenance
MD00904,X-Ray Machine,ImagingTech,Model-100,2,4,8870.12,2.34,1,12.11321677343243,Low Risk,Normal,Normal,1.67,55.33,43.0,55.33,Routine Monitoring
MD00991,MRI Scanner,CardioSync,Model-500,10,4,20163.46,29.92,6,72.86039162070958,High Risk,Failure,Risk to Failure,42.33,2.33,55.33,55.33,Schedule Preventive Maintenance
MD00758,Infusion Pump,RescueTech,Model-350,5,2,12440.78,6.55,1,24.057656303967576,Low Risk,Normal,Risk to Failure,23.67,21.0,55.33,55.33,Schedule Preventive Maintenance
MD00050,X-Ray Machine,CardioSync,Model-600,11,1,13639.55,9.28,3,43.36164366237335,Medium Risk,Risk to Failure,Risk to Failure,18.0,26.67,55.33,55.33,Schedule Preventive Maintenance
MD02787,CT Scanner,MedEquip,Model-550,6,2,10141.71,8.0,4,33.040173130868126,Medium Risk,Failure,Risk to Failure,17.33,27.33,55.33,55.33,Schedule Preventive Maintenance
MD03458,X-Ray Machine,MedEquip,Model-650,3,2,14857.82,15.24,3,35.208666363827945,Medium Risk,Risk to Failure,Risk to Failure,25.0,19.67,55.33,55.33,Schedule Preventive Maintenance
MD04484,CT Scanner,ScanPro,Model-600,7,1,10368.85,14.83,2,36.33233170292368,Medium Risk,Risk to Failure,Risk to Failure,20.33,24.33,55.33,55.33,Schedule Preventive Maintenance
MD03219,X-Ray Machine,UltraMed,Model-300,5,4,15096.39,9.49,2,31.207875769816237,Medium Risk,Risk to Failure,Risk to Failure,27.67,17.0,55.33,55.33,Schedule Preventive Maintenance
MD03645,Defibrillator,ScanPro,Model-100,11,3,9925.66,15.5,4,48.90102234859062,High Risk,Failure,Risk to Failure,19.33,25.33,55.33,55.33,Schedule Preventive Maintenance
MD05134,Infusion Pump,CardioSync,Model-650,6,5,7611.46,2.63,0,16.236824561480958,Low Risk,Normal,Normal,0.33,55.33,44.33,55.33,Routine Monitoring
MD03796,Defibrillator,CardioSync,Model-150,7,2,10721.78,13.0,3,37.399182278059214,Medium Risk,Risk to Failure,Risk to Failure,23.0,21.67,55.33,55.33,Schedule Preventive Maintenance
MD02768,X-Ray Machine,RescueTech,Model-250,11,3,9420.43,15.6,1,41.12530963851957,Medium Risk,Normal,Risk to Failure,22.0,22.67,55.33,55.33,Schedule Preventive Maintenance
MD02823,X-Ray Machine,UltraMed,Model-350,12,4,7510.15,8.44,2,37.4384869995177,Medium Risk,Risk to Failure,Risk to Failure,13.0,31.67,55.33,55.33,Schedule Preventive Maintenance
MD05319,Defibrillator,RescueTech,Model-400,10,3,11104.99,8.15,2,36.153229450820746,Medium Risk,Risk to Failure,Risk to Failure,26.33,18.33,55.33,55.33,Schedule Preventive Maintenance
MD01305,PET Scanner,MedEquip,Model-200,3,3,14363.35,9.39,0,21.945103024621915,Low Risk,Normal,Risk to Failure,13.0,31.67,55.33,55.33,Schedule Preventive Maintenance
MD01454,Infusion Pump,ScanPro,Model-650,5,4,15689.04,11.36,4,38.36685820455959,Medium Risk,Failure,Failure,55.33,12.0,32.67,55.33,Inspect Immediately
MD04995,Defibrillator,MedEquip,Model-350,7,5,7011.0,6.38,2,26.081220793743498,Low Risk,Risk to Failure,Normal,17.67,55.33,27.0,55.33,Routine Monitoring
MD04786,MRI Scanner,ScanPro,Model-450,9,5,15096.62,14.7,1,40.79296272359433,Medium Risk,Normal,Risk to Failure,28.67,16.0,55.33,55.33,Schedule Preventive Maintenance
MD04364,Infusion Pump,ImagingTech,Model-250,5,1,7937.32,15.63,2,31.663432001080118,Medium Risk,Risk to Failure,Risk to Failure,22.0,23.0,55.0,55.0,Schedule Preventive Maintenance
MD05021,Infusion Pump,CardioSync,Model-400,9,5,7011.0,7.25,0,25.52115585867857,Low Risk,Normal,Risk to Failure,2.67,42.33,55.0,55.0,Schedule Preventive Maintenance
MD02866,Infusion Pump,UltraMed,Model-400,10,2,9979.76,9.83,5,44.38518525528429,Medium Risk,Failure,Risk to Failure,25.0,20.0,55.0,55.0,Schedule Preventive Maintenance
MD01996,Defibrillator,ScanPro,Model-450,7,3,17425.69,20.93,10,67.10771615817575,High Risk,Failure,Failure,55.0,3.67,41.33,55.0,Inspect Immediately
MD02434,X-Ray Machine,RescueTech,Model-550,10,3,7011.0,6.56,1,29.202022405924424,Medium Risk,Normal,Normal,0.33,55.0,44.67,55.0,Routine Monitoring
MD05200,PET Scanner,RescueTech,Model-650,11,2,25875.23,18.28,4,63.08856066178642,High Risk,Failure,Failure,55.0,8.67,36.33,55.0,Inspect Immediately
MD00218,PET Scanner,RescueTech,Model-200,5,4,11287.03,12.44,5,38.65738111625734,Medium Risk,Failure,Risk to Failure,21.0,24.0,55.0,55.0,Schedule Preventive Maintenance
MD00719,CT Scanner,RescueTech,Model-400,8,3,9755.95,7.56,3,33.48909354342653,Medium Risk,Risk to Failure,Risk to Failure,17.0,28.0,55.0,55.0,Schedule Preventive Maintenance
MD03859,CT Scanner,RescueTech,Model-550,10,5,7011.0,14.55,2,39.08194851429881,Medium Risk,Risk to Failure,Risk to Failure,7.67,37.33,55.0,55.0,Schedule Preventive Maintenance
MD03636,CT Scanner,ImagingTech,Model-500,1,4,14659.5,15.69,2,29.34346025503389,Medium Risk,Risk to Failure,Risk to Failure,24.67,20.33,55.0,55.0,Schedule Preventive Maintenance
MD00451,CT Scanner,ImagingTech,Model-100,6,1,20871.69,29.38,3,58.10486552289164,High Risk,Risk to Failure,Failure,55.0,1.0,44.0,55.0,Inspect Immediately
MD01568,Defibrillator,CardioSync,Model-150,6,3,14538.42,8.97,2,32.13926189527707,Medium Risk,Risk to Failure,Risk to Failure,26.33,18.67,55.0,55.0,Schedule Preventive Maintenance
MD02709,CT Scanner,RescueTech,Model-150,6,3,11380.11,12.71,1,30.79275911732034,Medium Risk,Normal,Risk to Failure,28.0,17.0,55.0,55.0,Schedule Preventive Maintenance
MD02734,CT Scanner,CardioSync,Model-550,9,2,15737.4,29.03,4,61.995630190296026,High Risk,Failure,Failure,55.0,0.67,44.33,55.0,Inspect Immediately
MD03897,Infusion Pump,ScanPro,Model-300,4,2,14227.11,14.4,2,33.291492422330975,Medium Risk,Risk to Failure,Risk to Failure,21.33,23.67,55.0,55.0,Schedule Preventive Maintenance
MD05105,Infusion Pump,MedEquip,Model-150,9,2,12412.89,10.44,1,34.90304505848958,Medium Risk,Normal,Risk to Failure,28.0,17.0,55.0,55.0,Schedule Preventive Maintenance
MD00689,Infusion Pump,RescueTech,Model-250,2,2,6733.85,7.67,0,12.97990096270301,Low Risk,Normal,Normal,14.67,55.0,30.33,55.0,Routine Monitoring
MD02559,Infusion Pump,RescueTech,Model-250,9,1,8890.98,7.51,2,32.13093302574666,Medium Risk,Risk to Failure,Normal,9.33,55.0,35.67,55.0,Routine Monitoring
MD03868,MRI Scanner,ImagingTech,Model-600,7,4,7201.95,13.11,1,29.936467369473466,Medium Risk,Normal,Risk to Failure,32.33,12.67,55.0,55.0,Schedule Preventive Maintenance
MD05272,Defibrillator,ScanPro,Model-200,4,2,17022.91,6.55,6,38.07771206728595,Medium Risk,Failure,Failure,55.0,21.33,23.67,55.0,Inspect Immediately
MD03596,MRI Scanner,UltraMed,Model-300,12,3,15368.65,8.34,4,48.071307050698216,High Risk,Failure,Risk to Failure,29.33,15.67,55.0,55.0,Schedule Preventive Maintenance
MD00120,X-Ray Machine,ScanPro,Model-400,3,2,6512.4,1.07,0,8.540689809220819,Low Risk,Normal,Normal,0.67,54.67,44.67,54.67,Routine Monitoring
MD02137,MRI Scanner,ImagingTech,Model-300,3,2,20378.28,26.79,6,57.39861271904197,High Risk,Failure,Failure,54.67,3.33,42.0,54.67,Inspect Immediately
MD03865,PET Scanner,ScanPro,Model-450,10,4,14946.95,8.7,2,39.4602329340675,Medium Risk,Risk to Failure,Failure,54.67,31.0,14.33,54.67,Inspect Immediately
MD03484,MRI Scanner,ImagingTech,Model-350,3,5,25596.6,15.09,6,50.39368611137056,High Risk,Failure,Failure,54.67,7.67,37.67,54.67,Inspect Immediately
MD02249,MRI Scanner,UltraMed,Model-450,7,4,7153.27,13.48,3,35.24275110193311,Medium Risk,Risk to Failure,Risk to Failure,19.0,26.33,54.67,54.67,Schedule Preventive Maintenance
MD01799,X-Ray Machine,CardioSync,Model-350,2,2,11429.38,8.14,2,21.83486760237665,Low Risk,Risk to Failure,Risk to Failure,20.33,25.0,54.67,54.67,Schedule Preventive Maintenance
MD04871,Defibrillator,UltraMed,Model-250,4,3,15114.96,7.63,1,25.185242532788664,Low Risk,Normal,Risk to Failure,22.0,23.33,54.67,54.67,Schedule Preventive Maintenance
MD00817,Defibrillator,ImagingTech,Model-550,6,4,8167.45,10.96,0,24.335847707584524,Low Risk,Normal,Risk to Failure,11.33,34.0,54.67,54.67,Schedule Preventive Maintenance
MD04522,X-Ray Machine,CardioSync,Model-500,8,5,14469.99,11.21,3,40.29473746600642,Medium Risk,Risk to Failure,Risk to Failure,15.0,30.33,54.67,54.67,Schedule Preventive Maintenance
MD00589,CT Scanner,RescueTech,Model-100,11,5,10356.69,12.03,1,38.5099931054361,Medium Risk,Normal,Risk to Failure,7.67,37.67,54.67,54.67,Schedule Preventive Maintenance
MD04953,Infusion Pump,RescueTech,Model-300,7,3,13734.81,6.25,3,33.359671220037015,Medium Risk,Risk to Failure,Risk to Failure,15.0,30.33,54.67,54.67,Schedule Preventive Maintenance
MD04860,Defibrillator,UltraMed,Model-500,2,1,25975.79,23.15,2,46.29633838839489,Medium Risk,Risk to Failure,Failure,54.67,5.67,39.67,54.67,Inspect Immediately
MD03637,Infusion Pump,MedEquip,Model-400,9,1,3881.58,7.72,0,23.675380231467617,Low Risk,Normal,Normal,3.0,54.67,42.33,54.67,Routine Monitoring
MD01372,MRI Scanner,ScanPro,Model-600,6,4,8971.21,15.49,2,34.1055275106658,Medium Risk,Risk to Failure,Risk to Failure,26.33,19.0,54.67,54.67,Schedule Preventive Maintenance
MD03511,PET Scanner,MedEquip,Model-200,3,4,12065.38,9.94,1,23.27895863258349,Low Risk,Normal,Risk to Failure,21.67,23.67,54.67,54.67,Schedule Preventive Maintenance
MD02699,PET Scanner,UltraMed,Model-350,2,2,8795.37,12.02,2,23.49964555506819,Low Risk,Risk to Failure,Risk to Failure,10.0,35.33,54.67,54.67,Schedule Preventive Maintenance
MD04982,Defibrillator,ImagingTech,Model-150,3,3,10930.11,10.7,3,28.153846260921508,Medium Risk,Risk to Failure,Risk to Failure,18.67,26.67,54.67,54.67,Schedule Preventive Maintenance
MD03598,Defibrillator,UltraMed,Model-200,3,2,15560.96,14.86,6,42.86994255181539,Medium Risk,Failure,Risk to Failure,33.33,12.33,54.33,54.33,Schedule Preventive Maintenance
MD05049,Defibrillator,ScanPro,Model-300,8,2,12353.76,11.61,2,36.62245004843329,Medium Risk,Risk to Failure,Risk to Failure,15.67,30.0,54.33,54.33,Schedule Preventive Maintenance
MD03047,Infusion Pump,RescueTech,Model-400,8,2,5601.22,7.4,0,22.814448150137423,Low Risk,Normal,Risk to Failure,1.67,44.0,54.33,54.33,Schedule Preventive Maintenance
MD03988,MRI Scanner,ImagingTech,Model-350,11,2,7872.78,6.5,1,31.59262155122773,Medium Risk,Normal,Normal,12.0,54.33,33.67,54.33,Routine Monitoring
MD04427,Infusion Pump,MedEquip,Model-600,9,2,14097.99,28.87,5,63.153480984042,High Risk,Failure,Failure,54.33,16.0,29.67,54.33,Inspect Immediately
MD04657,CT Scanner,CardioSync,Model-250,5,1,23789.74,14.08,5,49.28080899794005,High Risk,Failure,Failure,54.33,3.0,42.67,54.33,Inspect Immediately
MD02477,X-Ray Machine,ImagingTech,Model-600,7,3,3905.82,4.84,0,17.396577737541282,Low Risk,Normal,Normal,5.33,54.33,40.33,54.33,Routine Monitoring
MD04734,Infusion Pump,UltraMed,Model-650,6,2,25799.83,28.02,6,67.93902552461297,High Risk,Failure,Failure,54.33,4.0,41.67,54.33,Inspect Immediately
MD03199,X-Ray Machine,UltraMed,Model-150,8,3,8458.05,15.65,2,37.51581988140469,Medium Risk,Risk to Failure,Risk to Failure,22.0,23.67,54.33,54.33,Schedule Preventive Maintenance
MD00358,Defibrillator,ImagingTech,Model-300,6,5,8630.15,7.13,1,23.6353788215202,Low Risk,Normal,Normal,5.33,54.33,40.33,54.33,Routine Monitoring
MD01657,Defibrillator,RescueTech,Model-500,5,5,6145.94,12.11,3,29.60711920419544,Medium Risk,Risk to Failure,Risk to Failure,11.33,34.33,54.33,54.33,Schedule Preventive Maintenance
MD02523,PET Scanner,RescueTech,Model-300,7,2,10604.7,9.4,3,33.98876236248148,Medium Risk,Risk to Failure,Risk to Failure,28.33,17.33,54.33,54.33,Schedule Preventive Maintenance
MD03509,X-Ray Machine,ScanPro,Model-450,7,5,6860.94,12.09,0,26.245911757275085,Low Risk,Normal,Risk to Failure,23.0,22.67,54.33,54.33,Schedule Preventive Maintenance
MD02479,Defibrillator,ImagingTech,Model-300,12,5,15602.77,26.02,3,62.07192069615797,High Risk,Risk to Failure,Failure,54.33,8.33,37.33,54.33,Inspect Immediately
MD01614,Infusion Pump,UltraMed,Model-650,9,5,13859.3,15.99,3,46.08303547506421,Medium Risk,Risk to Failure,Risk to Failure,21.0,24.67,54.33,54.33,Schedule Preventive Maintenance
MD00312,Defibrillator,ImagingTech,Model-150,10,4,10956.84,7.44,0,30.389508958662358,Medium Risk,Normal,Risk to Failure,12.0,33.67,54.33,54.33,Schedule Preventive Maintenance
MD00497,Defibrillator,ImagingTech,Model-250,11,4,15813.54,26.35,4,63.21209494868872,High Risk,Failure,Risk to Failure,43.67,2.0,54.33,54.33,Schedule Preventive Maintenance
MD01193,PET Scanner,ScanPro,Model-250,2,5,9668.49,8.23,4,25.635127413622783,Low Risk,Failure,Normal,22.33,54.33,23.33,54.33,Routine Monitoring
MD05187,MRI Scanner,UltraMed,Model-450,3,5,9635.39,12.51,2,26.38239672624058,Low Risk,Risk to Failure,Risk to Failure,27.0,18.67,54.33,54.33,Schedule Preventive Maintenance
MD03574,CT Scanner,ImagingTech,Model-500,7,1,26641.03,32.04,5,71.5831043462226,High Risk,Failure,Failure,54.33,1.0,44.67,54.33,Inspect Immediately
MD01553,Infusion Pump,ImagingTech,Model-200,10,1,13555.06,9.71,6,49.37907549266591,High Risk,Failure,Risk to Failure,21.67,24.0,54.33,54.33,Schedule Preventive Maintenance
MD00475,X-Ray Machine,RescueTech,Model-500,7,1,11644.47,13.5,2,36.03321599154872,Medium Risk,Risk to Failure,Risk to Failure,30.0,15.67,54.33,54.33,Schedule Preventive Maintenance
MD00101,MRI Scanner,UltraMed,Model-650,5,3,14641.63,6.46,2,28.07792231943453,Medium Risk,Risk to Failure,Risk to Failure,18.33,27.33,54.33,54.33,Schedule Preventive Maintenance
MD00981,PET Scanner,UltraMed,Model-150,2,1,8706.7,13.13,3,26.96029274907985,Low Risk,Risk to Failure,Risk to Failure,17.0,28.67,54.33,54.33,Schedule Preventive Maintenance
MD02896,CT Scanner,MedEquip,Model-600,2,4,11757.69,8.17,4,27.101761965546917,Medium Risk,Failure,Risk to Failure,19.67,26.0,54.33,54.33,Schedule Preventive Maintenance
MD04386,X-Ray Machine,UltraMed,Model-300,11,4,25048.37,28.4,3,69.33345566376798,High Risk,Risk to Failure,Risk to Failure,43.67,2.0,54.33,54.33,Schedule Preventive Maintenance
MD03066,X-Ray Machine,RescueTech,Model-500,6,5,14684.26,7.42,1,28.313861050207755,Medium Risk,Normal,Normal,11.67,54.33,34.0,54.33,Routine Monitoring
MD04556,X-Ray Machine,UltraMed,Model-450,3,3,8890.1,11.62,4,30.017383272729447,Medium Risk,Failure,Risk to Failure,16.33,29.67,54.0,54.0,Schedule Preventive Maintenance
MD04445,MRI Scanner,ImagingTech,Model-300,6,4,11668.03,7.44,2,28.634907794445127,Medium Risk,Risk to Failure,Risk to Failure,19.67,26.33,54.0,54.0,Schedule Preventive Maintenance
MD02268,Infusion Pump,UltraMed,Model-600,8,1,10791.55,14.38,0,33.0428244565732,Medium Risk,Normal,Risk to Failure,31.67,14.33,54.0,54.0,Schedule Preventive Maintenance
MD00249,Infusion Pump,UltraMed,Model-200,4,3,15863.14,15.42,5,42.92551415897244,Medium Risk,Failure,Failure,54.0,5.0,41.0,54.0,Inspect Immediately
MD03116,Defibrillator,MedEquip,Model-100,6,3,14635.25,12.12,2,35.11928860289455,Medium Risk,Risk to Failure,Risk to Failure,27.67,18.33,54.0,54.0,Schedule Preventive Maintenance
MD01866,Defibrillator,RescueTech,Model-250,9,1,7011.0,27.51,5,56.73421004587068,High Risk,Failure,Risk to Failure,31.67,14.33,54.0,54.0,Schedule Preventive Maintenance
MD01841,MRI Scanner,CardioSync,Model-350,3,1,6703.71,10.67,1,20.047060726162904,Low Risk,Normal,Risk to Failure,10.67,35.33,54.0,54.0,Schedule Preventive Maintenance
MD03449,Defibrillator,CardioSync,Model-100,7,1,14169.85,14.58,2,38.8705781766212,Medium Risk,Risk to Failure,Risk to Failure,31.0,15.0,54.0,54.0,Schedule Preventive Maintenance
MD01164,X-Ray Machine,MedEquip,Model-550,8,2,12251.31,7.24,1,30.011481688992298,Medium Risk,Normal,Risk to Failure,17.67,28.33,54.0,54.0,Schedule Preventive Maintenance
MD03169,CT Scanner,RescueTech,Model-450,5,3,11694.11,10.42,2,29.58818919764905,Medium Risk,Risk to Failure,Risk to Failure,25.33,20.67,54.0,54.0,Schedule Preventive Maintenance
MD04546,Infusion Pump,ScanPro,Model-500,8,4,3501.41,7.95,0,21.792670059175155,Low Risk,Normal,Normal,9.0,54.0,37.0,54.0,Routine Monitoring
MD03728,Defibrillator,ImagingTech,Model-250,1,5,10510.34,6.54,4,22.86930136765556,Low Risk,Failure,Risk to Failure,18.67,27.33,54.0,54.0,Schedule Preventive Maintenance
MD01133,PET Scanner,RescueTech,Model-300,4,5,27774.13,29.04,4,61.68312482727792,High Risk,Failure,Failure,54.0,5.33,40.67,54.0,Inspect Immediately
MD01991,Defibrillator,UltraMed,Model-450,2,2,6368.28,7.34,0,12.408767825949926,Low Risk,Normal,Normal,6.67,54.0,39.33,54.0,Routine Monitoring
MD04391,Infusion Pump,UltraMed,Model-150,8,2,8867.93,13.97,2,36.26270726691478,Medium Risk,Risk to Failure,Risk to Failure,24.67,21.33,54.0,54.0,Schedule Preventive Maintenance
MD02612,CT Scanner,ImagingTech,Model-100,6,1,17853.45,17.87,3,45.27481737188021,Medium Risk,Risk to Failure,Failure,54.0,2.0,44.0,54.0,Inspect Immediately
MD01246,X-Ray Machine,ScanPro,Model-500,8,3,10561.37,13.9,3,39.93178074253491,Medium Risk,Risk to Failure,Risk to Failure,15.33,30.67,54.0,54.0,Schedule Preventive Maintenance
MD02317,PET Scanner,MedEquip,Model-650,4,5,6356.81,5.99,0,14.789853994857085,Low Risk,Normal,Normal,2.0,54.0,44.0,54.0,Routine Monitoring
MD03731,MRI Scanner,RescueTech,Model-650,4,5,14124.93,10.44,3,32.05941534835572,Medium Risk,Risk to Failure,Risk to Failure,17.67,28.33,54.0,54.0,Schedule Preventive Maintenance
MD01021,CT Scanner,UltraMed,Model-250,12,5,22402.75,24.92,5,71.00992759803805,High Risk,Failure,Failure,54.0,4.67,41.33,54.0,Inspect Immediately
MD03655,CT Scanner,UltraMed,Model-550,8,2,9518.23,7.02,2,30.317137963678057,Medium Risk,Risk to Failure,Risk to Failure,17.33,29.0,53.67,53.67,Schedule Preventive Maintenance
MD04655,Infusion Pump,CardioSync,Model-300,3,5,14643.1,18.85,7,48.38659514531925,High Risk,Failure,Failure,53.67,11.67,34.67,53.67,Inspect Immediately
MD03950,Defibrillator,MedEquip,Model-450,6,2,10672.01,14.67,1,32.0872290065132,Medium Risk,Normal,Risk to Failure,34.67,11.67,53.67,53.67,Schedule Preventive Maintenance
MD01762,MRI Scanner,UltraMed,Model-400,7,2,6900.9,8.77,2,28.208521513594143,Medium Risk,Risk to Failure,Risk to Failure,16.33,30.0,53.67,53.67,Schedule Preventive Maintenance
MD04759,PET Scanner,RescueTech,Model-550,3,4,9297.9,6.55,1,18.131597672013392,Low Risk,Normal,Risk to Failure,23.33,23.0,53.67,53.67,Schedule Preventive Maintenance
MD00942,Infusion Pump,ImagingTech,Model-350,2,3,21836.32,25.37,4,50.33108628629477,High Risk,Failure,Failure,53.67,2.0,44.33,53.67,Inspect Immediately
MD01906,Infusion Pump,UltraMed,Model-500,8,4,6676.66,13.38,2,34.12134178960963,Medium Risk,Risk to Failure,Risk to Failure,18.33,28.0,53.67,53.67,Schedule Preventive Maintenance
MD05356,CT Scanner,ScanPro,Model-300,1,1,12298.6,6.78,1,16.893784488156683,Low Risk,Normal,Risk to Failure,16.0,30.33,53.67,53.67,Schedule Preventive Maintenance
MD03307,MRI Scanner,UltraMed,Model-300,3,1,15357.9,11.64,2,29.747868503014843,Medium Risk,Risk to Failure,Risk to Failure,27.0,19.33,53.67,53.67,Schedule Preventive Maintenance
MD01152,MRI Scanner,CardioSync,Model-150,4,4,8924.96,15.44,3,32.88928690994364,Medium Risk,Risk to Failure,Risk to Failure,10.0,36.33,53.67,53.67,Schedule Preventive Maintenance
MD01934,MRI Scanner,MedEquip,Model-400,8,4,7539.55,9.27,1,28.45380424269345,Medium Risk,Normal,Risk to Failure,23.33,23.0,53.67,53.67,Schedule Preventive Maintenance
MD05003,Infusion Pump,ImagingTech,Model-250,3,1,16544.47,29.1,3,49.23917240380831,High Risk,Risk to Failure,Failure,53.67,6.33,40.0,53.67,Inspect Immediately
MD04170,X-Ray Machine,RescueTech,Model-550,3,1,8803.92,14.1,1,24.74523860511675,Low Risk,Normal,Risk to Failure,13.33,33.0,53.67,53.67,Schedule Preventive Maintenance
MD02085,X-Ray Machine,CardioSync,Model-200,5,1,15152.61,18.42,2,39.49698666168746,Medium Risk,Risk to Failure,Failure,53.67,6.0,40.33,53.67,Inspect Immediately
MD04406,MRI Scanner,ScanPro,Model-300,11,1,21486.16,32.31,2,67.84971770023334,High Risk,Risk to Failure,Failure,53.67,0.67,45.67,53.67,Inspect Immediately
MD00069,MRI Scanner,ScanPro,Model-550,12,3,27795.15,17.22,6,70.3264054730691,High Risk,Failure,Failure,53.67,9.33,37.0,53.67,Inspect Immediately
MD02320,Infusion Pump,UltraMed,Model-400,7,1,8070.4,6.55,1,24.51004943721655,Low Risk,Normal,Normal,12.0,53.67,34.33,53.67,Routine Monitoring
MD01542,CT Scanner,MedEquip,Model-300,6,1,6730.58,7.54,1,22.630172037564662,Low Risk,Normal,Normal,6.67,53.67,39.67,53.67,Routine Monitoring
MD03642,PET Scanner,ScanPro,Model-200,3,5,15632.26,13.44,5,39.11031067264392,Medium Risk,Failure,Failure,53.67,25.33,21.0,53.67,Inspect Immediately
MD00738,CT Scanner,RescueTech,Model-550,12,4,8092.63,8.77,0,33.167646450190986,Medium Risk,Normal,Risk to Failure,8.67,37.67,53.67,53.67,Schedule Preventive Maintenance
MD00311,Defibrillator,MedEquip,Model-300,2,5,26334.0,22.09,8,60.57824251969903,High Risk,Failure,Failure,53.67,8.0,38.33,53.67,Inspect Immediately
MD01519,X-Ray Machine,UltraMed,Model-300,4,1,7011.0,28.53,1,38.58541918156258,Medium Risk,Normal,Risk to Failure,39.67,6.67,53.67,53.67,Schedule Preventive Maintenance
MD03273,Defibrillator,UltraMed,Model-200,5,5,9811.91,6.95,2,25.01189320722772,Low Risk,Risk to Failure,Risk to Failure,26.0,20.33,53.67,53.67,Schedule Preventive Maintenance
MD05478,PET Scanner,RescueTech,Model-600,3,3,7396.65,14.2,5,33.81235906913363,Medium Risk,Failure,Risk to Failure,9.33,37.0,53.67,53.67,Schedule Preventive Maintenance
MD02635,CT Scanner,CardioSync,Model-300,2,4,15317.12,12.76,1,26.434459826185417,Low Risk,Normal,Risk to Failure,18.67,28.0,53.33,53.33,Schedule Preventive Maintenance
MD01854,PET Scanner,UltraMed,Model-150,6,4,8219.36,14.99,1,30.59595654887114,Medium Risk,Normal,Risk to Failure,11.33,35.33,53.33,53.33,Schedule Preventive Maintenance
MD01342,Infusion Pump,ImagingTech,Model-350,3,1,12452.43,7.67,2,23.964262847538404,Low Risk,Risk to Failure,Risk to Failure,20.0,26.67,53.33,53.33,Schedule Preventive Maintenance
MD00679,X-Ray Machine,MedEquip,Model-650,4,5,8915.02,6.55,1,19.67083838524952,Low Risk,Normal,Normal,8.67,53.33,38.0,53.33,Routine Monitoring
MD04644,CT Scanner,CardioSync,Model-450,8,2,9642.42,8.16,2,31.46057026844152,Medium Risk,Risk to Failure,Risk to Failure,15.0,31.67,53.33,53.33,Schedule Preventive Maintenance
MD01401,PET Scanner,MedEquip,Model-650,4,1,8725.82,12.02,2,27.085339650455616,Medium Risk,Risk to Failure,Risk to Failure,12.67,34.0,53.33,53.33,Schedule Preventive Maintenance
MD03619,MRI Scanner,ImagingTech,Model-600,9,2,7595.15,7.67,0,26.33466003998024,Low Risk,Normal,Normal,11.67,53.33,35.0,53.33,Routine Monitoring
MD04594,CT Scanner,RescueTech,Model-450,11,3,7011.0,13.26,2,39.70862786942645,Medium Risk,Risk to Failure,Risk to Failure,14.67,32.0,53.33,53.33,Schedule Preventive Maintenance
MD00873,Infusion Pump,ImagingTech,Model-550,2,5,9525.54,10.77,4,27.877042589000204,Medium Risk,Failure,Risk to Failure,22.33,24.33,53.33,53.33,Schedule Preventive Maintenance
MD03961,X-Ray Machine,UltraMed,Model-350,10,2,26290.33,30.64,2,67.989049472257,High Risk,Risk to Failure,Failure,53.33,4.67,42.0,53.33,Inspect Immediately
MD02648,CT Scanner,MedEquip,Model-200,9,2,8376.28,15.03,2,38.70176937438389,Medium Risk,Risk to Failure,Risk to Failure,13.0,33.67,53.33,53.33,Schedule Preventive Maintenance
MD05147,X-Ray Machine,RescueTech,Model-350,8,2,8272.12,12.44,2,34.41546207354044,Medium Risk,Risk to Failure,Risk to Failure,13.67,33.0,53.33,53.33,Schedule Preventive Maintenance
MD03034,MRI Scanner,CardioSync,Model-350,6,1,19328.59,32.88,4,62.71342329986605,High Risk,Failure,Failure,53.33,3.33,43.33,53.33,Inspect Immediately
MD03133,MRI Scanner,CardioSync,Model-200,10,1,8732.78,14.49,0,35.280905097200936,Medium Risk,Normal,Risk to Failure,22.67,24.0,53.33,53.33,Schedule Preventive Maintenance
MD03196,Infusion Pump,UltraMed,Model-100,4,1,7990.33,12.48,5,34.47438701259031,Medium Risk,Failure,Risk to Failure,25.33,21.33,53.33,53.33,Schedule Preventive Maintenance
MD03810,Defibrillator,CardioSync,Model-300,8,1,13957.28,7.69,3,36.66997926236481,Medium Risk,Risk to Failure,Risk to Failure,13.67,33.0,53.33,53.33,Schedule Preventive Maintenance
MD00900,Infusion Pump,ScanPro,Model-200,5,4,6192.58,12.57,3,30.065974878101905,Medium Risk,Risk to Failure,Risk to Failure,25.33,21.33,53.33,53.33,Schedule Preventive Maintenance
MD04830,MRI Scanner,CardioSync,Model-100,9,3,14411.39,6.38,1,32.609020294161226,Medium Risk,Normal,Risk to Failure,19.0,28.0,53.0,53.0,Schedule Preventive Maintenance
MD04214,CT Scanner,MedEquip,Model-600,9,3,8322.87,6.3,0,25.599434727143645,Low Risk,Normal,Normal,0.67,53.0,46.33,53.0,Routine Monitoring
MD00582,CT Scanner,UltraMed,Model-200,10,5,11405.38,7.0,2,35.30988166636618,Medium Risk,Risk to Failure,Risk to Failure,15.0,32.0,53.0,53.0,Schedule Preventive Maintenance
MD04246,Infusion Pump,RescueTech,Model-300,4,3,8632.17,7.95,0,18.25787598643521,Low Risk,Normal,Normal,6.67,53.0,40.33,53.0,Routine Monitoring
MD03781,X-Ray Machine,ScanPro,Model-300,3,3,15954.86,14.93,2,33.22156727405709,Medium Risk,Risk to Failure,Failure,53.0,14.33,32.67,53.0,Inspect Immediately
MD01916,X-Ray Machine,RescueTech,Model-450,4,1,9582.52,12.56,2,28.208243216882103,Medium Risk,Risk to Failure,Risk to Failure,24.0,23.0,53.0,53.0,Schedule Preventive Maintenance
MD00850,Infusion Pump,MedEquip,Model-150,3,4,6547.66,7.84,1,17.319456736441815,Low Risk,Normal,Normal,15.0,53.0,32.0,53.0,Routine Monitoring
MD05437,CT Scanner,UltraMed,Model-200,8,4,17443.95,17.48,4,50.75262465285283,High Risk,Failure,Failure,53.0,5.0,42.0,53.0,Inspect Immediately
MD01791,CT Scanner,CardioSync,Model-150,12,4,15767.92,15.31,2,49.79999670997806,High Risk,Risk to Failure,Failure,53.0,7.0,40.0,53.0,Inspect Immediately
MD04997,X-Ray Machine,UltraMed,Model-500,6,2,16868.78,22.92,1,44.221860647026986,Medium Risk,Normal,Failure,53.0,5.67,41.33,53.0,Inspect Immediately
MD04431,MRI Scanner,ScanPro,Model-550,11,1,25987.27,25.97,2,65.27301812551758,High Risk,Risk to Failure,Failure,53.0,7.33,39.67,53.0,Inspect Immediately
MD01824,Infusion Pump,UltraMed,Model-450,11,1,15893.48,30.83,4,67.40826499259833,High Risk,Failure,Risk to Failure,43.67,3.33,53.0,53.0,Schedule Preventive Maintenance
MD02805,X-Ray Machine,CardioSync,Model-500,8,1,15003.39,9.01,2,36.15131780696059,Medium Risk,Risk to Failure,Risk to Failure,16.33,30.67,53.0,53.0,Schedule Preventive Maintenance
MD02494,Defibrillator,RescueTech,Model-250,9,2,5952.9,7.72,0,25.18440731435548,Low Risk,Normal,Normal,8.33,53.0,38.67,53.0,Routine Monitoring
MD04816,MRI Scanner,CardioSync,Model-250,9,3,8090.59,7.31,0,26.36309261876042,Low Risk,Normal,Normal,5.0,53.0,42.0,53.0,Routine Monitoring
MD00731,Infusion Pump,ScanPro,Model-450,9,5,10275.5,14.94,3,42.50228767389606,Medium Risk,Risk to Failure,Risk to Failure,19.33,27.67,53.0,53.0,Schedule Preventive Maintenance
MD03086,Infusion Pump,ScanPro,Model-500,6,4,4987.62,4.09,1,18.173790030262268,Low Risk,Normal,Normal,19.33,53.0,27.67,53.0,Routine Monitoring
MD04379,Defibrillator,RescueTech,Model-550,9,1,8939.57,7.81,0,27.44342608975737,Medium Risk,Normal,Normal,5.67,53.0,41.33,53.0,Routine Monitoring
MD05201,Infusion Pump,CardioSync,Model-300,12,4,7011.0,28.56,3,58.15858308662304,High Risk,Risk to Failure,Failure,53.0,13.0,34.0,53.0,Inspect Immediately
MD05279,Infusion Pump,ScanPro,Model-200,5,1,25004.38,6.55,6,45.71066629690444,Medium Risk,Failure,Failure,53.0,17.67,29.33,53.0,Inspect Immediately
MD04890,Defibrillator,UltraMed,Model-500,6,2,8936.88,13.95,2,32.658103144712406,Medium Risk,Risk to Failure,Risk to Failure,19.67,27.33,53.0,53.0,Schedule Preventive Maintenance
MD00352,Defibrillator,UltraMed,Model-450,3,4,8432.19,1.09,1,12.457795038712112,Low Risk,Normal,Normal,1.0,53.0,46.0,53.0,Routine Monitoring
MD01836,Defibrillator,RescueTech,Model-650,12,5,16746.04,22.8,5,64.93069385228202,High Risk,Failure,Risk to Failure,43.0,4.33,52.67,52.67,Schedule Preventive Maintenance
MD01615,X-Ray Machine,UltraMed,Model-550,6,1,23477.09,19.25,1,45.64646096070359,Medium Risk,Normal,Risk to Failure,42.67,4.67,52.67,52.67,Schedule Preventive Maintenance
MD04846,MRI Scanner,MedEquip,Model-550,11,2,13860.16,8.84,1,38.11596161127476,Medium Risk,Normal,Risk to Failure,17.33,30.0,52.67,52.67,Schedule Preventive Maintenance
MD04129,MRI Scanner,RescueTech,Model-650,4,5,6862.62,7.65,0,16.69160501820558,Low Risk,Normal,Normal,2.67,52.67,44.67,52.67,Routine Monitoring
MD00932,X-Ray Machine,ImagingTech,Model-150,4,5,12276.79,7.39,1,22.89586426108213,Low Risk,Normal,Risk to Failure,18.67,28.67,52.67,52.67,Schedule Preventive Maintenance
MD00717,PET Scanner,MedEquip,Model-500,10,3,15185.65,12.43,5,50.579331048582524,High Risk,Failure,Risk to Failure,25.67,21.67,52.67,52.67,Schedule Preventive Maintenance
MD01908,CT Scanner,ScanPro,Model-350,2,3,11927.36,7.89,2,21.96675164278512,Low Risk,Risk to Failure,Risk to Failure,25.67,21.67,52.67,52.67,Schedule Preventive Maintenance
MD03659,Defibrillator,ScanPro,Model-350,4,5,6675.7,11.24,3,27.37131413900307,Medium Risk,Risk to Failure,Risk to Failure,15.0,32.33,52.67,52.67,Schedule Preventive Maintenance
MD03145,Infusion Pump,RescueTech,Model-550,12,1,12767.63,14.94,4,52.27243461159107,High Risk,Failure,Risk to Failure,26.0,21.33,52.67,52.67,Schedule Preventive Maintenance
MD00604,X-Ray Machine,ScanPro,Model-250,11,4,3090.99,2.66,2,27.062126838067208,Low Risk,Risk to Failure,Risk to Failure,1.33,46.0,52.67,52.67,Schedule Preventive Maintenance
MD03322,PET Scanner,RescueTech,Model-500,11,5,25132.19,24.56,1,60.84772335562938,High Risk,Normal,Failure,52.67,4.33,43.0,52.67,Inspect Immediately
MD00994,Defibrillator,ImagingTech,Model-200,3,3,8860.83,8.07,3,24.21711819531285,Low Risk,Risk to Failure,Normal,11.67,52.67,35.67,52.67,Routine Monitoring
MD04837,Infusion Pump,ScanPro,Model-250,9,3,13677.27,13.18,0,35.85497707795034,Medium Risk,Normal,Risk to Failure,15.67,31.67,52.67,52.67,Schedule Preventive Maintenance
MD01046,PET Scanner,ImagingTech,Model-150,10,1,15613.72,14.2,0,40.0260468225662,Medium Risk,Normal,Risk to Failure,32.33,15.0,52.67,52.67,Schedule Preventive Maintenance
MD00498,Defibrillator,ImagingTech,Model-500,2,4,9544.15,10.86,1,20.473728685899424,Low Risk,Normal,Risk to Failure,28.0,19.33,52.67,52.67,Schedule Preventive Maintenance
MD02150,Defibrillator,ImagingTech,Model-400,9,5,14030.41,21.71,3,51.4909461624711,High Risk,Risk to Failure,Risk to Failure,39.33,8.0,52.67,52.67,Schedule Preventive Maintenance
MD02042,PET Scanner,UltraMed,Model-650,2,1,22871.02,22.02,6,52.990688612421,High Risk,Failure,Failure,52.67,10.0,37.33,52.67,Inspect Immediately
MD03845,PET Scanner,ImagingTech,Model-550,3,1,6782.78,7.8,0,14.953803842028288,Low Risk,Normal,Normal,4.67,52.67,42.67,52.67,Routine Monitoring
MD03071,CT Scanner,UltraMed,Model-600,8,5,18739.69,21.68,5,58.07592566661671,High Risk,Failure,Failure,52.67,2.33,45.0,52.67,Inspect Immediately
MD00772,Defibrillator,MedEquip,Model-200,3,5,26058.87,28.15,5,60.29327341380642,High Risk,Failure,Risk to Failure,42.67,4.67,52.67,52.67,Schedule Preventive Maintenance
MD04146,Defibrillator,ScanPro,Model-200,8,1,6598.99,7.78,0,23.892342759300966,Low Risk,Normal,Normal,5.67,52.67,41.67,52.67,Routine Monitoring
MD01974,X-Ray Machine,ImagingTech,Model-350,9,1,22274.36,22.31,3,58.0511313751624,High Risk,Risk to Failure,Risk to Failure,46.33,1.0,52.67,52.67,Schedule Preventive Maintenance
MD01379,Infusion Pump,UltraMed,Model-400,9,3,9849.89,12.39,2,37.33692074384384,Medium Risk,Risk to Failure,Risk to Failure,26.67,21.0,52.33,52.33,Schedule Preventive Maintenance
MD01930,PET Scanner,CardioSync,Model-350,10,2,9061.08,6.04,4,37.71527985976008,Medium Risk,Failure,Normal,16.33,52.33,31.33,52.33,Routine Monitoring
MD02646,Infusion Pump,RescueTech,Model-650,5,4,14945.14,9.67,0,26.26394115717633,Low Risk,Normal,Risk to Failure,27.33,20.33,52.33,52.33,Schedule Preventive Maintenance
MD02592,X-Ray Machine,UltraMed,Model-300,7,5,15921.93,23.01,5,55.43335810875223,High Risk,Failure,Failure,52.33,8.33,39.33,52.33,Inspect Immediately
MD02465,PET Scanner,ScanPro,Model-400,7,2,15975.02,8.89,2,34.93016405860414,Medium Risk,Risk to Failure,Failure,52.33,27.33,20.33,52.33,Inspect Immediately
MD04349,MRI Scanner,CardioSync,Model-350,2,5,15495.2,16.69,6,42.6941232725475,Medium Risk,Failure,Risk to Failure,38.0,9.67,52.33,52.33,Schedule Preventive Maintenance
MD01339,MRI Scanner,CardioSync,Model-250,7,1,7011.0,18.46,3,39.7388562617238,Medium Risk,Risk to Failure,Risk to Failure,37.67,10.0,52.33,52.33,Schedule Preventive Maintenance
MD03205,Infusion Pump,ImagingTech,Model-500,3,5,1260.8,1.66,0,5.259671297372386,Low Risk,Normal,Normal,2.67,52.33,45.0,52.33,Routine Monitoring
MD00145,CT Scanner,ScanPro,Model-200,12,5,13293.1,13.6,1,43.91757265314919,Medium Risk,Normal,Risk to Failure,20.67,27.0,52.33,52.33,Schedule Preventive Maintenance
MD00985,X-Ray Machine,ImagingTech,Model-200,4,1,6120.21,8.68,2,22.10208875744562,Low Risk,Risk to Failure,Risk to Failure,10.67,37.0,52.33,52.33,Schedule Preventive Maintenance
MD02578,CT Scanner,MedEquip,Model-600,6,1,15671.31,10.84,4,39.691827548093606,Medium Risk,Failure,Risk to Failure,28.33,19.33,52.33,52.33,Schedule Preventive Maintenance
MD01594,MRI Scanner,CardioSync,Model-500,9,2,14452.71,16.28,4,49.28321198975018,High Risk,Failure,Risk to Failure,33.33,14.33,52.33,52.33,Schedule Preventive Maintenance
MD02847,Defibrillator,ScanPro,Model-500,3,1,642.69,6.29,1,11.585834967802638,Low Risk,Normal,Normal,1.0,52.33,46.67,52.33,Routine Monitoring
MD01592,MRI Scanner,UltraMed,Model-550,7,4,13048.13,8.72,1,30.140805421203424,Medium Risk,Normal,Risk to Failure,14.33,33.33,52.33,52.33,Schedule Preventive Maintenance
MD02028,PET Scanner,UltraMed,Model-100,7,2,12539.87,14.14,1,34.776678356505045,Medium Risk,Normal,Risk to Failure,32.33,15.33,52.33,52.33,Schedule Preventive Maintenance
MD01141,Infusion Pump,RescueTech,Model-600,10,2,980.87,4.04,0,19.98128135895748,Low Risk,Normal,Normal,0.67,52.0,47.33,52.0,Routine Monitoring
MD04352,PET Scanner,MedEquip,Model-400,6,1,8189.79,11.95,0,25.26653202454953,Low Risk,Normal,Risk to Failure,13.33,34.67,52.0,52.0,Schedule Preventive Maintenance
MD00030,CT Scanner,ScanPro,Model-250,1,1,4814.92,6.55,1,11.229230602068927,Low Risk,Normal,Normal,2.33,52.0,45.67,52.0,Routine Monitoring
MD00986,X-Ray Machine,CardioSync,Model-550,8,3,6421.77,10.4,0,26.18318269948531,Low Risk,Normal,Risk to Failure,9.33,38.67,52.0,52.0,Schedule Preventive Maintenance
MD03536,Defibrillator,UltraMed,Model-500,2,4,17395.89,17.97,5,42.76110660573659,Medium Risk,Failure,Failure,52.0,10.67,37.33,52.0,Inspect Immediately
MD01783,Defibrillator,CardioSync,Model-450,6,1,18909.27,17.6,4,48.29463392268086,High Risk,Failure,Failure,52.0,1.67,46.33,52.0,Inspect Immediately
MD02088,PET Scanner,CardioSync,Model-500,3,2,8027.04,14.92,1,24.936644259502906,Low Risk,Normal,Risk to Failure,24.33,23.67,52.0,52.0,Schedule Preventive Maintenance
MD02037,MRI Scanner,ImagingTech,Model-600,9,2,15632.11,21.99,7,62.9164597893168,High Risk,Failure,Risk to Failure,43.0,5.0,52.0,52.0,Schedule Preventive Maintenance
MD04853,MRI Scanner,ImagingTech,Model-500,5,2,8990.68,7.13,0,19.57985537297396,Low Risk,Normal,Normal,12.33,52.0,35.67,52.0,Routine Monitoring
MD04543,Infusion Pump,ImagingTech,Model-250,8,1,9082.83,8.17,3,33.562126370315255,Medium Risk,Risk to Failure,Risk to Failure,11.33,36.67,52.0,52.0,Schedule Preventive Maintenance
MD01338,MRI Scanner,RescueTech,Model-250,3,3,11902.07,12.01,0,22.571927554854696,Low Risk,Normal,Risk to Failure,26.33,21.67,52.0,52.0,Schedule Preventive Maintenance
MD00405,PET Scanner,UltraMed,Model-400,9,4,7659.38,7.98,0,26.66778382923992,Low Risk,Normal,Normal,14.67,52.0,33.33,52.0,Routine Monitoring
MD03144,Infusion Pump,ImagingTech,Model-400,12,3,7326.09,3.54,0,27.77853095913476,Medium Risk,Normal,Normal,1.0,52.0,47.0,52.0,Routine Monitoring
MD04956,PET Scanner,ScanPro,Model-300,7,4,6914.22,8.76,1,25.708989133516592,Low Risk,Normal,Risk to Failure,13.33,34.67,52.0,52.0,Schedule Preventive Maintenance
MD01490,Defibrillator,RescueTech,Model-600,12,1,6531.0,15.08,3,45.358147841559074,Medium Risk,Risk to Failure,Risk to Failure,18.33,29.67,52.0,52.0,Schedule Preventive Maintenance
MD00306,Defibrillator,UltraMed,Model-150,8,1,13849.61,7.77,1,31.665429630224875,Medium Risk,Normal,Risk to Failure,15.33,32.67,52.0,52.0,Schedule Preventive Maintenance
MD05106,PET Scanner,ImagingTech,Model-150,7,2,7038.53,13.73,0,27.89007043871694,Medium Risk,Normal,Normal,14.67,52.0,33.33,52.0,Routine Monitoring
MD02082,Defibrillator,ScanPro,Model-600,7,5,13718.78,8.55,1,30.472377056176075,Medium Risk,Normal,Normal,13.67,52.0,34.33,52.0,Routine Monitoring
MD01136,MRI Scanner,RescueTech,Model-250,11,4,7463.46,10.42,1,34.91510766200929,Medium Risk,Normal,Risk to Failure,12.67,35.33,52.0,52.0,Schedule Preventive Maintenance
MD05387,PET Scanner,UltraMed,Model-500,4,4,8550.81,15.62,2,30.282962064613614,Medium Risk,Risk to Failure,Risk to Failure,18.67,29.33,52.0,52.0,Schedule Preventive Maintenance
MD01303,Defibrillator,CardioSync,Model-100,7,3,14688.94,22.37,8,61.44394994454127,High Risk,Failure,Failure,52.0,10.0,38.0,52.0,Inspect Immediately
MD03313,MRI Scanner,RescueTech,Model-600,5,2,8566.69,3.33,0,15.761112017785148,Low Risk,Normal,Normal,4.67,52.0,43.33,52.0,Routine Monitoring
MD02627,Infusion Pump,CardioSync,Model-400,9,4,7414.21,9.56,6,42.94852874987248,Medium Risk,Failure,Risk to Failure,25.67,22.33,52.0,52.0,Schedule Preventive Maintenance
MD02590,X-Ray Machine,CardioSync,Model-200,2,1,10124.62,13.7,2,26.01977353689041,Low Risk,Risk to Failure,Risk to Failure,24.0,24.33,51.67,51.67,Schedule Preventive Maintenance
MD00530,PET Scanner,MedEquip,Model-550,8,5,9868.93,12.81,2,35.920541247854146,Medium Risk,Risk to Failure,Risk to Failure,19.0,29.33,51.67,51.67,Schedule Preventive Maintenance
MD03835,X-Ray Machine,MedEquip,Model-550,4,3,15232.78,13.04,2,32.76799959309662,Medium Risk,Risk to Failure,Risk to Failure,29.67,18.67,51.67,51.67,Schedule Preventive Maintenance
MD01737,Defibrillator,ImagingTech,Model-600,2,3,6947.34,7.95,0,13.394056379935634,Low Risk,Normal,Normal,7.33,51.67,41.0,51.67,Routine Monitoring
MD01386,Infusion Pump,RescueTech,Model-150,7,4,14196.09,6.49,2,31.417404268868605,Medium Risk,Risk to Failure,Risk to Failure,13.0,35.33,51.67,51.67,Schedule Preventive Maintenance
MD00537,PET Scanner,RescueTech,Model-100,11,1,20087.63,32.61,2,67.10793461560999,High Risk,Risk to Failure,Failure,51.67,7.0,41.33,51.67,Inspect Immediately
MD01345,MRI Scanner,RescueTech,Model-150,6,2,14199.78,7.79,1,28.302649657470656,Medium Risk,Normal,Risk to Failure,23.0,25.33,51.67,51.67,Schedule Preventive Maintenance
MD05277,Infusion Pump,ImagingTech,Model-600,12,1,7137.25,9.21,3,40.37802356062687,Medium Risk,Risk to Failure,Risk to Failure,27.67,20.67,51.67,51.67,Schedule Preventive Maintenance
MD04421,Infusion Pump,RescueTech,Model-300,5,5,10811.85,14.97,1,30.6480189815165,Medium Risk,Normal,Risk to Failure,17.67,30.67,51.67,51.67,Schedule Preventive Maintenance
MD00185,Infusion Pump,ImagingTech,Model-500,6,1,15665.46,14.13,8,52.72635872753453,High Risk,Failure,Failure,51.67,19.0,29.33,51.67,Inspect Immediately
MD01275,Infusion Pump,CardioSync,Model-400,9,3,4976.33,7.14,3,31.437228562341534,Medium Risk,Risk to Failure,Normal,2.67,51.67,45.67,51.67,Routine Monitoring
MD02386,Infusion Pump,RescueTech,Model-550,3,3,14503.97,7.88,2,25.652845044784694,Low Risk,Risk to Failure,Risk to Failure,17.33,31.0,51.67,51.67,Schedule Preventive Maintenance
MD03390,Infusion Pump,MedEquip,Model-500,7,4,10569.75,7.51,1,27.21761044336775,Medium Risk,Normal,Risk to Failure,12.67,35.67,51.67,51.67,Schedule Preventive Maintenance
MD00872,Defibrillator,MedEquip,Model-600,11,5,11887.98,13.91,2,43.86204316436508,Medium Risk,Risk to Failure,Normal,20.33,51.67,28.0,51.67,Routine Monitoring
MD02961,PET Scanner,CardioSync,Model-450,9,5,7878.24,12.65,1,33.6406544298161,Medium Risk,Normal,Risk to Failure,24.67,23.67,51.67,51.67,Schedule Preventive Maintenance
MD00855,X-Ray Machine,CardioSync,Model-500,10,4,11215.24,6.43,3,37.14488037560487,Medium Risk,Risk to Failure,Risk to Failure,18.33,30.0,51.67,51.67,Schedule Preventive Maintenance
MD02856,MRI Scanner,MedEquip,Model-350,6,4,8967.06,7.3,5,34.03784892207585,Medium Risk,Failure,Normal,4.67,51.67,43.67,51.67,Routine Monitoring
MD03213,Infusion Pump,CardioSync,Model-250,7,3,15509.29,9.38,1,32.54345011713474,Medium Risk,Normal,Risk to Failure,20.67,27.67,51.67,51.67,Schedule Preventive Maintenance
MD03175,Defibrillator,CardioSync,Model-500,12,3,8626.35,9.12,2,38.8797554885335,Medium Risk,Risk to Failure,Risk to Failure,11.0,37.33,51.67,51.67,Schedule Preventive Maintenance
MD03335,CT Scanner,UltraMed,Model-300,4,2,14066.53,6.55,3,28.4238886661176,Medium Risk,Risk to Failure,Risk to Failure,20.0,28.33,51.67,51.67,Schedule Preventive Maintenance
MD00022,Defibrillator,ScanPro,Model-150,3,4,11692.08,10.11,1,23.164016587967083,Low Risk,Normal,Risk to Failure,9.67,38.67,51.67,51.67,Schedule Preventive Maintenance
MD05327,MRI Scanner,ImagingTech,Model-650,8,3,8429.75,14.76,3,39.17315803371002,Medium Risk,Risk to Failure,Risk to Failure,17.67,30.67,51.67,51.67,Schedule Preventive Maintenance
MD05014,PET Scanner,RescueTech,Model-150,3,5,11626.79,14.53,1,27.198962917179976,Medium Risk,Normal,Normal,8.67,51.67,39.67,51.67,Routine Monitoring
MD01851,X-Ray Machine,UltraMed,Model-300,9,3,7496.58,8.92,4,37.41740509203782,Medium Risk,Failure,Risk to Failure,15.67,32.67,51.67,51.67,Schedule Preventive Maintenance
MD01362,MRI Scanner,ScanPro,Model-600,10,5,15222.34,6.63,2,37.74891810457291,Medium Risk,Risk to Failure,Normal,13.0,51.67,35.33,51.67,Routine Monitoring
MD03656,MRI Scanner,UltraMed,Model-500,5,4,7011.0,25.5,5,47.60495567954736,Medium Risk,Failure,Risk to Failure,29.67,18.67,51.67,51.67,Schedule Preventive Maintenance
MD02208,CT Scanner,ImagingTech,Model-200,10,2,13773.38,7.44,0,32.4414541627047,Medium Risk,Normal,Normal,14.67,51.33,34.0,51.33,Routine Monitoring
MD03701,PET Scanner,MedEquip,Model-200,7,3,10928.95,10.32,3,35.074743212512615,Medium Risk,Risk to Failure,Risk to Failure,18.67,30.0,51.33,51.33,Schedule Preventive Maintenance
MD00365,PET Scanner,ImagingTech,Model-300,2,5,14879.09,23.64,2,38.6646011538716,Medium Risk,Risk to Failure,Failure,51.33,7.67,41.0,51.33,Inspect Immediately
MD04577,X-Ray Machine,ImagingTech,Model-150,9,1,9508.82,7.75,2,32.80272536049105,Medium Risk,Risk to Failure,Risk to Failure,17.33,31.33,51.33,51.33,Schedule Preventive Maintenance
MD02951,CT Scanner,UltraMed,Model-650,2,3,14481.05,6.57,3,25.10798985744417,Low Risk,Risk to Failure,Risk to Failure,18.0,30.67,51.33,51.33,Schedule Preventive Maintenance
MD03735,PET Scanner,CardioSync,Model-400,10,4,15629.36,25.41,6,65.39150513402205,High Risk,Failure,Failure,51.33,15.0,33.67,51.33,Inspect Immediately
MD01010,Infusion Pump,RescueTech,Model-600,11,3,6594.76,10.47,0,31.828412426278856,Medium Risk,Normal,Risk to Failure,16.0,32.67,51.33,51.33,Schedule Preventive Maintenance
MD02034,MRI Scanner,CardioSync,Model-300,12,3,14477.53,17.94,3,53.78909089015816,High Risk,Risk to Failure,Failure,51.33,9.0,39.67,51.33,Inspect Immediately
MD03855,Defibrillator,MedEquip,Model-150,8,4,7011.0,14.34,1,32.751619360693795,Medium Risk,Normal,Risk to Failure,20.67,28.0,51.33,51.33,Schedule Preventive Maintenance
MD05438,X-Ray Machine,CardioSync,Model-600,8,3,11540.32,14.77,0,33.94855054836967,Medium Risk,Normal,Risk to Failure,32.0,16.67,51.33,51.33,Schedule Preventive Maintenance
MD04335,Infusion Pump,ImagingTech,Model-350,6,5,13573.72,10.48,3,35.33114956127276,Medium Risk,Risk to Failure,Risk to Failure,22.67,26.0,51.33,51.33,Schedule Preventive Maintenance
MD00010,Defibrillator,MedEquip,Model-350,2,4,8261.93,7.01,1,15.983553314132594,Low Risk,Normal,Normal,21.0,51.33,27.67,51.33,Routine Monitoring
MD00536,Infusion Pump,CardioSync,Model-100,11,3,14703.64,10.54,1,40.300662529407234,Medium Risk,Normal,Risk to Failure,13.33,35.33,51.33,51.33,Schedule Preventive Maintenance
MD00271,Infusion Pump,RescueTech,Model-400,10,4,9011.35,6.72,2,33.30712868076155,Medium Risk,Risk to Failure,Normal,13.33,51.33,35.33,51.33,Routine Monitoring
MD01539,Defibrillator,MedEquip,Model-400,10,3,13474.81,11.41,1,38.39080768202833,Medium Risk,Normal,Risk to Failure,35.33,13.33,51.33,51.33,Schedule Preventive Maintenance
MD02304,X-Ray Machine,UltraMed,Model-500,11,4,15371.93,9.22,2,42.06832270586999,Medium Risk,Risk to Failure,Risk to Failure,22.0,26.67,51.33,51.33,Schedule Preventive Maintenance
MD04845,CT Scanner,ImagingTech,Model-300,7,2,14175.95,30.61,4,58.68105671689176,High Risk,Failure,Failure,51.0,8.67,40.33,51.0,Inspect Immediately
MD03248,MRI Scanner,CardioSync,Model-100,10,4,6670.02,9.73,1,31.88156254137221,Medium Risk,Normal,Risk to Failure,13.0,36.0,51.0,51.0,Schedule Preventive Maintenance
MD03370,MRI Scanner,MedEquip,Model-550,4,2,9554.41,9.09,2,24.982714864542555,Low Risk,Risk to Failure,Failure,51.0,22.67,26.33,51.0,Inspect Immediately
MD01924,X-Ray Machine,MedEquip,Model-650,7,5,7011.0,15.84,3,37.31890552280754,Medium Risk,Risk to Failure,Risk to Failure,23.0,26.0,51.0,51.0,Schedule Preventive Maintenance
MD03166,X-Ray Machine,ScanPro,Model-400,10,2,12391.82,10.06,2,38.8548914432299,Medium Risk,Risk to Failure,Risk to Failure,34.33,14.67,51.0,51.0,Schedule Preventive Maintenance
MD04312,CT Scanner,ImagingTech,Model-200,5,3,6721.15,8.07,0,18.79465216329424,Low Risk,Normal,Normal,6.0,51.0,43.0,51.0,Routine Monitoring
MD00576,PET Scanner,RescueTech,Model-250,7,5,9359.93,7.89,5,36.687200638962935,Medium Risk,Failure,Risk to Failure,19.67,29.33,51.0,51.0,Schedule Preventive Maintenance
MD03361,Infusion Pump,MedEquip,Model-350,7,3,7946.52,8.85,2,29.044182879476608,Medium Risk,Risk to Failure,Risk to Failure,17.0,32.0,51.0,51.0,Schedule Preventive Maintenance
MD01244,X-Ray Machine,ImagingTech,Model-200,8,4,9025.15,15.56,0,32.845843444393005,Medium Risk,Normal,Risk to Failure,25.67,23.33,51.0,51.0,Schedule Preventive Maintenance
MD05334,X-Ray Machine,MedEquip,Model-350,11,1,7011.0,6.85,0,28.788061366963383,Medium Risk,Normal,Normal,12.33,51.0,36.67,51.0,Routine Monitoring
MD02295,PET Scanner,ScanPro,Model-450,8,2,11260.94,14.51,4,43.50486493107193,Medium Risk,Failure,Failure,51.0,27.67,21.33,51.0,Inspect Immediately
MD00561,Defibrillator,CardioSync,Model-500,4,5,6473.2,7.19,2,20.983022453489244,Low Risk,Risk to Failure,Normal,2.0,51.0,47.0,51.0,Routine Monitoring
MD01326,Defibrillator,CardioSync,Model-650,10,4,6517.7,15.7,3,42.28475480127357,Medium Risk,Risk to Failure,Risk to Failure,17.67,31.33,51.0,51.0,Schedule Preventive Maintenance
MD02524,CT Scanner,CardioSync,Model-150,3,2,14864.4,15.64,2,33.08291824574749,Medium Risk,Risk to Failure,Risk to Failure,28.67,20.33,51.0,51.0,Schedule Preventive Maintenance
MD02537,PET Scanner,UltraMed,Model-650,1,2,11130.81,11.84,1,20.71665506706526,Low Risk,Normal,Risk to Failure,25.67,23.33,51.0,51.0,Schedule Preventive Maintenance
MD02298,Infusion Pump,ImagingTech,Model-150,7,1,9497.98,8.05,4,34.43555801142762,Medium Risk,Failure,Risk to Failure,19.0,30.0,51.0,51.0,Schedule Preventive Maintenance
MD04725,MRI Scanner,CardioSync,Model-400,7,3,27510.81,23.08,8,71.44090659573716,High Risk,Failure,Failure,51.0,4.0,45.0,51.0,Inspect Immediately
MD01978,Defibrillator,UltraMed,Model-250,4,1,6600.43,8.44,2,22.23027048689017,Low Risk,Risk to Failure,Risk to Failure,23.33,25.67,51.0,51.0,Schedule Preventive Maintenance
MD02593,PET Scanner,MedEquip,Model-250,7,2,7516.06,8.26,3,30.685627387021587,Medium Risk,Risk to Failure,Normal,13.0,51.0,36.0,51.0,Routine Monitoring
MD05419,MRI Scanner,MedEquip,Model-200,8,3,11747.44,15.6,1,37.36607013001378,Medium Risk,Normal,Risk to Failure,32.67,16.33,51.0,51.0,Schedule Preventive Maintenance
MD02636,Infusion Pump,ScanPro,Model-300,2,3,7080.68,12.33,4,27.53676560840542,Medium Risk,Failure,Risk to Failure,17.33,31.67,51.0,51.0,Schedule Preventive Maintenance
MD00645,PET Scanner,ScanPro,Model-100,10,4,14181.52,15.8,3,47.9604729138012,Medium Risk,Risk to Failure,Failure,51.0,26.0,23.0,51.0,Inspect Immediately
MD04732,MRI Scanner,ImagingTech,Model-600,9,5,15228.72,10.13,2,39.16814295411781,Medium Risk,Risk to Failure,Risk to Failure,32.33,16.67,51.0,51.0,Schedule Preventive Maintenance
MD05487,X-Ray Machine,UltraMed,Model-650,12,2,10569.68,13.22,1,41.582483315220685,Medium Risk,Normal,Risk to Failure,20.0,29.0,51.0,51.0,Schedule Preventive Maintenance
MD03018,Defibrillator,UltraMed,Model-150,8,5,15275.61,6.31,1,31.355796972903697,Medium Risk,Normal,Risk to Failure,16.67,32.33,51.0,51.0,Schedule Preventive Maintenance
MD00892,Infusion Pump,CardioSync,Model-650,2,3,9731.11,7.08,1,17.118556095625234,Low Risk,Normal,Risk to Failure,15.67,33.67,50.67,50.67,Schedule Preventive Maintenance
MD04209,CT Scanner,MedEquip,Model-100,2,4,12332.14,12.58,2,26.593544194456804,Low Risk,Risk to Failure,Risk to Failure,29.67,19.67,50.67,50.67,Schedule Preventive Maintenance
MD02536,Defibrillator,CardioSync,Model-350,4,5,8700.74,6.51,0,16.97778230298969,Low Risk,Normal,Normal,19.33,50.67,30.0,50.67,Routine Monitoring
MD05226,MRI Scanner,ImagingTech,Model-400,6,3,12009.26,13.57,2,34.54545127033443,Medium Risk,Risk to Failure,Risk to Failure,31.0,18.33,50.67,50.67,Schedule Preventive Maintenance
MD00168,CT Scanner,CardioSync,Model-400,8,4,6495.65,10.25,2,31.09845999473142,Medium Risk,Risk to Failure,Risk to Failure,27.67,21.67,50.67,50.67,Schedule Preventive Maintenance
MD04509,MRI Scanner,UltraMed,Model-250,3,2,13109.52,11.28,2,27.77733487156706,Medium Risk,Risk to Failure,Risk to Failure,30.67,18.67,50.67,50.67,Schedule Preventive Maintenance
MD01549,Defibrillator,ScanPro,Model-150,9,4,7011.0,31.8,7,65.696648469516,High Risk,Failure,Failure,50.67,19.67,29.67,50.67,Inspect Immediately
MD04163,Defibrillator,ImagingTech,Model-350,2,4,11952.79,7.51,3,24.13429304119688,Low Risk,Risk to Failure,Risk to Failure,29.67,19.67,50.67,50.67,Schedule Preventive Maintenance
MD04865,MRI Scanner,RescueTech,Model-400,5,2,7568.91,9.21,2,25.46522982771492,Low Risk,Risk to Failure,Risk to Failure,15.0,34.33,50.67,50.67,Schedule Preventive Maintenance
MD02200,X-Ray Machine,RescueTech,Model-550,6,1,27000.43,20.08,10,71.47995962467895,High Risk,Failure,Failure,50.67,2.33,47.0,50.67,Inspect Immediately
MD02654,Infusion Pump,RescueTech,Model-250,11,1,18573.39,30.54,4,69.09281345085644,High Risk,Failure,Risk to Failure,46.0,3.33,50.67,50.67,Schedule Preventive Maintenance
MD03579,Infusion Pump,MedEquip,Model-300,1,1,15383.05,9.29,1,21.45926099474964,Low Risk,Normal,Risk to Failure,27.33,22.0,50.67,50.67,Schedule Preventive Maintenance
MD00032,CT Scanner,ScanPro,Model-150,10,5,14711.13,9.61,0,35.12894728323961,Medium Risk,Normal,Risk to Failure,14.0,35.33,50.67,50.67,Schedule Preventive Maintenance
MD02438,Defibrillator,MedEquip,Model-650,11,3,9541.16,9.56,7,50.634447816564766,High Risk,Failure,Risk to Failure,20.33,29.0,50.67,50.67,Schedule Preventive Maintenance
MD04489,MRI Scanner,ScanPro,Model-500,4,1,8117.2,7.47,0,17.43935306931114,Low Risk,Normal,Normal,6.67,50.67,42.67,50.67,Routine Monitoring
MD01709,X-Ray Machine,UltraMed,Model-250,11,2,12653.87,10.79,2,41.53824668466407,Medium Risk,Risk to Failure,Normal,5.0,50.67,44.33,50.67,Routine Monitoring
MD02986,CT Scanner,ScanPro,Model-650,12,5,9787.04,14.47,1,42.16686010134587,Medium Risk,Normal,Risk to Failure,10.67,38.67,50.67,50.67,Schedule Preventive Maintenance
MD01086,CT Scanner,ImagingTech,Model-550,7,2,16214.13,15.71,3,43.90362491147555,Medium Risk,Risk to Failure,Failure,50.67,9.33,40.0,50.67,Inspect Immediately
MD05448,CT Scanner,MedEquip,Model-500,11,1,13828.28,10.33,0,36.968967473863366,Medium Risk,Normal,Risk to Failure,30.67,18.67,50.67,50.67,Schedule Preventive Maintenance
MD00964,X-Ray Machine,ScanPro,Model-200,3,3,15644.78,12.1,5,37.881747189489616,Medium Risk,Failure,Risk to Failure,39.67,9.67,50.67,50.67,Schedule Preventive Maintenance
MD04523,MRI Scanner,UltraMed,Model-300,4,3,7847.97,10.45,3,27.495672909738072,Medium Risk,Risk to Failure,Risk to Failure,18.67,30.67,50.67,50.67,Schedule Preventive Maintenance
MD03623,CT Scanner,ScanPro,Model-400,8,4,10391.27,10.04,2,33.74258617005305,Medium Risk,Risk to Failure,Risk to Failure,21.67,27.67,50.67,50.67,Schedule Preventive Maintenance
MD02565,MRI Scanner,ScanPro,Model-400,3,4,7463.6,11.35,2,23.72874525910056,Low Risk,Risk to Failure,Risk to Failure,18.33,31.0,50.67,50.67,Schedule Preventive Maintenance
MD03100,PET Scanner,MedEquip,Model-150,5,3,14310.19,6.14,0,22.54089050192969,Low Risk,Normal,Normal,18.67,50.67,30.67,50.67,Routine Monitoring
MD05095,MRI Scanner,CardioSync,Model-200,5,2,15772.42,11.33,2,33.39989401140367,Medium Risk,Risk to Failure,Failure,50.33,12.33,37.33,50.33,Inspect Immediately
MD01939,CT Scanner,CardioSync,Model-200,12,4,14575.2,6.55,1,38.33992661068603,Medium Risk,Normal,Risk to Failure,15.0,34.67,50.33,50.33,Schedule Preventive Maintenance
MD05068,PET Scanner,MedEquip,Model-600,6,5,12837.6,14.81,1,33.79424533613847,Medium Risk,Normal,Risk to Failure,16.33,33.33,50.33,50.33,Schedule Preventive Maintenance
MD02830,MRI Scanner,RescueTech,Model-200,8,3,13495.28,9.63,2,35.625268467069574,Medium Risk,Risk to Failure,Risk to Failure,21.33,28.33,50.33,50.33,Schedule Preventive Maintenance
MD04773,MRI Scanner,RescueTech,Model-400,4,1,8220.89,2.43,1,15.359722347880702,Low Risk,Normal,Normal,0.0,50.33,49.67,50.33,Routine Monitoring
MD02216,CT Scanner,UltraMed,Model-350,11,4,13231.4,6.08,1,35.10862747815343,Medium Risk,Normal,Risk to Failure,18.67,31.0,50.33,50.33,Schedule Preventive Maintenance
MD02024,Infusion Pump,MedEquip,Model-650,5,3,4887.66,4.34,1,16.513695281655483,Low Risk,Normal,Normal,1.0,50.33,48.67,50.33,Routine Monitoring
MD05280,CT Scanner,RescueTech,Model-650,3,1,8526.16,6.89,0,15.38339823755928,Low Risk,Normal,Normal,5.67,50.33,44.0,50.33,Routine Monitoring
MD03378,X-Ray Machine,RescueTech,Model-300,10,4,15094.36,17.23,7,59.946320714993206,High Risk,Failure,Failure,50.33,14.0,35.67,50.33,Inspect Immediately
MD03947,CT Scanner,CardioSync,Model-250,6,3,11319.37,11.2,2,31.853803527548244,Medium Risk,Risk to Failure,Risk to Failure,19.67,30.0,50.33,50.33,Schedule Preventive Maintenance
MD01641,MRI Scanner,ScanPro,Model-550,6,2,10287.5,7.51,2,27.693799898506764,Medium Risk,Risk to Failure,Risk to Failure,20.0,29.67,50.33,50.33,Schedule Preventive Maintenance
MD00077,PET Scanner,ScanPro,Model-300,11,1,19532.41,18.5,4,58.670802489961645,High Risk,Failure,Failure,50.33,2.33,47.33,50.33,Inspect Immediately
MD04368,PET Scanner,UltraMed,Model-100,9,2,11290.1,11.12,4,42.21313316576085,Medium Risk,Failure,Risk to Failure,12.33,37.33,50.33,50.33,Schedule Preventive Maintenance
MD04413,CT Scanner,UltraMed,Model-450,8,2,13421.64,6.42,1,30.10671774412579,Medium Risk,Normal,Risk to Failure,26.33,23.33,50.33,50.33,Schedule Preventive Maintenance
MD04981,X-Ray Machine,ImagingTech,Model-650,4,4,11028.48,8.6,5,33.10403879807458,Medium Risk,Failure,Risk to Failure,13.67,36.0,50.33,50.33,Schedule Preventive Maintenance
MD03754,CT Scanner,CardioSync,Model-150,12,4,10521.16,14.35,2,45.09085405647302,Medium Risk,Risk to Failure,Risk to Failure,12.0,37.67,50.33,50.33,Schedule Preventive Maintenance
MD03249,Infusion Pump,CardioSync,Model-600,5,4,14229.82,10.79,1,29.277288961791196,Medium Risk,Normal,Failure,50.33,24.33,25.33,50.33,Inspect Immediately
MD03345,MRI Scanner,CardioSync,Model-550,11,2,6813.15,12.06,0,33.45611302965952,Medium Risk,Normal,Normal,15.67,50.33,34.0,50.33,Routine Monitoring
MD00085,Infusion Pump,RescueTech,Model-550,1,2,14633.13,15.95,2,29.56439659622124,Medium Risk,Risk to Failure,Risk to Failure,38.0,11.67,50.33,50.33,Schedule Preventive Maintenance
MD03576,PET Scanner,ScanPro,Model-500,8,1,20300.81,25.04,10,74.81670296920468,High Risk,Failure,Failure,50.33,7.33,42.33,50.33,Inspect Immediately
MD00480,MRI Scanner,CardioSync,Model-200,11,1,10793.5,9.7,3,41.676130453932274,Medium Risk,Risk to Failure,Risk to Failure,15.33,34.33,50.33,50.33,Schedule Preventive Maintenance
MD03088,Infusion Pump,CardioSync,Model-600,8,1,11962.17,7.99,1,30.49356735307448,Medium Risk,Normal,Risk to Failure,17.67,32.33,50.0,50.0,Schedule Preventive Maintenance
MD03575,X-Ray Machine,ScanPro,Model-500,12,3,17879.33,15.57,5,59.07837850491279,High Risk,Failure,Failure,50.0,11.33,38.67,50.0,Inspect Immediately
MD01486,Defibrillator,ScanPro,Model-500,3,3,15127.15,9.09,3,29.724463711778213,Medium Risk,Risk to Failure,Risk to Failure,25.0,25.0,50.0,50.0,Schedule Preventive Maintenance
MD02712,CT Scanner,CardioSync,Model-550,9,2,6746.41,11.04,1,31.32900880631025,Medium Risk,Normal,Normal,11.0,50.0,39.0,50.0,Routine Monitoring
MD04572,MRI Scanner,CardioSync,Model-350,5,1,9027.86,9.78,2,27.05460236629836,Low Risk,Risk to Failure,Risk to Failure,21.67,28.33,50.0,50.0,Schedule Preventive Maintenance
MD00828,Defibrillator,CardioSync,Model-600,11,4,11709.83,6.55,0,31.934225272345856,Medium Risk,Normal,Risk to Failure,10.0,40.0,50.0,50.0,Schedule Preventive Maintenance
MD00088,X-Ray Machine,CardioSync,Model-550,6,4,13641.77,6.93,1,27.10178541452194,Medium Risk,Normal,Risk to Failure,11.67,38.33,50.0,50.0,Schedule Preventive Maintenance
MD01723,X-Ray Machine,RescueTech,Model-150,3,4,14317.19,15.77,1,30.30433103719204,Medium Risk,Normal,Risk to Failure,23.67,26.33,50.0,50.0,Schedule Preventive Maintenance
MD03747,X-Ray Machine,CardioSync,Model-350,9,4,11489.33,12.23,0,33.38352530365535,Medium Risk,Normal,Risk to Failure,33.0,17.0,50.0,50.0,Schedule Preventive Maintenance
MD02666,Infusion Pump,ScanPro,Model-650,12,4,6912.22,6.97,0,30.645116033236278,Medium Risk,Normal,Normal,0.0,50.0,50.0,50.0,Routine Monitoring
MD04549,X-Ray Machine,UltraMed,Model-150,6,4,14072.4,6.55,2,29.56452879716895,Medium Risk,Risk to Failure,Risk to Failure,20.0,30.0,50.0,50.0,Schedule Preventive Maintenance
MD03928,Infusion Pump,RescueTech,Model-100,7,2,13873.42,11.73,2,36.022229675000254,Medium Risk,Risk to Failure,Risk to Failure,27.33,22.67,50.0,50.0,Schedule Preventive Maintenance
MD00600,PET Scanner,MedEquip,Model-250,9,3,18765.76,23.26,11,76.37245997256822,High Risk,Failure,Failure,50.0,2.0,48.0,50.0,Inspect Immediately
MD01337,Defibrillator,RescueTech,Model-550,2,3,14157.41,9.32,4,29.91223173828739,Medium Risk,Failure,Risk to Failure,26.67,23.33,50.0,50.0,Schedule Preventive Maintenance
MD05264,X-Ray Machine,ImagingTech,Model-450,9,1,22985.09,29.11,3,64.8497105353639,High Risk,Risk to Failure,Failure,50.0,2.33,47.67,50.0,Inspect Immediately
MD00574,CT Scanner,CardioSync,Model-300,11,3,12273.75,7.02,3,40.27917347646617,Medium Risk,Risk to Failure,Risk to Failure,15.33,34.67,50.0,50.0,Schedule Preventive Maintenance
MD04842,X-Ray Machine,MedEquip,Model-500,11,5,12067.73,6.36,3,39.51947498667573,Medium Risk,Risk to Failure,Risk to Failure,20.33,29.67,50.0,50.0,Schedule Preventive Maintenance
MD01527,Defibrillator,UltraMed,Model-500,3,1,7206.27,6.77,1,16.8109760336562,Low Risk,Normal,Risk to Failure,7.0,43.0,50.0,50.0,Schedule Preventive Maintenance
MD03251,MRI Scanner,CardioSync,Model-500,6,3,9017.61,12.47,2,31.349922622122147,Medium Risk,Risk to Failure,Risk to Failure,18.67,31.33,50.0,50.0,Schedule Preventive Maintenance
MD04212,X-Ray Machine,MedEquip,Model-200,2,5,7757.59,10.64,1,18.96895697963344,Low Risk,Normal,Risk to Failure,27.67,22.33,50.0,50.0,Schedule Preventive Maintenance
MD01115,MRI Scanner,UltraMed,Model-600,1,3,10197.02,15.61,5,33.518500143213465,Medium Risk,Failure,Risk to Failure,27.67,22.33,50.0,50.0,Schedule Preventive Maintenance
MD05101,X-Ray Machine,ScanPro,Model-150,2,3,15061.54,14.69,2,30.530896569755924,Medium Risk,Risk to Failure,Risk to Failure,31.33,19.0,49.67,49.67,Schedule Preventive Maintenance
MD03749,Defibrillator,ImagingTech,Model-450,6,2,11976.88,9.41,0,25.67949680680057,Low Risk,Normal,Risk to Failure,27.67,22.67,49.67,49.67,Schedule Preventive Maintenance
MD02728,MRI Scanner,UltraMed,Model-500,12,1,15892.06,29.17,2,62.692161060947015,High Risk,Risk to Failure,Failure,49.67,4.33,46.0,49.67,Inspect Immediately
MD00752,CT Scanner,CardioSync,Model-550,9,3,15114.38,18.12,5,53.96476848283412,High Risk,Failure,Failure,49.67,4.33,46.0,49.67,Inspect Immediately
MD05013,X-Ray Machine,RescueTech,Model-600,10,5,6694.93,14.19,1,36.019168451848124,Medium Risk,Normal,Risk to Failure,15.67,34.67,49.67,49.67,Schedule Preventive Maintenance
MD03262,MRI Scanner,ScanPro,Model-350,12,5,9800.56,11.15,2,41.61020741821977,Medium Risk,Risk to Failure,Risk to Failure,15.0,35.33,49.67,49.67,Schedule Preventive Maintenance
MD02740,X-Ray Machine,ScanPro,Model-600,4,4,9966.57,13.31,2,29.180770696777053,Medium Risk,Risk to Failure,Risk to Failure,16.0,34.33,49.67,49.67,Schedule Preventive Maintenance
MD05399,Infusion Pump,RescueTech,Model-300,7,5,14146.0,10.04,1,32.15985288658898,Medium Risk,Normal,Risk to Failure,12.33,38.0,49.67,49.67,Schedule Preventive Maintenance
MD01097,Infusion Pump,RescueTech,Model-100,4,3,13106.93,14.52,1,30.08624062407978,Medium Risk,Normal,Risk to Failure,18.33,32.0,49.67,49.67,Schedule Preventive Maintenance
MD04112,CT Scanner,MedEquip,Model-300,9,5,14173.23,12.1,3,42.71876386387819,Medium Risk,Risk to Failure,Risk to Failure,18.67,31.67,49.67,49.67,Schedule Preventive Maintenance
MD00056,X-Ray Machine,ScanPro,Model-550,6,1,18022.18,24.28,5,56.31830941925938,High Risk,Failure,Risk to Failure,44.33,6.0,49.67,49.67,Schedule Preventive Maintenance
MD03651,PET Scanner,ScanPro,Model-100,8,5,15628.13,8.03,1,33.201289735791214,Medium Risk,Normal,Failure,49.67,18.0,32.33,49.67,Inspect Immediately
MD05118,MRI Scanner,MedEquip,Model-600,10,1,7011.0,12.65,5,44.82702240592443,Medium Risk,Failure,Risk to Failure,13.0,37.33,49.67,49.67,Schedule Preventive Maintenance
MD00768,Defibrillator,ScanPro,Model-600,4,1,13790.1,10.74,1,27.09257389905084,Medium Risk,Normal,Risk to Failure,17.0,33.33,49.67,49.67,Schedule Preventive Maintenance
MD05309,Infusion Pump,UltraMed,Model-350,11,1,20861.61,23.29,3,61.56343099089575,High Risk,Risk to Failure,Risk to Failure,49.33,1.0,49.67,49.67,Schedule Preventive Maintenance
MD00136,Infusion Pump,ScanPro,Model-350,10,3,6278.19,15.36,5,46.79622420967166,Medium Risk,Failure,Failure,49.67,19.67,30.67,49.67,Inspect Immediately
MD00262,Infusion Pump,MedEquip,Model-150,3,4,22203.63,19.9,4,47.36452603327874,Medium Risk,Failure,Failure,49.33,2.33,48.33,49.33,Inspect Immediately
MD01374,X-Ray Machine,ImagingTech,Model-150,6,5,12623.6,6.55,2,28.50902871138407,Medium Risk,Risk to Failure,Normal,10.67,49.33,40.0,49.33,Routine Monitoring
MD04961,Defibrillator,CardioSync,Model-250,11,4,11897.0,6.55,0,32.07058498456035,Medium Risk,Normal,Risk to Failure,12.67,38.0,49.33,49.33,Schedule Preventive Maintenance
MD00707,MRI Scanner,UltraMed,Model-650,10,2,12813.41,12.22,3,43.65710799165152,Medium Risk,Risk to Failure,Risk to Failure,19.0,31.67,49.33,49.33,Schedule Preventive Maintenance
MD04323,PET Scanner,RescueTech,Model-250,5,3,15183.0,11.34,1,30.479717943510025,Medium Risk,Normal,Risk to Failure,35.33,15.33,49.33,49.33,Schedule Preventive Maintenance
MD01455,MRI Scanner,UltraMed,Model-450,2,5,14109.5,11.51,0,21.90011092469979,Low Risk,Normal,Risk to Failure,34.33,16.33,49.33,49.33,Schedule Preventive Maintenance
MD01400,Infusion Pump,ImagingTech,Model-200,6,3,15061.87,10.34,3,36.28600711585212,Medium Risk,Risk to Failure,Risk to Failure,37.33,13.33,49.33,49.33,Schedule Preventive Maintenance
MD01617,CT Scanner,RescueTech,Model-250,7,5,15016.4,14.68,2,39.57968318187474,Medium Risk,Risk to Failure,Risk to Failure,37.33,13.33,49.33,49.33,Schedule Preventive Maintenance
MD00124,MRI Scanner,ScanPro,Model-500,2,2,7391.3,6.91,0,12.756905209717193,Low Risk,Normal,Normal,1.33,49.33,49.33,49.33,Routine Monitoring
MD05166,Infusion Pump,MedEquip,Model-250,5,1,9838.49,14.24,0,26.7646320256719,Low Risk,Normal,Risk to Failure,24.67,26.0,49.33,49.33,Schedule Preventive Maintenance
MD00532,MRI Scanner,RescueTech,Model-500,12,4,12672.87,15.51,3,50.22987656052458,High Risk,Risk to Failure,Risk to Failure,31.67,19.0,49.33,49.33,Schedule Preventive Maintenance
MD01793,X-Ray Machine,ScanPro,Model-300,3,1,11770.96,8.99,3,27.187000592713808,Medium Risk,Risk to Failure,Risk to Failure,20.33,30.33,49.33,49.33,Schedule Preventive Maintenance
MD03743,Defibrillator,RescueTech,Model-450,6,3,6819.15,14.64,2,31.752580068968904,Medium Risk,Risk to Failure,Risk to Failure,23.33,27.33,49.33,49.33,Schedule Preventive Maintenance
MD02561,PET Scanner,ScanPro,Model-100,4,4,11391.3,14.81,1,29.10420294903582,Medium Risk,Normal,Risk to Failure,27.0,23.67,49.33,49.33,Schedule Preventive Maintenance
MD00663,MRI Scanner,MedEquip,Model-350,5,5,7056.86,10.29,3,28.589720929431817,Medium Risk,Risk to Failure,Risk to Failure,11.0,40.0,49.0,49.0,Schedule Preventive Maintenance
MD00638,Defibrillator,RescueTech,Model-150,10,1,14480.51,7.59,1,35.5951692211298,Medium Risk,Normal,Risk to Failure,23.33,27.67,49.0,49.0,Schedule Preventive Maintenance
MD04711,PET Scanner,MedEquip,Model-600,2,3,10652.75,12.56,2,25.35157854297675,Low Risk,Risk to Failure,Risk to Failure,29.67,21.33,49.0,49.0,Schedule Preventive Maintenance
MD03627,PET Scanner,RescueTech,Model-450,5,1,14940.67,13.06,2,34.39184224558228,Medium Risk,Risk to Failure,Failure,49.0,13.67,37.33,49.0,Inspect Immediately
MD02860,PET Scanner,CardioSync,Model-600,4,1,14122.1,24.28,5,49.840604828610886,High Risk,Failure,Failure,49.0,8.33,42.67,49.0,Inspect Immediately
MD02517,CT Scanner,ScanPro,Model-550,4,5,7175.36,12.29,1,23.70516103281852,Low Risk,Normal,Risk to Failure,8.33,42.67,49.0,49.0,Schedule Preventive Maintenance
MD03692,Defibrillator,ScanPro,Model-100,9,5,12805.74,8.55,1,33.443559992425804,Medium Risk,Normal,Risk to Failure,8.33,42.67,49.0,49.0,Schedule Preventive Maintenance
MD00128,X-Ray Machine,MedEquip,Model-300,11,3,16372.69,6.55,6,50.33127740514741,High Risk,Failure,Risk to Failure,32.0,19.0,49.0,49.0,Schedule Preventive Maintenance
MD00896,PET Scanner,ScanPro,Model-150,4,4,14735.24,28.81,5,54.47141147711436,High Risk,Failure,Failure,49.0,17.0,34.0,49.0,Inspect Immediately
MD03514,MRI Scanner,MedEquip,Model-400,7,2,15448.82,14.55,2,39.77464197046386,Medium Risk,Risk to Failure,Failure,49.0,9.33,41.67,49.0,Inspect Immediately
MD03138,Infusion Pump,UltraMed,Model-350,11,1,8199.02,7.73,4,40.46638223321646,Medium Risk,Failure,Normal,13.33,49.0,37.67,49.0,Routine Monitoring
MD01361,CT Scanner,MedEquip,Model-400,5,5,15168.67,8.69,2,30.521617952504908,Medium Risk,Risk to Failure,Risk to Failure,29.0,22.0,49.0,49.0,Schedule Preventive Maintenance
MD00467,MRI Scanner,RescueTech,Model-450,4,3,12674.8,6.41,6,34.780655671932344,Medium Risk,Failure,Risk to Failure,15.33,35.67,49.0,49.0,Schedule Preventive Maintenance
MD04634,X-Ray Machine,RescueTech,Model-600,9,5,14107.5,12.53,1,38.0680448105368,Medium Risk,Normal,Risk to Failure,25.0,26.0,49.0,49.0,Schedule Preventive Maintenance
MD02257,X-Ray Machine,ImagingTech,Model-600,8,2,14210.87,14.63,3,43.264826726245566,Medium Risk,Risk to Failure,Risk to Failure,29.0,22.0,49.0,49.0,Schedule Preventive Maintenance
MD01787,MRI Scanner,CardioSync,Model-650,12,2,8376.21,3.97,0,28.940746590168757,Medium Risk,Normal,Normal,3.0,49.0,48.0,49.0,Routine Monitoring
MD04138,CT Scanner,ScanPro,Model-300,5,2,11575.74,13.97,2,32.78089351259652,Medium Risk,Risk to Failure,Risk to Failure,29.67,21.33,49.0,49.0,Schedule Preventive Maintenance
MD05369,CT Scanner,MedEquip,Model-550,7,2,14888.57,17.5,10,62.09123448126479,High Risk,Failure,Risk to Failure,43.67,7.33,49.0,49.0,Schedule Preventive Maintenance
MD01743,Infusion Pump,CardioSync,Model-600,8,2,11209.0,15.87,2,39.72318250962683,Medium Risk,Risk to Failure,Risk to Failure,21.67,29.67,48.67,48.67,Schedule Preventive Maintenance
MD04769,X-Ray Machine,ImagingTech,Model-250,10,2,14496.3,25.14,2,54.31664814273767,High Risk,Risk to Failure,Failure,48.67,8.67,42.67,48.67,Inspect Immediately
MD00646,Infusion Pump,ScanPro,Model-650,5,4,14620.6,12.97,6,44.0755322835114,Medium Risk,Failure,Risk to Failure,38.0,13.33,48.67,48.67,Schedule Preventive Maintenance
MD02068,MRI Scanner,CardioSync,Model-550,7,3,9275.49,7.98,2,29.208811305271222,Medium Risk,Risk to Failure,Risk to Failure,17.0,34.33,48.67,48.67,Schedule Preventive Maintenance
MD05357,MRI Scanner,RescueTech,Model-350,10,3,19986.08,17.64,2,51.38879972451503,High Risk,Risk to Failure,Risk to Failure,45.33,6.0,48.67,48.67,Schedule Preventive Maintenance
MD00448,CT Scanner,UltraMed,Model-100,9,2,6599.79,10.67,2,33.380442380066924,Medium Risk,Risk to Failure,Normal,11.0,48.67,40.33,48.67,Routine Monitoring
MD01467,MRI Scanner,ScanPro,Model-600,11,3,9943.71,12.91,2,41.52193100831149,Medium Risk,Risk to Failure,Risk to Failure,10.67,40.67,48.67,48.67,Schedule Preventive Maintenance
MD02800,Infusion Pump,UltraMed,Model-550,7,4,11261.45,15.67,3,40.25848323666804,Medium Risk,Risk to Failure,Risk to Failure,35.33,16.0,48.67,48.67,Schedule Preventive Maintenance
MD00423,MRI Scanner,ScanPro,Model-200,1,5,8128.16,7.44,1,14.465082988000882,Low Risk,Normal,Normal,10.33,48.67,41.0,48.67,Routine Monitoring
MD04029,Infusion Pump,UltraMed,Model-550,5,1,9627.54,14.52,4,36.86956846415623,Medium Risk,Failure,Risk to Failure,31.0,20.33,48.67,48.67,Schedule Preventive Maintenance
MD04838,MRI Scanner,ScanPro,Model-100,11,4,15541.61,10.04,1,40.44932952066512,Medium Risk,Normal,Risk to Failure,31.67,19.67,48.67,48.67,Schedule Preventive Maintenance
MD05489,Defibrillator,ScanPro,Model-400,12,3,15393.82,25.24,7,71.19925016327012,High Risk,Failure,Failure,48.67,8.0,43.33,48.67,Inspect Immediately
MD00156,X-Ray Machine,UltraMed,Model-600,10,1,13778.99,7.41,5,44.91783187894173,Medium Risk,Failure,Risk to Failure,6.33,45.0,48.67,48.67,Schedule Preventive Maintenance
MD02272,CT Scanner,MedEquip,Model-150,2,4,6033.61,11.84,3,23.821353286915567,Low Risk,Risk to Failure,Risk to Failure,16.33,35.0,48.67,48.67,Schedule Preventive Maintenance
MD01755,MRI Scanner,MedEquip,Model-350,12,5,10116.82,10.04,3,43.31536728144428,Medium Risk,Risk to Failure,Risk to Failure,18.33,33.0,48.67,48.67,Schedule Preventive Maintenance
MD03665,X-Ray Machine,ImagingTech,Model-350,10,1,14577.37,7.13,2,37.740858178856506,Medium Risk,Risk to Failure,Risk to Failure,20.33,31.0,48.67,48.67,Schedule Preventive Maintenance
MD00804,Defibrillator,ScanPro,Model-200,12,1,6706.01,14.2,3,44.67284069833704,Medium Risk,Risk to Failure,Risk to Failure,23.0,28.33,48.67,48.67,Schedule Preventive Maintenance
MD03453,Infusion Pump,ImagingTech,Model-600,3,2,11252.07,13.62,1,26.085449408444703,Low Risk,Normal,Risk to Failure,33.0,18.33,48.67,48.67,Schedule Preventive Maintenance
MD04191,Infusion Pump,MedEquip,Model-500,5,4,11724.86,13.46,3,34.91847339211232,Medium Risk,Risk to Failure,Risk to Failure,22.33,29.0,48.67,48.67,Schedule Preventive Maintenance
MD04754,X-Ray Machine,ScanPro,Model-300,7,3,6430.68,8.21,2,27.348708868175457,Medium Risk,Risk to Failure,Normal,12.33,48.67,39.0,48.67,Routine Monitoring
MD04414,X-Ray Machine,ImagingTech,Model-500,2,3,23398.04,17.69,5,46.8752563743184,Medium Risk,Failure,Failure,48.67,6.33,45.0,48.67,Inspect Immediately
MD03585,Defibrillator,MedEquip,Model-250,1,5,6389.34,12.62,3,22.982776224834943,Low Risk,Risk to Failure,Risk to Failure,21.67,29.67,48.67,48.67,Schedule Preventive Maintenance
MD02694,CT Scanner,MedEquip,Model-500,12,1,14642.86,8.99,1,40.64291380364836,Medium Risk,Normal,Risk to Failure,32.33,19.33,48.33,48.33,Schedule Preventive Maintenance
MD00483,PET Scanner,ScanPro,Model-300,4,3,8330.9,14.71,2,29.282232907259047,Medium Risk,Risk to Failure,Risk to Failure,17.67,34.0,48.33,48.33,Schedule Preventive Maintenance
MD01947,MRI Scanner,RescueTech,Model-450,7,1,6650.87,9.21,0,23.4327700938729,Low Risk,Normal,Risk to Failure,15.67,36.0,48.33,48.33,Schedule Preventive Maintenance
MD01174,PET Scanner,RescueTech,Model-100,7,4,13940.47,11.25,3,38.12772812723601,Medium Risk,Risk to Failure,Failure,48.33,18.67,33.0,48.33,Inspect Immediately
MD04399,Defibrillator,UltraMed,Model-200,4,1,12723.41,11.57,3,32.08207956278106,Medium Risk,Risk to Failure,Failure,48.33,10.33,41.33,48.33,Inspect Immediately
MD00367,Infusion Pump,ImagingTech,Model-250,1,1,10686.87,8.72,1,17.511456275944372,Low Risk,Normal,Risk to Failure,33.0,18.67,48.33,48.33,Schedule Preventive Maintenance
MD02490,Defibrillator,ScanPro,Model-250,2,2,10162.57,6.26,1,16.67550022062077,Low Risk,Normal,Failure,48.33,25.67,26.0,48.33,Inspect Immediately
MD00149,Infusion Pump,ScanPro,Model-100,8,5,15788.06,6.51,2,34.413863294646355,Medium Risk,Risk to Failure,Failure,48.33,25.67,26.0,48.33,Inspect Immediately
MD04066,Infusion Pump,MedEquip,Model-650,10,3,10045.7,8.34,0,30.556993261360653,Medium Risk,Normal,Risk to Failure,28.0,23.67,48.33,48.33,Schedule Preventive Maintenance
MD00866,X-Ray Machine,CardioSync,Model-350,12,2,615.3,7.81,0,26.83345767137591,Low Risk,Normal,Risk to Failure,19.33,32.33,48.33,48.33,Schedule Preventive Maintenance
MD04028,X-Ray Machine,ImagingTech,Model-550,4,3,14748.01,23.33,6,51.91913850184888,High Risk,Failure,Failure,48.33,8.67,43.0,48.33,Inspect Immediately
MD00573,X-Ray Machine,ScanPro,Model-500,6,1,6068.71,12.85,2,29.552533877085928,Medium Risk,Risk to Failure,Risk to Failure,21.67,30.0,48.33,48.33,Schedule Preventive Maintenance
MD03882,Defibrillator,ImagingTech,Model-450,12,3,12179.2,7.64,2,40.1011325017352,Medium Risk,Risk to Failure,Risk to Failure,7.0,44.67,48.33,48.33,Schedule Preventive Maintenance
MD04666,X-Ray Machine,UltraMed,Model-150,11,2,17207.05,16.93,7,63.0265754723429,High Risk,Failure,Failure,48.33,10.33,41.33,48.33,Inspect Immediately
MD04416,CT Scanner,MedEquip,Model-350,10,3,7011.0,8.69,2,33.66938693794413,Medium Risk,Risk to Failure,Risk to Failure,13.0,38.67,48.33,48.33,Schedule Preventive Maintenance
MD05114,CT Scanner,UltraMed,Model-150,3,3,6873.35,13.61,1,22.886166478415035,Low Risk,Normal,Risk to Failure,26.0,25.67,48.33,48.33,Schedule Preventive Maintenance
MD00993,Defibrillator,RescueTech,Model-300,1,1,7301.65,8.66,2,17.48978962713516,Low Risk,Risk to Failure,Risk to Failure,18.0,33.67,48.33,48.33,Schedule Preventive Maintenance
MD01170,X-Ray Machine,MedEquip,Model-600,7,4,22924.32,15.85,4,51.42153694089235,High Risk,Failure,Failure,48.33,5.67,46.0,48.33,Inspect Immediately
MD05307,Defibrillator,CardioSync,Model-350,10,2,13654.34,7.52,1,34.928621098776134,Medium Risk,Normal,Risk to Failure,18.67,33.0,48.33,48.33,Schedule Preventive Maintenance
MD04518,Defibrillator,ImagingTech,Model-500,2,4,8253.48,6.55,1,15.5525203543869,Low Risk,Normal,Risk to Failure,4.0,47.67,48.33,48.33,Schedule Preventive Maintenance
MD03469,PET Scanner,CardioSync,Model-350,2,4,14302.87,14.38,3,32.19184961679356,Medium Risk,Risk to Failure,Risk to Failure,29.0,22.67,48.33,48.33,Schedule Preventive Maintenance
MD02433,X-Ray Machine,RescueTech,Model-450,11,1,13991.7,7.96,1,37.39898509427506,Medium Risk,Normal,Risk to Failure,24.33,27.33,48.33,48.33,Schedule Preventive Maintenance
MD02720,PET Scanner,MedEquip,Model-600,6,1,14480.42,9.21,3,34.81868179906009,Medium Risk,Risk to Failure,Risk to Failure,30.67,21.0,48.33,48.33,Schedule Preventive Maintenance
MD02834,MRI Scanner,MedEquip,Model-300,8,2,7972.64,10.35,3,34.76686198651328,Medium Risk,Risk to Failure,Failure,48.33,12.0,39.67,48.33,Inspect Immediately
MD01457,X-Ray Machine,RescueTech,Model-200,8,2,12539.98,10.09,2,35.35417676663084,Medium Risk,Risk to Failure,Risk to Failure,23.67,28.33,48.0,48.0,Schedule Preventive Maintenance
MD00299,X-Ray Machine,RescueTech,Model-250,3,5,15073.11,6.12,1,21.94186713244138,Low Risk,Normal,Normal,26.0,48.0,26.0,48.0,Routine Monitoring
MD01080,MRI Scanner,ImagingTech,Model-550,7,3,8562.9,10.74,0,26.238926332879338,Low Risk,Normal,Risk to Failure,17.67,34.33,48.0,48.0,Schedule Preventive Maintenance
MD03570,PET Scanner,CardioSync,Model-150,6,5,12715.86,15.43,1,34.27821370326676,Medium Risk,Normal,Risk to Failure,17.67,34.33,48.0,48.0,Schedule Preventive Maintenance
MD01453,Infusion Pump,RescueTech,Model-450,6,1,8998.18,5.48,0,19.879486417968277,Low Risk,Normal,Normal,16.67,48.0,35.33,48.0,Routine Monitoring
MD01035,MRI Scanner,ImagingTech,Model-600,7,1,13262.77,7.33,1,29.013310967828083,Medium Risk,Normal,Normal,14.33,48.0,37.67,48.0,Routine Monitoring
MD05360,Infusion Pump,ScanPro,Model-250,11,3,12738.81,10.72,0,36.535473191768894,Medium Risk,Normal,Normal,8.0,48.0,44.0,48.0,Routine Monitoring
MD00625,PET Scanner,RescueTech,Model-400,10,3,15999.41,10.53,1,39.4172567829803,Medium Risk,Normal,Failure,48.0,17.0,35.0,48.0,Inspect Immediately
MD03127,CT Scanner,ScanPro,Model-350,10,1,6195.07,11.6,4,40.762762058125546,Medium Risk,Failure,Risk to Failure,18.0,34.0,48.0,48.0,Schedule Preventive Maintenance
MD04766,CT Scanner,RescueTech,Model-650,7,3,6346.91,14.74,3,35.81908351434502,Medium Risk,Risk to Failure,Normal,11.0,48.0,41.0,48.0,Routine Monitoring
MD05090,MRI Scanner,MedEquip,Model-450,5,2,10345.39,13.17,4,36.14562542696247,Medium Risk,Failure,Risk to Failure,17.33,34.67,48.0,48.0,Schedule Preventive Maintenance
MD04927,Infusion Pump,RescueTech,Model-100,9,2,15770.3,8.3,1,35.372431471815,Medium Risk,Normal,Risk to Failure,32.0,20.0,48.0,48.0,Schedule Preventive Maintenance
MD02784,Defibrillator,ImagingTech,Model-600,9,4,24914.3,14.29,5,57.56678200358391,High Risk,Failure,Risk to Failure,44.67,7.33,48.0,48.0,Schedule Preventive Maintenance
MD00534,CT Scanner,RescueTech,Model-150,2,2,15946.53,12.34,4,34.00507538819207,Medium Risk,Failure,Failure,48.0,20.67,31.33,48.0,Inspect Immediately
MD04486,Infusion Pump,ScanPro,Model-600,10,5,13085.83,7.21,2,36.72811217474312,Medium Risk,Risk to Failure,Risk to Failure,8.67,43.33,48.0,48.0,Schedule Preventive Maintenance
MD00351,MRI Scanner,ImagingTech,Model-200,10,2,13507.64,7.28,0,32.10007028143696,Medium Risk,Normal,Risk to Failure,13.33,38.67,48.0,48.0,Schedule Preventive Maintenance
MD05055,Infusion Pump,ScanPro,Model-100,9,1,8714.04,6.88,0,26.42012966481574,Low Risk,Normal,Normal,9.0,48.0,43.0,48.0,Routine Monitoring
MD05285,CT Scanner,CardioSync,Model-200,12,1,13215.82,7.92,1,38.61496612549192,Medium Risk,Normal,Risk to Failure,5.33,46.67,48.0,48.0,Schedule Preventive Maintenance
MD05287,Defibrillator,UltraMed,Model-200,5,2,7702.65,15.62,3,33.98323046979205,Medium Risk,Risk to Failure,Risk to Failure,26.67,25.67,47.67,47.67,Schedule Preventive Maintenance
MD03819,X-Ray Machine,MedEquip,Model-300,9,4,6070.72,12.92,1,32.57319885742206,Medium Risk,Normal,Risk to Failure,31.0,21.33,47.67,47.67,Schedule Preventive Maintenance
MD04571,X-Ray Machine,MedEquip,Model-150,4,2,24159.76,17.61,1,40.99266731752351,Medium Risk,Normal,Risk to Failure,47.0,5.33,47.67,47.67,Schedule Preventive Maintenance
MD00248,X-Ray Machine,MedEquip,Model-500,10,3,16836.32,17.6,4,54.057146602070354,High Risk,Failure,Failure,47.67,6.0,46.33,47.67,Inspect Immediately
MD01027,PET Scanner,RescueTech,Model-650,10,3,7295.03,9.83,3,37.4292681202006,Medium Risk,Risk to Failure,Risk to Failure,22.0,30.33,47.67,47.67,Schedule Preventive Maintenance
MD03812,Defibrillator,RescueTech,Model-500,4,4,8626.9,6.6,1,19.50711542989249,Low Risk,Normal,Normal,4.67,47.67,47.67,47.67,Routine Monitoring
MD04850,MRI Scanner,ScanPro,Model-550,7,4,12735.47,7.23,3,33.536790447932646,Medium Risk,Risk to Failure,Risk to Failure,21.67,30.67,47.67,47.67,Schedule Preventive Maintenance
MD00832,PET Scanner,MedEquip,Model-150,7,2,12615.99,6.55,1,27.82166638568625,Medium Risk,Normal,Normal,26.33,47.67,26.0,47.67,Routine Monitoring
MD00952,X-Ray Machine,CardioSync,Model-650,8,2,10168.27,12.13,0,30.51054180317292,Medium Risk,Normal,Risk to Failure,33.0,19.33,47.67,47.67,Schedule Preventive Maintenance
MD04356,MRI Scanner,ScanPro,Model-500,2,3,13749.59,11.46,2,26.59172198014573,Low Risk,Risk to Failure,Risk to Failure,10.67,41.67,47.67,47.67,Schedule Preventive Maintenance
MD02481,MRI Scanner,CardioSync,Model-450,10,1,8074.96,14.8,1,37.5879908985113,Medium Risk,Normal,Risk to Failure,18.0,34.33,47.67,47.67,Schedule Preventive Maintenance
MD04783,MRI Scanner,UltraMed,Model-400,9,2,6543.2,11.8,0,29.382933851791183,Medium Risk,Normal,Risk to Failure,29.67,22.67,47.67,47.67,Schedule Preventive Maintenance
MD01423,PET Scanner,ScanPro,Model-650,12,2,13908.81,13.8,3,49.55086739762662,High Risk,Risk to Failure,Failure,47.67,16.67,35.67,47.67,Inspect Immediately
MD04030,Infusion Pump,ImagingTech,Model-150,9,5,14692.21,6.26,1,32.70276977877052,Medium Risk,Normal,Risk to Failure,23.67,28.67,47.67,47.67,Schedule Preventive Maintenance
MD03502,PET Scanner,ImagingTech,Model-550,9,1,15223.44,6.61,2,35.913064767407334,Medium Risk,Risk to Failure,Risk to Failure,12.33,40.0,47.67,47.67,Schedule Preventive Maintenance
MD01718,X-Ray Machine,ImagingTech,Model-300,1,4,8919.2,6.2,2,16.396062340831804,Low Risk,Risk to Failure,Normal,14.67,47.67,37.67,47.67,Routine Monitoring
MD00148,Infusion Pump,ScanPro,Model-550,9,2,15822.48,9.01,1,36.06623455423238,Medium Risk,Normal,Failure,47.67,15.33,37.0,47.67,Inspect Immediately
MD01864,Infusion Pump,UltraMed,Model-350,1,4,15257.84,10.54,0,20.022597900558395,Low Risk,Normal,Risk to Failure,33.0,19.33,47.67,47.67,Schedule Preventive Maintenance
MD02953,PET Scanner,MedEquip,Model-600,3,3,7522.39,8.14,1,18.306674296206825,Low Risk,Normal,Normal,21.33,47.33,31.33,47.33,Routine Monitoring
MD03406,CT Scanner,CardioSync,Model-200,5,5,15524.36,10.9,3,35.322006375127145,Medium Risk,Risk to Failure,Risk to Failure,35.0,17.67,47.33,47.33,Schedule Preventive Maintenance
MD03791,Defibrillator,UltraMed,Model-250,11,4,15470.02,6.23,3,41.87808510034073,Medium Risk,Risk to Failure,Normal,24.33,47.33,28.33,47.33,Routine Monitoring
MD00183,Infusion Pump,ScanPro,Model-400,5,5,7474.95,15.11,0,25.846284160513356,Low Risk,Normal,Risk to Failure,28.0,24.67,47.33,47.33,Schedule Preventive Maintenance
MD00531,Infusion Pump,ImagingTech,Model-400,5,2,7163.63,10.42,2,26.28758039819662,Low Risk,Risk to Failure,Risk to Failure,27.0,25.67,47.33,47.33,Schedule Preventive Maintenance
MD01840,CT Scanner,ScanPro,Model-150,6,3,15662.47,14.81,0,33.35225922855366,Medium Risk,Normal,Failure,47.33,12.67,40.0,47.33,Inspect Immediately
MD02764,MRI Scanner,MedEquip,Model-400,7,3,11951.42,6.89,2,30.15154394197866,Medium Risk,Risk to Failure,Risk to Failure,32.67,20.0,47.33,47.33,Schedule Preventive Maintenance
MD02603,Infusion Pump,MedEquip,Model-450,8,1,9306.67,9.76,0,27.693797484095924,Medium Risk,Normal,Risk to Failure,27.33,25.33,47.33,47.33,Schedule Preventive Maintenance
MD01867,PET Scanner,RescueTech,Model-450,11,4,8983.63,7.83,0,31.130361841373432,Medium Risk,Normal,Normal,18.33,47.33,34.33,47.33,Routine Monitoring
MD01847,X-Ray Machine,ScanPro,Model-100,8,2,7011.0,12.29,2,33.35814645428985,Medium Risk,Risk to Failure,Risk to Failure,37.0,15.67,47.33,47.33,Schedule Preventive Maintenance
MD00609,MRI Scanner,RescueTech,Model-500,2,1,9580.74,8.83,1,18.625385745630837,Low Risk,Normal,Risk to Failure,32.67,20.0,47.33,47.33,Schedule Preventive Maintenance
MD00035,X-Ray Machine,ImagingTech,Model-550,7,5,9106.19,6.05,3,29.802835027984344,Medium Risk,Risk to Failure,Risk to Failure,19.0,33.67,47.33,47.33,Schedule Preventive Maintenance
MD04276,Infusion Pump,CardioSync,Model-400,5,1,13611.33,10.4,4,35.96647628190531,Medium Risk,Failure,Risk to Failure,36.0,16.67,47.33,47.33,Schedule Preventive Maintenance
MD03000,X-Ray Machine,ImagingTech,Model-550,11,3,7069.19,11.58,2,38.19929712602317,Medium Risk,Risk to Failure,Normal,22.33,47.33,30.33,47.33,Routine Monitoring
MD04097,MRI Scanner,MedEquip,Model-450,5,2,14320.29,14.01,2,34.81733736546576,Medium Risk,Risk to Failure,Risk to Failure,25.0,27.67,47.33,47.33,Schedule Preventive Maintenance
MD04614,MRI Scanner,ImagingTech,Model-200,12,1,8368.35,6.33,0,31.114823268449552,Medium Risk,Normal,Failure,47.33,42.33,10.33,47.33,Inspect Immediately
MD04565,CT Scanner,ImagingTech,Model-400,6,4,24131.62,32.98,4,66.30495857803936,High Risk,Failure,Failure,47.0,7.33,45.67,47.0,Inspect Immediately
MD04954,PET Scanner,UltraMed,Model-250,10,2,15189.08,15.16,4,50.60338164440339,High Risk,Failure,Risk to Failure,30.67,22.33,47.0,47.0,Schedule Preventive Maintenance
MD04457,PET Scanner,RescueTech,Model-250,7,5,8997.74,4.25,1,23.06126393733965,Low Risk,Normal,Failure,47.0,44.0,9.0,47.0,Inspect Immediately
MD00440,CT Scanner,ImagingTech,Model-550,3,2,11694.8,8.71,1,21.872894752221136,Low Risk,Normal,Failure,47.0,26.33,26.67,47.0,Inspect Immediately
MD04563,Infusion Pump,ScanPro,Model-150,9,2,7365.38,9.4,2,32.76517118252494,Medium Risk,Risk to Failure,Risk to Failure,18.67,34.33,47.0,47.0,Schedule Preventive Maintenance
MD01677,Defibrillator,ImagingTech,Model-600,8,4,15061.6,16.07,2,42.71466173275986,Medium Risk,Risk to Failure,Risk to Failure,32.33,20.67,47.0,47.0,Schedule Preventive Maintenance
MD04439,MRI Scanner,CardioSync,Model-450,4,1,10013.95,7.54,1,21.385855141029506,Low Risk,Normal,Risk to Failure,18.33,34.67,47.0,47.0,Schedule Preventive Maintenance
MD03312,Defibrillator,ImagingTech,Model-600,9,4,14357.43,7.82,1,33.89975785961484,Medium Risk,Normal,Normal,12.0,47.0,41.0,47.0,Routine Monitoring
MD01759,CT Scanner,UltraMed,Model-550,10,4,14864.97,8.13,3,41.37402988273089,Medium Risk,Risk to Failure,Risk to Failure,19.0,34.0,47.0,47.0,Schedule Preventive Maintenance
MD02574,Infusion Pump,CardioSync,Model-150,8,2,13156.75,6.22,2,32.229007303965766,Medium Risk,Risk to Failure,Risk to Failure,13.67,39.33,47.0,47.0,Schedule Preventive Maintenance
MD02125,PET Scanner,MedEquip,Model-200,1,5,16209.34,24.94,4,44.01629062985547,Medium Risk,Failure,Failure,47.0,13.67,39.33,47.0,Inspect Immediately
MD04344,Infusion Pump,ImagingTech,Model-500,6,1,12780.23,8.65,1,28.06279416709196,Medium Risk,Normal,Risk to Failure,29.0,24.33,46.67,46.67,Schedule Preventive Maintenance
MD04618,PET Scanner,ScanPro,Model-450,11,4,13545.76,13.66,4,49.838880959255405,High Risk,Failure,Risk to Failure,26.0,27.33,46.67,46.67,Schedule Preventive Maintenance
MD04324,X-Ray Machine,CardioSync,Model-550,6,3,7211.24,8.43,1,23.802393533799943,Low Risk,Normal,Normal,15.67,46.67,37.67,46.67,Routine Monitoring
MD03555,X-Ray Machine,UltraMed,Model-450,2,2,16479.91,26.11,5,49.61225692201268,High Risk,Failure,Risk to Failure,44.0,9.33,46.67,46.67,Schedule Preventive Maintenance
MD03187,CT Scanner,RescueTech,Model-300,9,3,6357.53,14.41,1,34.158381226318504,Medium Risk,Normal,Risk to Failure,21.67,31.67,46.67,46.67,Schedule Preventive Maintenance
MD01788,PET Scanner,RescueTech,Model-200,4,5,6847.37,8.51,1,19.974829849795206,Low Risk,Normal,Risk to Failure,12.0,41.33,46.67,46.67,Schedule Preventive Maintenance
MD01427,Defibrillator,RescueTech,Model-650,9,5,10033.94,9.02,2,34.35832270085703,Medium Risk,Risk to Failure,Risk to Failure,18.33,35.0,46.67,46.67,Schedule Preventive Maintenance
MD01235,X-Ray Machine,RescueTech,Model-600,9,2,12401.67,7.7,2,34.8640827294638,Medium Risk,Risk to Failure,Normal,15.0,46.67,38.33,46.67,Routine Monitoring
MD01651,Infusion Pump,ImagingTech,Model-400,4,1,6079.92,15.16,1,25.55795779672316,Low Risk,Normal,Failure,46.67,15.33,38.0,46.67,Inspect Immediately
MD04615,Infusion Pump,ScanPro,Model-550,9,1,7011.0,14.62,5,44.82842186853079,Medium Risk,Failure,Risk to Failure,25.33,28.0,46.67,46.67,Schedule Preventive Maintenance
MD01293,Infusion Pump,CardioSync,Model-350,2,1,6999.62,15.21,1,22.637809163045496,Low Risk,Normal,Risk to Failure,33.67,19.67,46.67,46.67,Schedule Preventive Maintenance
MD04628,MRI Scanner,ImagingTech,Model-500,8,5,8065.82,8.0,1,27.66418028388004,Medium Risk,Normal,Normal,10.67,46.67,42.67,46.67,Routine Monitoring
MD03547,Infusion Pump,RescueTech,Model-300,12,4,10319.51,12.72,3,45.93840329975165,Medium Risk,Risk to Failure,Risk to Failure,13.0,40.33,46.67,46.67,Schedule Preventive Maintenance
MD04461,MRI Scanner,MedEquip,Model-100,4,2,7716.49,12.5,2,26.79335816340941,Low Risk,Risk to Failure,Risk to Failure,34.33,19.0,46.67,46.67,Schedule Preventive Maintenance
MD01013,CT Scanner,ImagingTech,Model-550,7,1,13371.12,7.74,3,34.470942209997055,Medium Risk,Risk to Failure,Risk to Failure,25.33,28.0,46.67,46.67,Schedule Preventive Maintenance
MD00242,MRI Scanner,UltraMed,Model-500,1,4,11811.38,6.56,1,16.335626173293043,Low Risk,Normal,Risk to Failure,25.0,28.33,46.67,46.67,Schedule Preventive Maintenance
MD00252,CT Scanner,CardioSync,Model-250,8,4,15706.23,10.55,3,40.58577444952087,Medium Risk,Risk to Failure,Risk to Failure,25.33,28.0,46.67,46.67,Schedule Preventive Maintenance
MD03202,PET Scanner,ImagingTech,Model-150,7,5,12660.62,13.37,1,34.15344194266903,Medium Risk,Normal,Risk to Failure,9.33,44.0,46.67,46.67,Schedule Preventive Maintenance
MD03949,PET Scanner,MedEquip,Model-100,4,4,11594.22,9.24,2,26.60733263854178,Low Risk,Risk to Failure,Risk to Failure,17.33,36.33,46.33,46.33,Schedule Preventive Maintenance
MD05129,Infusion Pump,UltraMed,Model-650,6,2,9248.09,6.28,0,20.80047061065165,Low Risk,Normal,Normal,16.0,46.33,37.67,46.33,Routine Monitoring
MD00601,MRI Scanner,MedEquip,Model-100,9,2,6857.98,12.91,3,38.13750809550599,Medium Risk,Risk to Failure,Failure,46.33,24.67,29.0,46.33,Inspect Immediately
MD03852,CT Scanner,MedEquip,Model-550,6,1,8398.49,14.97,0,28.207985941174165,Medium Risk,Normal,Normal,22.33,46.33,31.33,46.33,Routine Monitoring
MD02655,Defibrillator,UltraMed,Model-550,11,1,13220.78,7.69,0,34.0879594123958,Medium Risk,Normal,Risk to Failure,20.33,33.33,46.33,46.33,Schedule Preventive Maintenance
MD00523,MRI Scanner,ScanPro,Model-150,6,5,10703.25,11.82,3,34.47759924668486,Medium Risk,Risk to Failure,Risk to Failure,27.33,26.33,46.33,46.33,Schedule Preventive Maintenance
MD02338,CT Scanner,ImagingTech,Model-400,3,4,17802.48,32.27,8,65.5836311492569,High Risk,Failure,Risk to Failure,46.0,7.67,46.33,46.33,Schedule Preventive Maintenance
MD02752,PET Scanner,CardioSync,Model-100,2,1,10721.49,9.31,0,17.399810680757707,Low Risk,Normal,Risk to Failure,30.33,23.33,46.33,46.33,Schedule Preventive Maintenance
MD04258,MRI Scanner,MedEquip,Model-550,12,5,7645.79,8.58,0,32.66661569859423,Medium Risk,Normal,Normal,19.33,46.33,34.33,46.33,Routine Monitoring
MD00844,CT Scanner,ImagingTech,Model-400,12,1,14652.62,15.03,2,48.72884202965759,High Risk,Risk to Failure,Failure,46.33,20.33,33.33,46.33,Inspect Immediately
MD02913,MRI Scanner,ScanPro,Model-300,2,2,7001.03,10.32,1,18.12221078024782,Low Risk,Normal,Risk to Failure,38.0,15.67,46.33,46.33,Schedule Preventive Maintenance
MD00220,X-Ray Machine,MedEquip,Model-250,3,1,7011.0,14.56,3,28.863912240228053,Medium Risk,Risk to Failure,Risk to Failure,24.33,29.33,46.33,46.33,Schedule Preventive Maintenance
MD00456,CT Scanner,RescueTech,Model-250,9,3,14965.46,6.61,1,33.22511756135351,Medium Risk,Normal,Risk to Failure,12.67,41.0,46.33,46.33,Schedule Preventive Maintenance
MD03902,PET Scanner,RescueTech,Model-400,5,1,7155.41,8.32,1,21.841936676151995,Low Risk,Normal,Normal,10.0,46.33,43.67,46.33,Routine Monitoring
MD05344,PET Scanner,RescueTech,Model-250,10,5,11578.5,14.8,3,45.14043897315981,Medium Risk,Risk to Failure,Normal,20.33,46.33,33.33,46.33,Routine Monitoring
MD02511,Infusion Pump,CardioSync,Model-600,7,2,14198.34,12.53,4,41.99786120440003,Medium Risk,Failure,Risk to Failure,31.33,22.33,46.33,46.33,Schedule Preventive Maintenance
MD02922,CT Scanner,RescueTech,Model-150,6,2,15446.16,15.23,0,33.58260106952722,Medium Risk,Normal,Risk to Failure,30.67,23.0,46.33,46.33,Schedule Preventive Maintenance
MD00975,MRI Scanner,RescueTech,Model-500,9,5,15083.08,7.52,1,34.1513249739711,Medium Risk,Normal,Risk to Failure,17.0,36.67,46.33,46.33,Schedule Preventive Maintenance
MD00084,CT Scanner,UltraMed,Model-400,6,3,7506.76,15.38,1,30.437024882272077,Medium Risk,Normal,Risk to Failure,30.0,23.67,46.33,46.33,Schedule Preventive Maintenance
MD05308,CT Scanner,RescueTech,Model-200,6,2,12700.67,13.06,1,32.07810786266103,Medium Risk,Normal,Risk to Failure,40.67,13.0,46.33,46.33,Schedule Preventive Maintenance
MD01159,PET Scanner,ImagingTech,Model-550,10,1,15086.29,12.03,2,42.63748578044049,Medium Risk,Risk to Failure,Risk to Failure,30.67,23.0,46.33,46.33,Schedule Preventive Maintenance
MD01323,Defibrillator,ScanPro,Model-400,12,3,14177.55,6.55,3,43.050225058289314,Medium Risk,Risk to Failure,Failure,46.0,19.33,34.67,46.0,Inspect Immediately
MD00568,CT Scanner,MedEquip,Model-250,11,5,14557.96,20.85,2,52.2173129448456,High Risk,Risk to Failure,Risk to Failure,41.0,13.0,46.0,46.0,Schedule Preventive Maintenance
MD02928,PET Scanner,RescueTech,Model-150,9,5,14109.45,10.63,1,36.3145393434982,Medium Risk,Normal,Normal,10.67,46.0,43.33,46.0,Routine Monitoring
MD01050,CT Scanner,MedEquip,Model-250,12,2,11801.0,8.49,2,40.61069945816287,Medium Risk,Risk to Failure,Risk to Failure,21.0,33.0,46.0,46.0,Schedule Preventive Maintenance
MD03898,PET Scanner,RescueTech,Model-200,7,3,12574.62,7.66,2,31.31677323876584,Medium Risk,Risk to Failure,Risk to Failure,25.67,28.33,46.0,46.0,Schedule Preventive Maintenance
MD02722,MRI Scanner,ImagingTech,Model-400,2,2,15016.37,9.21,4,30.436412333467278,Medium Risk,Failure,Risk to Failure,38.33,15.67,46.0,46.0,Schedule Preventive Maintenance
MD00951,X-Ray Machine,RescueTech,Model-250,7,3,10718.41,10.46,2,32.55066800511688,Medium Risk,Risk to Failure,Risk to Failure,25.0,29.0,46.0,46.0,Schedule Preventive Maintenance
MD01270,MRI Scanner,CardioSync,Model-300,4,2,10081.14,12.1,3,30.646628001820936,Medium Risk,Risk to Failure,Risk to Failure,32.33,21.67,46.0,46.0,Schedule Preventive Maintenance
MD03441,Defibrillator,ScanPro,Model-550,2,5,13289.07,12.58,1,24.79070025263607,Low Risk,Normal,Normal,26.0,46.0,28.0,46.0,Routine Monitoring
MD01456,CT Scanner,CardioSync,Model-650,6,5,9417.32,6.83,3,28.931765348685328,Medium Risk,Risk to Failure,Risk to Failure,28.0,26.0,46.0,46.0,Schedule Preventive Maintenance
MD01959,CT Scanner,RescueTech,Model-600,10,4,13511.62,12.4,3,44.33203388623885,Medium Risk,Risk to Failure,Risk to Failure,26.0,28.0,46.0,46.0,Schedule Preventive Maintenance
MD02147,X-Ray Machine,CardioSync,Model-150,3,2,14663.14,7.55,4,30.46400284882037,Medium Risk,Failure,Risk to Failure,13.67,40.33,46.0,46.0,Schedule Preventive Maintenance
MD01502,Infusion Pump,UltraMed,Model-600,7,3,10054.18,13.95,2,35.29027602159622,Medium Risk,Risk to Failure,Risk to Failure,26.0,28.0,46.0,46.0,Schedule Preventive Maintenance
MD02875,Defibrillator,ScanPro,Model-300,1,5,7978.78,11.62,2,20.717092014763463,Low Risk,Risk to Failure,Normal,24.33,45.67,30.0,45.67,Routine Monitoring
MD00438,Infusion Pump,ScanPro,Model-650,2,5,14357.02,7.5,2,23.37661993093153,Low Risk,Risk to Failure,Risk to Failure,23.67,30.67,45.67,45.67,Schedule Preventive Maintenance
MD04713,X-Ray Machine,UltraMed,Model-250,3,1,18115.99,22.33,2,41.63099936659106,Medium Risk,Risk to Failure,Failure,45.67,15.67,38.67,45.67,Inspect Immediately
MD01069,MRI Scanner,ScanPro,Model-600,2,5,8978.76,6.61,1,16.13633022642731,Low Risk,Normal,Normal,12.33,45.67,42.0,45.67,Routine Monitoring
MD02677,MRI Scanner,MedEquip,Model-450,5,4,10728.17,9.5,1,25.534715353383174,Low Risk,Normal,Risk to Failure,36.67,17.67,45.67,45.67,Schedule Preventive Maintenance
MD04397,MRI Scanner,MedEquip,Model-550,10,1,12933.0,11.0,1,37.617386084265554,Medium Risk,Normal,Risk to Failure,13.67,40.67,45.67,45.67,Schedule Preventive Maintenance
MD03563,Defibrillator,ScanPro,Model-400,5,5,10180.06,10.9,3,31.428502020861448,Medium Risk,Risk to Failure,Risk to Failure,19.67,34.67,45.67,45.67,Schedule Preventive Maintenance
MD05426,PET Scanner,UltraMed,Model-650,2,1,6235.01,8.24,1,15.642956885501818,Low Risk,Normal,Normal,20.0,45.67,34.33,45.67,Routine Monitoring
MD02058,X-Ray Machine,RescueTech,Model-200,4,5,12723.38,7.79,6,36.09067839641569,Medium Risk,Failure,Normal,12.67,45.67,41.67,45.67,Routine Monitoring
MD00648,CT Scanner,ScanPro,Model-600,12,1,15366.28,6.61,1,38.97167402113384,Medium Risk,Normal,Failure,45.67,23.0,31.33,45.67,Inspect Immediately
MD01607,CT Scanner,RescueTech,Model-300,8,4,15531.63,11.86,1,36.66854777937516,Medium Risk,Normal,Risk to Failure,26.0,28.33,45.67,45.67,Schedule Preventive Maintenance
MD05074,Defibrillator,ImagingTech,Model-650,11,4,7011.0,28.32,2,53.61872639159393,High Risk,Risk to Failure,Risk to Failure,43.0,11.33,45.67,45.67,Schedule Preventive Maintenance
MD01137,Defibrillator,ImagingTech,Model-200,6,1,13740.88,14.82,4,41.96155199743525,Medium Risk,Failure,Failure,45.67,12.67,41.67,45.67,Inspect Immediately
MD01483,Defibrillator,MedEquip,Model-400,12,3,13743.83,6.29,4,44.99409750059949,Medium Risk,Failure,Risk to Failure,16.67,37.67,45.67,45.67,Schedule Preventive Maintenance
MD01584,Defibrillator,UltraMed,Model-250,2,3,904.05,5.17,1,8.92358004203598,Low Risk,Normal,Normal,29.67,45.67,24.67,45.67,Routine Monitoring
MD05396,MRI Scanner,UltraMed,Model-350,2,2,7011.0,21.98,3,33.899178697908305,Medium Risk,Risk to Failure,Risk to Failure,39.33,15.0,45.67,45.67,Schedule Preventive Maintenance
MD02048,Infusion Pump,CardioSync,Model-600,12,1,14726.87,12.64,4,51.57542336524912,High Risk,Failure,Failure,45.67,20.33,34.0,45.67,Inspect Immediately
MD01368,MRI Scanner,RescueTech,Model-500,7,4,9580.29,15.28,3,38.67347931150261,Medium Risk,Risk to Failure,Risk to Failure,24.67,29.67,45.67,45.67,Schedule Preventive Maintenance
MD01666,CT Scanner,RescueTech,Model-250,7,3,10085.62,12.78,2,34.23251610650259,Medium Risk,Risk to Failure,Risk to Failure,22.67,31.67,45.67,45.67,Schedule Preventive Maintenance
MD00514,Infusion Pump,ScanPro,Model-350,4,1,11749.16,15.63,2,32.62230529540398,Medium Risk,Risk to Failure,Risk to Failure,38.0,16.67,45.33,45.33,Schedule Preventive Maintenance
MD02367,PET Scanner,MedEquip,Model-100,2,1,10598.14,6.93,5,27.61167014752532,Medium Risk,Failure,Risk to Failure,19.67,35.0,45.33,45.33,Schedule Preventive Maintenance
MD05432,PET Scanner,UltraMed,Model-500,9,4,11532.36,12.77,2,38.913642595371336,Medium Risk,Risk to Failure,Failure,45.33,12.67,42.0,45.33,Inspect Immediately
MD02738,X-Ray Machine,UltraMed,Model-550,2,4,15551.85,6.79,0,18.591306054736265,Low Risk,Normal,Risk to Failure,23.0,31.67,45.33,45.33,Schedule Preventive Maintenance
MD00197,PET Scanner,ScanPro,Model-550,8,1,6778.39,9.38,3,33.00087427450816,Medium Risk,Risk to Failure,Normal,23.67,45.33,31.0,45.33,Routine Monitoring
MD05301,Infusion Pump,MedEquip,Model-150,8,2,6021.14,9.66,5,37.7078125787681,Medium Risk,Failure,Risk to Failure,16.33,38.33,45.33,45.33,Schedule Preventive Maintenance
MD01583,X-Ray Machine,ScanPro,Model-150,11,3,6650.76,15.43,4,46.45049111948377,Medium Risk,Failure,Risk to Failure,21.67,33.0,45.33,45.33,Schedule Preventive Maintenance
MD03860,Infusion Pump,ScanPro,Model-350,8,2,9041.73,11.86,1,31.94043485368817,Medium Risk,Normal,Risk to Failure,38.67,16.0,45.33,45.33,Schedule Preventive Maintenance
MD02289,PET Scanner,ImagingTech,Model-250,9,4,11586.04,11.64,0,32.90903108965368,Medium Risk,Normal,Risk to Failure,24.33,30.33,45.33,45.33,Schedule Preventive Maintenance
MD05466,PET Scanner,ScanPro,Model-250,12,5,6958.92,14.03,1,39.70007453248433,Medium Risk,Normal,Risk to Failure,24.0,30.67,45.33,45.33,Schedule Preventive Maintenance
MD03537,X-Ray Machine,MedEquip,Model-600,3,4,13486.0,6.55,1,21.182770994263294,Low Risk,Normal,Risk to Failure,20.0,34.67,45.33,45.33,Schedule Preventive Maintenance
MD04322,X-Ray Machine,MedEquip,Model-550,7,1,10533.7,11.3,1,30.691962555553047,Medium Risk,Normal,Risk to Failure,30.67,24.0,45.33,45.33,Schedule Preventive Maintenance
MD02270,MRI Scanner,ScanPro,Model-350,7,2,9104.13,7.75,2,28.87153129224152,Medium Risk,Risk to Failure,Risk to Failure,23.33,31.33,45.33,45.33,Schedule Preventive Maintenance
MD05312,X-Ray Machine,UltraMed,Model-450,6,1,7011.0,27.7,11,66.45515720216267,High Risk,Failure,Failure,45.33,9.33,45.33,45.33,Inspect Immediately
MD02868,PET Scanner,UltraMed,Model-400,3,5,16686.28,14.43,6,43.292608965659824,Medium Risk,Failure,Risk to Failure,41.0,14.0,45.0,45.0,Schedule Preventive Maintenance
MD03658,Infusion Pump,CardioSync,Model-250,5,2,8279.78,12.58,2,29.09580753440313,Medium Risk,Risk to Failure,Risk to Failure,25.67,29.33,45.0,45.0,Schedule Preventive Maintenance
MD00051,CT Scanner,UltraMed,Model-650,2,5,7011.0,27.72,5,44.20090283583934,Medium Risk,Failure,Failure,45.0,23.0,32.0,45.0,Inspect Immediately
MD00211,CT Scanner,ImagingTech,Model-500,11,1,9553.47,7.04,3,38.3158298634341,Medium Risk,Risk to Failure,Risk to Failure,14.0,41.0,45.0,45.0,Schedule Preventive Maintenance
MD04512,Infusion Pump,ScanPro,Model-250,9,2,7808.73,14.79,3,40.5666150154223,Medium Risk,Risk to Failure,Risk to Failure,32.67,22.33,45.0,45.0,Schedule Preventive Maintenance
MD00481,Defibrillator,UltraMed,Model-250,2,5,9210.8,7.79,2,19.895280737877663,Low Risk,Risk to Failure,Failure,45.0,24.67,30.33,45.0,Inspect Immediately
MD01603,X-Ray Machine,ScanPro,Model-100,9,4,15770.8,7.93,4,42.531046970351255,Medium Risk,Failure,Risk to Failure,28.0,27.0,45.0,45.0,Schedule Preventive Maintenance
MD01811,MRI Scanner,ScanPro,Model-100,2,3,13670.52,6.55,2,21.999018273147342,Low Risk,Risk to Failure,Risk to Failure,25.33,29.67,45.0,45.0,Schedule Preventive Maintenance
MD04633,CT Scanner,MedEquip,Model-300,9,4,8128.21,14.99,1,35.98409612764404,Medium Risk,Normal,Risk to Failure,32.0,23.0,45.0,45.0,Schedule Preventive Maintenance
MD02851,Infusion Pump,RescueTech,Model-250,7,5,14848.38,12.73,5,45.15616652172741,Medium Risk,Failure,Risk to Failure,19.67,35.33,45.0,45.0,Schedule Preventive Maintenance
MD03128,Infusion Pump,UltraMed,Model-650,5,4,23261.74,6.55,2,34.44109377516772,Medium Risk,Risk to Failure,Failure,44.67,26.67,28.67,44.67,Inspect Immediately
MD01419,MRI Scanner,ImagingTech,Model-500,5,1,13513.03,6.46,1,24.755698826325187,Low Risk,Normal,Normal,26.67,44.67,28.67,44.67,Routine Monitoring
MD01295,Defibrillator,ScanPro,Model-550,6,5,13145.5,14.67,1,33.88925061556072,Medium Risk,Normal,Risk to Failure,20.0,35.33,44.67,44.67,Schedule Preventive Maintenance
MD03472,MRI Scanner,RescueTech,Model-450,9,1,14691.93,8.59,1,34.854659385304494,Medium Risk,Normal,Risk to Failure,19.0,36.33,44.67,44.67,Schedule Preventive Maintenance
MD01573,PET Scanner,ScanPro,Model-400,3,3,10160.59,11.48,1,23.31366811287483,Low Risk,Normal,Risk to Failure,21.0,34.33,44.67,44.67,Schedule Preventive Maintenance
MD04407,Infusion Pump,ImagingTech,Model-250,4,4,11513.91,8.38,0,20.75448909615867,Low Risk,Normal,Risk to Failure,29.67,25.67,44.67,44.67,Schedule Preventive Maintenance
MD04967,X-Ray Machine,ImagingTech,Model-650,11,5,7757.71,9.51,2,36.78896155552934,Medium Risk,Risk to Failure,Normal,11.67,44.67,43.67,44.67,Routine Monitoring
MD02815,Infusion Pump,ScanPro,Model-400,3,5,12710.55,14.33,1,27.803789880867114,Medium Risk,Normal,Risk to Failure,30.0,25.33,44.67,44.67,Schedule Preventive Maintenance
MD00338,MRI Scanner,MedEquip,Model-550,2,1,6877.42,8.62,4,23.96195964590465,Low Risk,Failure,Normal,29.67,44.67,25.67,44.67,Routine Monitoring
MD01020,X-Ray Machine,CardioSync,Model-500,3,5,14719.57,12.17,3,32.27235540278619,Medium Risk,Risk to Failure,Risk to Failure,23.33,32.0,44.67,44.67,Schedule Preventive Maintenance
MD00419,CT Scanner,CardioSync,Model-200,11,1,14021.78,7.49,0,34.486786097054406,Medium Risk,Normal,Normal,15.33,44.67,40.0,44.67,Routine Monitoring
MD03058,Defibrillator,CardioSync,Model-150,3,3,13056.5,7.26,4,29.025653810722048,Medium Risk,Failure,Risk to Failure,23.0,32.33,44.67,44.67,Schedule Preventive Maintenance
MD01789,Defibrillator,RescueTech,Model-250,12,4,11974.32,15.99,3,50.16430887570106,High Risk,Risk to Failure,Risk to Failure,14.33,41.0,44.67,44.67,Schedule Preventive Maintenance
MD03395,MRI Scanner,UltraMed,Model-550,7,1,12213.71,11.52,0,29.619108962163885,Medium Risk,Normal,Risk to Failure,12.67,42.67,44.67,44.67,Schedule Preventive Maintenance
MD02739,Defibrillator,MedEquip,Model-350,8,3,7881.88,7.62,0,24.679188514869946,Low Risk,Normal,Normal,15.0,44.67,40.33,44.67,Routine Monitoring
MD01850,CT Scanner,RescueTech,Model-300,2,1,9311.88,11.84,2,23.709684503250465,Low Risk,Risk to Failure,Risk to Failure,17.0,38.33,44.67,44.67,Schedule Preventive Maintenance
MD04207,X-Ray Machine,ScanPro,Model-200,6,2,7011.0,29.91,7,58.49641335979814,High Risk,Failure,Risk to Failure,40.67,15.0,44.33,44.33,Schedule Preventive Maintenance
MD05100,MRI Scanner,ImagingTech,Model-400,3,4,8989.03,6.8,2,20.63748669981502,Low Risk,Risk to Failure,Risk to Failure,15.33,40.33,44.33,44.33,Schedule Preventive Maintenance
MD03277,PET Scanner,UltraMed,Model-100,8,1,11232.9,12.98,3,39.57125949729593,Medium Risk,Risk to Failure,Failure,44.33,26.67,29.0,44.33,Inspect Immediately
MD01055,X-Ray Machine,MedEquip,Model-400,8,3,13460.64,9.57,2,35.54461332946211,Medium Risk,Risk to Failure,Risk to Failure,36.33,19.33,44.33,44.33,Schedule Preventive Maintenance
MD00399,Defibrillator,ScanPro,Model-600,2,3,6699.6,14.38,3,26.652608771096705,Low Risk,Risk to Failure,Risk to Failure,12.0,43.67,44.33,44.33,Schedule Preventive Maintenance
MD01182,Defibrillator,MedEquip,Model-300,9,5,10627.79,8.0,4,38.84884440105294,Medium Risk,Failure,Risk to Failure,28.67,27.0,44.33,44.33,Schedule Preventive Maintenance
MD04885,MRI Scanner,MedEquip,Model-600,8,1,9515.67,7.63,1,28.37869656191128,Medium Risk,Normal,Risk to Failure,14.67,41.0,44.33,44.33,Schedule Preventive Maintenance
MD03481,CT Scanner,MedEquip,Model-200,2,5,9790.03,8.69,4,26.148550285503628,Low Risk,Failure,Risk to Failure,33.33,22.33,44.33,44.33,Schedule Preventive Maintenance
MD03447,PET Scanner,MedEquip,Model-450,5,5,9231.72,12.35,2,29.57688978418551,Medium Risk,Risk to Failure,Normal,12.67,44.33,43.0,44.33,Routine Monitoring
MD02689,MRI Scanner,CardioSync,Model-500,4,2,9248.09,6.28,0,17.164106974288018,Low Risk,Normal,Normal,20.0,44.33,35.67,44.33,Routine Monitoring
MD03954,Infusion Pump,MedEquip,Model-500,9,3,9195.95,6.12,1,28.569247050248837,Medium Risk,Normal,Normal,19.0,44.33,36.67,44.33,Routine Monitoring
MD03238,MRI Scanner,UltraMed,Model-200,4,4,15098.34,17.19,5,44.00318355848744,Medium Risk,Failure,Failure,44.33,13.0,42.67,44.33,Inspect Immediately
MD03591,Defibrillator,ScanPro,Model-400,6,3,7011.0,15.69,1,30.36217690659617,Medium Risk,Normal,Failure,44.33,17.67,38.0,44.33,Inspect Immediately
MD01154,X-Ray Machine,ImagingTech,Model-100,9,4,15547.44,12.61,1,39.19098171053487,Medium Risk,Normal,Risk to Failure,33.67,22.33,44.0,44.0,Schedule Preventive Maintenance
MD02483,Infusion Pump,MedEquip,Model-550,1,4,6118.76,9.01,2,16.951289884238584,Low Risk,Risk to Failure,Risk to Failure,20.0,36.0,44.0,44.0,Schedule Preventive Maintenance
MD02932,X-Ray Machine,ImagingTech,Model-350,12,1,7702.74,7.23,0,31.461184528673225,Medium Risk,Normal,Normal,13.0,44.0,43.0,44.0,Routine Monitoring
MD04874,Infusion Pump,MedEquip,Model-550,2,3,9151.57,9.56,3,23.986981884719583,Low Risk,Risk to Failure,Risk to Failure,31.67,24.33,44.0,44.0,Schedule Preventive Maintenance
MD01017,Infusion Pump,RescueTech,Model-450,5,5,11329.7,6.31,1,23.02652185001243,Low Risk,Normal,Normal,26.67,44.0,29.33,44.0,Routine Monitoring
MD01523,CT Scanner,ImagingTech,Model-250,6,1,11984.81,7.37,3,31.301037628364117,Medium Risk,Risk to Failure,Risk to Failure,15.67,40.33,44.0,44.0,Schedule Preventive Maintenance
MD00809,PET Scanner,RescueTech,Model-400,4,3,7938.68,10.79,1,22.875797639409555,Low Risk,Normal,Normal,15.67,44.0,40.33,44.0,Routine Monitoring
MD04168,MRI Scanner,ScanPro,Model-200,12,4,15830.59,15.49,8,65.0119100945435,High Risk,Failure,Risk to Failure,39.67,16.33,44.0,44.0,Schedule Preventive Maintenance
MD02921,Infusion Pump,ImagingTech,Model-150,12,1,12040.91,15.6,2,47.352600281106106,Medium Risk,Risk to Failure,Risk to Failure,30.0,26.33,43.67,43.67,Schedule Preventive Maintenance
MD03129,CT Scanner,CardioSync,Model-400,11,1,12098.94,12.45,2,42.66721253338843,Medium Risk,Risk to Failure,Risk to Failure,32.67,23.67,43.67,43.67,Schedule Preventive Maintenance
MD02184,X-Ray Machine,ImagingTech,Model-150,11,4,9049.56,12.82,0,35.78738423698648,Medium Risk,Normal,Normal,17.67,43.67,38.67,43.67,Routine Monitoring
MD00331,X-Ray Machine,ImagingTech,Model-600,4,5,13754.84,8.7,2,27.68264933636186,Medium Risk,Risk to Failure,Risk to Failure,13.33,43.0,43.67,43.67,Schedule Preventive Maintenance
MD02790,PET Scanner,UltraMed,Model-200,3,4,6842.3,15.91,1,24.987929733598488,Low Risk,Normal,Risk to Failure,28.67,27.67,43.67,43.67,Schedule Preventive Maintenance
MD03933,Defibrillator,ImagingTech,Model-150,2,1,7011.0,14.42,2,24.41642007721865,Low Risk,Risk to Failure,Normal,17.33,43.67,39.0,43.67,Routine Monitoring
MD00949,CT Scanner,MedEquip,Model-300,4,2,14108.32,8.38,2,27.644605038705024,Medium Risk,Risk to Failure,Risk to Failure,40.0,16.33,43.67,43.67,Schedule Preventive Maintenance
MD01871,CT Scanner,ScanPro,Model-150,7,2,12783.41,14.96,2,38.21149469389548,Medium Risk,Risk to Failure,Risk to Failure,32.67,23.67,43.67,43.67,Schedule Preventive Maintenance
MD03240,MRI Scanner,MedEquip,Model-250,9,2,11999.5,7.49,2,34.37712268606277,Medium Risk,Risk to Failure,Risk to Failure,15.67,40.67,43.67,43.67,Schedule Preventive Maintenance
MD05484,PET Scanner,RescueTech,Model-550,7,1,8766.31,14.43,0,29.79536866907892,Medium Risk,Normal,Risk to Failure,14.67,41.67,43.67,43.67,Schedule Preventive Maintenance
MD02551,PET Scanner,RescueTech,Model-550,11,4,13921.4,7.61,2,39.52449329071612,Medium Risk,Risk to Failure,Failure,43.67,23.33,33.0,43.67,Inspect Immediately
MD05381,CT Scanner,ScanPro,Model-450,6,3,12572.37,13.61,2,34.99264187421515,Medium Risk,Risk to Failure,Risk to Failure,35.67,20.67,43.67,43.67,Schedule Preventive Maintenance
MD05379,X-Ray Machine,ImagingTech,Model-300,2,2,12284.53,8.21,1,20.02252864058209,Low Risk,Normal,Risk to Failure,22.0,34.33,43.67,43.67,Schedule Preventive Maintenance
MD01281,X-Ray Machine,RescueTech,Model-250,5,2,15988.7,8.74,1,28.66521996958197,Medium Risk,Normal,Risk to Failure,37.0,19.67,43.33,43.33,Schedule Preventive Maintenance
MD05397,MRI Scanner,ScanPro,Model-250,4,1,13826.08,9.24,3,30.733318572735488,Medium Risk,Risk to Failure,Risk to Failure,34.0,22.67,43.33,43.33,Schedule Preventive Maintenance
MD02890,Infusion Pump,ImagingTech,Model-550,3,1,14785.22,9.97,3,30.288163956657336,Medium Risk,Risk to Failure,Risk to Failure,42.0,14.67,43.33,43.33,Schedule Preventive Maintenance
MD03821,Defibrillator,ScanPro,Model-150,12,3,6578.43,8.02,3,38.87176624945826,Medium Risk,Risk to Failure,Risk to Failure,21.0,35.67,43.33,43.33,Schedule Preventive Maintenance
MD02846,PET Scanner,MedEquip,Model-550,6,1,12988.21,15.21,3,39.27342797272092,Medium Risk,Risk to Failure,Risk to Failure,14.0,42.67,43.33,43.33,Schedule Preventive Maintenance
MD05214,MRI Scanner,RescueTech,Model-200,12,1,12123.28,13.0,3,47.511131795685245,Medium Risk,Risk to Failure,Normal,16.33,43.33,40.33,43.33,Routine Monitoring
MD03765,PET Scanner,MedEquip,Model-450,7,1,12673.01,7.44,3,33.68525173038791,Medium Risk,Risk to Failure,Risk to Failure,29.33,27.33,43.33,43.33,Schedule Preventive Maintenance
MD03554,MRI Scanner,MedEquip,Model-350,7,4,10988.38,7.06,3,32.106956245380765,Medium Risk,Risk to Failure,Risk to Failure,32.33,24.33,43.33,43.33,Schedule Preventive Maintenance
MD03590,Defibrillator,RescueTech,Model-500,3,1,9379.56,7.62,2,21.67939025256266,Low Risk,Risk to Failure,Risk to Failure,21.33,35.33,43.33,43.33,Schedule Preventive Maintenance
MD05295,Infusion Pump,UltraMed,Model-250,4,4,9932.22,15.15,1,28.3552529424093,Medium Risk,Normal,Risk to Failure,39.0,17.67,43.33,43.33,Schedule Preventive Maintenance
MD05310,Infusion Pump,RescueTech,Model-650,9,1,15489.07,14.92,8,58.78207786953897,High Risk,Failure,Risk to Failure,42.33,14.33,43.33,43.33,Schedule Preventive Maintenance
MD03506,Infusion Pump,RescueTech,Model-400,7,1,7139.01,13.92,1,30.638766147718144,Medium Risk,Normal,Failure,43.33,19.67,37.0,43.33,Inspect Immediately
MD01213,CT Scanner,UltraMed,Model-600,11,2,6103.14,13.39,2,39.1672948671532,Medium Risk,Risk to Failure,Risk to Failure,16.33,40.33,43.33,43.33,Schedule Preventive Maintenance
MD04091,X-Ray Machine,ImagingTech,Model-100,5,3,13160.1,8.81,1,26.669143817692124,Low Risk,Normal,Failure,43.33,17.67,39.0,43.33,Inspect Immediately
MD04429,PET Scanner,RescueTech,Model-400,2,1,14499.63,14.13,5,37.10428464019477,Medium Risk,Failure,Failure,43.33,37.67,19.0,43.33,Inspect Immediately
MD04937,Infusion Pump,ImagingTech,Model-150,9,5,15765.07,14.19,6,53.30889217485962,High Risk,Failure,Risk to Failure,40.0,17.0,43.0,43.0,Schedule Preventive Maintenance
MD02633,MRI Scanner,UltraMed,Model-600,12,4,9955.86,8.04,2,38.85081180545665,Medium Risk,Risk to Failure,Risk to Failure,35.67,21.33,43.0,43.0,Schedule Preventive Maintenance
MD03486,PET Scanner,RescueTech,Model-100,4,3,6650.8,13.29,2,26.746646548350103,Low Risk,Risk to Failure,Failure,43.0,15.67,41.33,43.0,Inspect Immediately
MD04340,Defibrillator,ImagingTech,Model-600,6,2,12693.34,8.79,0,25.628802191065148,Low Risk,Normal,Risk to Failure,20.0,37.0,43.0,43.0,Schedule Preventive Maintenance
MD01707,PET Scanner,UltraMed,Model-300,4,1,10243.42,6.39,3,25.49083972399358,Low Risk,Risk to Failure,Risk to Failure,33.67,23.33,43.0,43.0,Schedule Preventive Maintenance
MD02455,MRI Scanner,MedEquip,Model-650,10,4,9171.29,15.75,1,39.26416765303569,Medium Risk,Normal,Risk to Failure,34.0,23.0,43.0,43.0,Schedule Preventive Maintenance
MD02785,PET Scanner,RescueTech,Model-200,9,4,10103.29,10.67,0,30.932861313354703,Medium Risk,Normal,Risk to Failure,37.0,20.0,43.0,43.0,Schedule Preventive Maintenance
MD04317,CT Scanner,ImagingTech,Model-450,3,2,15706.05,10.33,2,28.791532252045123,Medium Risk,Risk to Failure,Risk to Failure,39.0,18.0,43.0,43.0,Schedule Preventive Maintenance
MD01885,CT Scanner,MedEquip,Model-600,8,3,8924.98,10.55,3,35.645403137587735,Medium Risk,Risk to Failure,Risk to Failure,29.67,27.33,43.0,43.0,Schedule Preventive Maintenance
MD03588,CT Scanner,UltraMed,Model-150,2,1,6988.74,9.6,1,17.448232466620432,Low Risk,Normal,Risk to Failure,19.33,37.67,43.0,43.0,Schedule Preventive Maintenance
MD05461,Defibrillator,RescueTech,Model-450,2,5,14257.77,7.48,1,20.78584002320639,Low Risk,Normal,Failure,43.0,25.0,32.0,43.0,Inspect Immediately
MD00801,CT Scanner,UltraMed,Model-300,6,3,7448.28,15.01,1,30.05267144440608,Medium Risk,Normal,Risk to Failure,25.67,31.33,43.0,43.0,Schedule Preventive Maintenance
MD01611,PET Scanner,MedEquip,Model-150,2,2,13341.98,6.17,1,18.90868048508389,Low Risk,Normal,Failure,43.0,34.33,22.67,43.0,Inspect Immediately
MD01927,Defibrillator,ScanPro,Model-400,2,5,14787.64,12.24,1,25.568420067647217,Low Risk,Normal,Risk to Failure,26.33,30.67,43.0,43.0,Schedule Preventive Maintenance
MD03237,X-Ray Machine,CardioSync,Model-200,5,1,10739.13,7.15,2,25.872133583761237,Low Risk,Risk to Failure,Risk to Failure,25.33,31.67,43.0,43.0,Schedule Preventive Maintenance
MD02169,X-Ray Machine,RescueTech,Model-100,6,5,13038.08,9.54,1,29.072690998698768,Medium Risk,Normal,Risk to Failure,26.33,30.67,43.0,43.0,Schedule Preventive Maintenance
MD03167,Defibrillator,UltraMed,Model-500,10,4,9189.22,7.55,3,36.70333864236893,Medium Risk,Risk to Failure,Normal,25.0,43.0,32.0,43.0,Routine Monitoring
MD01120,Infusion Pump,MedEquip,Model-400,2,2,13805.88,15.82,2,30.659824756097745,Medium Risk,Risk to Failure,Risk to Failure,40.33,16.67,43.0,43.0,Schedule Preventive Maintenance
MD01317,CT Scanner,CardioSync,Model-400,6,3,8237.16,8.76,2,27.35461410957018,Medium Risk,Risk to Failure,Risk to Failure,23.33,33.67,43.0,43.0,Schedule Preventive Maintenance
MD01531,PET Scanner,CardioSync,Model-600,4,5,15724.36,7.84,1,25.82317668081228,Low Risk,Normal,Failure,43.0,19.0,38.0,43.0,Inspect Immediately
MD00335,Infusion Pump,MedEquip,Model-300,5,3,14402.88,8.18,3,31.99265477329249,Medium Risk,Risk to Failure,Risk to Failure,29.33,27.67,43.0,43.0,Schedule Preventive Maintenance
MD01227,CT Scanner,CardioSync,Model-100,9,5,14665.9,7.92,1,34.21685328027483,Medium Risk,Normal,Risk to Failure,17.67,39.33,43.0,43.0,Schedule Preventive Maintenance
MD04915,Defibrillator,ScanPro,Model-150,9,4,11127.15,14.61,0,35.31794071495847,Medium Risk,Normal,Risk to Failure,23.0,34.33,42.67,42.67,Schedule Preventive Maintenance
MD04452,X-Ray Machine,ImagingTech,Model-150,5,1,12246.13,11.63,2,31.10796538389681,Medium Risk,Risk to Failure,Risk to Failure,21.0,36.33,42.67,42.67,Schedule Preventive Maintenance
MD04108,X-Ray Machine,UltraMed,Model-350,3,1,7011.0,23.73,3,37.33373982643495,Medium Risk,Risk to Failure,Risk to Failure,38.33,19.0,42.67,42.67,Schedule Preventive Maintenance
MD01896,PET Scanner,UltraMed,Model-300,10,5,7011.0,29.64,6,63.01975639607221,High Risk,Failure,Risk to Failure,35.0,22.33,42.67,42.67,Schedule Preventive Maintenance
MD01306,PET Scanner,ScanPro,Model-400,7,5,10037.82,9.12,1,28.317150308504296,Medium Risk,Normal,Normal,19.67,42.67,37.67,42.67,Routine Monitoring
MD03522,Infusion Pump,CardioSync,Model-550,4,4,7917.62,12.19,0,21.65355816125897,Low Risk,Normal,Risk to Failure,22.0,35.33,42.67,42.67,Schedule Preventive Maintenance
MD04039,X-Ray Machine,ImagingTech,Model-100,6,1,11951.53,6.01,1,25.020634380765458,Low Risk,Normal,Risk to Failure,24.67,32.67,42.67,42.67,Schedule Preventive Maintenance
MD05219,X-Ray Machine,RescueTech,Model-550,7,5,8968.72,7.99,0,23.99455537766409,Low Risk,Normal,Normal,23.67,42.67,33.67,42.67,Routine Monitoring
MD00888,X-Ray Machine,MedEquip,Model-500,8,5,8190.31,14.18,2,35.963003562642115,Medium Risk,Risk to Failure,Risk to Failure,33.67,23.67,42.67,42.67,Schedule Preventive Maintenance
MD01697,MRI Scanner,RescueTech,Model-650,2,2,13566.63,15.77,0,25.439340726197752,Low Risk,Normal,Risk to Failure,35.33,22.0,42.67,42.67,Schedule Preventive Maintenance
MD01988,PET Scanner,ScanPro,Model-450,5,2,13484.3,10.17,4,35.66149218190904,Medium Risk,Failure,Failure,42.67,17.0,40.33,42.67,Inspect Immediately
MD03825,Defibrillator,UltraMed,Model-400,2,4,12008.7,7.02,1,18.722439171266245,Low Risk,Normal,Failure,42.67,19.67,37.67,42.67,Inspect Immediately
MD05286,PET Scanner,CardioSync,Model-150,8,2,9043.54,10.62,0,28.29643330321705,Medium Risk,Normal,Risk to Failure,17.33,40.0,42.67,42.67,Schedule Preventive Maintenance
MD02405,PET Scanner,MedEquip,Model-150,9,2,9197.75,11.45,0,30.99358796813211,Medium Risk,Normal,Failure,42.33,35.0,22.67,42.33,Inspect Immediately
MD01130,CT Scanner,MedEquip,Model-150,4,3,14217.18,6.55,6,36.033642315981965,Medium Risk,Failure,Risk to Failure,32.0,25.67,42.33,42.33,Schedule Preventive Maintenance
MD04181,Defibrillator,MedEquip,Model-600,5,2,13162.13,6.55,0,22.083184318104053,Low Risk,Normal,Normal,37.0,42.33,20.67,42.33,Routine Monitoring
MD03023,X-Ray Machine,ImagingTech,Model-300,4,3,15715.58,8.77,3,31.67577029991442,Medium Risk,Risk to Failure,Risk to Failure,33.0,24.67,42.33,42.33,Schedule Preventive Maintenance
MD01700,CT Scanner,MedEquip,Model-200,11,5,14847.09,14.84,5,54.37684561118678,High Risk,Failure,Risk to Failure,25.0,32.67,42.33,42.33,Schedule Preventive Maintenance
MD00286,MRI Scanner,UltraMed,Model-200,6,4,15137.46,6.67,2,30.451298677176,Medium Risk,Risk to Failure,Risk to Failure,33.0,24.67,42.33,42.33,Schedule Preventive Maintenance
MD00246,Infusion Pump,UltraMed,Model-450,4,1,10556.66,8.24,1,22.427789562265943,Low Risk,Normal,Risk to Failure,38.33,19.33,42.33,42.33,Schedule Preventive Maintenance
MD03492,X-Ray Machine,CardioSync,Model-100,3,2,6269.24,8.16,0,14.912184797515977,Low Risk,Normal,Risk to Failure,15.67,42.0,42.33,42.33,Schedule Preventive Maintenance
MD04507,MRI Scanner,ImagingTech,Model-550,6,2,8127.4,8.48,1,24.516029526060954,Low Risk,Normal,Normal,29.67,42.33,28.0,42.33,Routine Monitoring
MD01649,PET Scanner,CardioSync,Model-500,12,5,13011.43,7.09,2,40.1994354417179,Medium Risk,Risk to Failure,Failure,42.33,26.0,31.67,42.33,Inspect Immediately
MD02464,X-Ray Machine,MedEquip,Model-600,12,3,15271.59,9.33,5,51.41500440587228,High Risk,Failure,Risk to Failure,32.67,25.0,42.33,42.33,Schedule Preventive Maintenance
MD04412,MRI Scanner,MedEquip,Model-400,5,1,15311.28,6.64,5,36.2320412824578,Medium Risk,Failure,Risk to Failure,29.0,28.67,42.33,42.33,Schedule Preventive Maintenance
MD02057,Defibrillator,CardioSync,Model-200,8,2,12800.42,8.06,1,31.16891616636982,Medium Risk,Normal,Risk to Failure,34.0,23.67,42.33,42.33,Schedule Preventive Maintenance
MD04301,MRI Scanner,MedEquip,Model-350,6,3,12324.71,15.84,2,36.8719422032701,Medium Risk,Risk to Failure,Failure,42.33,19.67,38.0,42.33,Inspect Immediately
MD04257,CT Scanner,RescueTech,Model-150,10,5,15728.3,13.01,2,44.01038431935421,Medium Risk,Risk to Failure,Risk to Failure,30.33,27.33,42.33,42.33,Schedule Preventive Maintenance
MD01942,CT Scanner,ScanPro,Model-550,10,1,6094.53,12.21,0,31.252938893240884,Medium Risk,Normal,Failure,42.33,23.0,34.67,42.33,Inspect Immediately
MD00995,Defibrillator,MedEquip,Model-450,6,3,10286.35,6.86,3,29.592592626257584,Medium Risk,Risk to Failure,Risk to Failure,23.33,34.33,42.33,42.33,Schedule Preventive Maintenance
MD02045,Infusion Pump,CardioSync,Model-200,2,2,6291.2,14.6,3,26.55827744844608,Low Risk,Risk to Failure,Failure,42.0,25.0,33.0,42.0,Inspect Immediately
MD00267,CT Scanner,RescueTech,Model-450,2,3,7011.0,10.12,3,22.94474520037136,Low Risk,Risk to Failure,Risk to Failure,25.0,33.0,42.0,42.0,Schedule Preventive Maintenance
MD04403,Defibrillator,CardioSync,Model-350,8,3,14980.59,8.03,2,35.22953481754912,Medium Risk,Risk to Failure,Risk to Failure,32.0,26.0,42.0,42.0,Schedule Preventive Maintenance
MD03987,PET Scanner,MedEquip,Model-500,3,5,11608.49,7.57,2,23.25705931607275,Low Risk,Risk to Failure,Normal,17.67,42.0,40.33,42.0,Routine Monitoring
MD04152,X-Ray Machine,ScanPro,Model-200,9,4,14237.88,6.44,3,37.53803107584922,Medium Risk,Risk to Failure,Risk to Failure,25.33,32.67,42.0,42.0,Schedule Preventive Maintenance
MD01206,Infusion Pump,RescueTech,Model-400,6,5,13247.22,9.53,0,26.71582015009443,Low Risk,Normal,Risk to Failure,26.33,31.67,42.0,42.0,Schedule Preventive Maintenance
MD05313,X-Ray Machine,ImagingTech,Model-250,1,1,12166.31,9.79,2,22.077579136662315,Low Risk,Risk to Failure,Normal,34.67,42.0,23.33,42.0,Routine Monitoring
MD03281,CT Scanner,ImagingTech,Model-100,2,2,8183.12,15.82,0,21.56345281908243,Low Risk,Normal,Failure,42.0,19.67,38.33,42.0,Inspect Immediately
MD00552,Defibrillator,ImagingTech,Model-250,7,2,10192.33,6.45,3,30.963583094753385,Medium Risk,Risk to Failure,Risk to Failure,23.33,34.67,42.0,42.0,Schedule Preventive Maintenance
MD04326,MRI Scanner,RescueTech,Model-150,10,1,10418.73,14.81,2,41.80474352790047,Medium Risk,Risk to Failure,Risk to Failure,26.67,31.33,42.0,42.0,Schedule Preventive Maintenance
MD01155,Defibrillator,RescueTech,Model-550,6,1,12314.81,7.69,2,29.33702035688253,Medium Risk,Risk to Failure,Risk to Failure,29.33,28.67,42.0,42.0,Schedule Preventive Maintenance
MD04593,X-Ray Machine,UltraMed,Model-650,1,2,10231.93,9.1,4,25.031002231311284,Low Risk,Failure,Risk to Failure,24.0,34.0,42.0,42.0,Schedule Preventive Maintenance
MD05465,Infusion Pump,RescueTech,Model-200,4,4,13494.89,6.41,3,27.878119135040656,Medium Risk,Risk to Failure,Normal,30.67,41.67,27.67,41.67,Routine Monitoring
MD04145,PET Scanner,RescueTech,Model-200,1,1,12230.49,13.33,4,30.39404088345753,Medium Risk,Failure,Risk to Failure,30.33,28.0,41.67,41.67,Schedule Preventive Maintenance
MD05266,MRI Scanner,MedEquip,Model-200,10,2,6377.39,8.93,0,28.429455375424943,Medium Risk,Normal,Normal,16.67,41.67,41.67,41.67,Routine Monitoring
MD00458,PET Scanner,ScanPro,Model-550,9,4,10387.92,11.09,0,31.5281549854803,Medium Risk,Normal,Failure,41.67,24.67,33.67,41.67,Inspect Immediately
MD04318,Defibrillator,ScanPro,Model-300,7,3,7719.76,8.0,1,25.593881983308165,Low Risk,Normal,Normal,19.33,41.67,39.0,41.67,Routine Monitoring
MD03603,Infusion Pump,UltraMed,Model-400,4,2,8952.46,10.54,2,25.88345952648273,Low Risk,Risk to Failure,Failure,41.33,23.67,35.0,41.33,Inspect Immediately
MD00229,PET Scanner,UltraMed,Model-300,8,4,7844.57,13.78,3,37.84166208305911,Medium Risk,Risk to Failure,Risk to Failure,32.33,26.33,41.33,41.33,Schedule Preventive Maintenance
MD03255,MRI Scanner,ScanPro,Model-600,2,2,6976.56,15.1,2,25.01940818336068,Low Risk,Risk to Failure,Risk to Failure,27.67,31.0,41.33,41.33,Schedule Preventive Maintenance
MD01564,PET Scanner,UltraMed,Model-650,8,2,10942.58,11.8,1,33.26985002325617,Medium Risk,Normal,Failure,41.33,19.33,39.33,41.33,Inspect Immediately
MD00652,PET Scanner,MedEquip,Model-650,1,5,9868.93,12.81,2,23.19326852058142,Low Risk,Risk to Failure,Risk to Failure,30.33,28.33,41.33,41.33,Schedule Preventive Maintenance
MD04089,Infusion Pump,ScanPro,Model-450,6,3,12584.54,6.3,2,28.249660842578077,Medium Risk,Risk to Failure,Failure,41.33,23.33,35.33,41.33,Inspect Immediately
MD00862,Infusion Pump,ScanPro,Model-650,8,4,11758.01,11.36,2,35.95751457695226,Medium Risk,Risk to Failure,Risk to Failure,31.67,27.0,41.33,41.33,Schedule Preventive Maintenance
MD01853,Infusion Pump,MedEquip,Model-400,1,1,7011.0,11.29,1,17.20722840682008,Low Risk,Normal,Risk to Failure,25.0,33.67,41.33,41.33,Schedule Preventive Maintenance
MD04682,Infusion Pump,UltraMed,Model-300,10,1,8376.49,15.82,2,41.24978398766523,Medium Risk,Risk to Failure,Risk to Failure,41.0,17.67,41.33,41.33,Schedule Preventive Maintenance
MD00631,MRI Scanner,MedEquip,Model-450,1,5,15777.78,6.67,0,16.82688448889652,Low Risk,Normal,Failure,41.33,23.67,35.0,41.33,Inspect Immediately
MD03399,CT Scanner,MedEquip,Model-550,7,2,6680.12,11.62,1,28.1800649355845,Medium Risk,Normal,Risk to Failure,23.0,35.67,41.33,41.33,Schedule Preventive Maintenance
MD02109,Infusion Pump,CardioSync,Model-650,5,4,10069.71,6.64,0,19.91337922789716,Low Risk,Normal,Normal,19.33,41.0,39.67,41.0,Routine Monitoring
MD01940,Defibrillator,RescueTech,Model-500,6,1,14960.63,7.26,1,28.3674227456275,Medium Risk,Normal,Risk to Failure,19.0,40.0,41.0,41.0,Schedule Preventive Maintenance
MD02079,X-Ray Machine,RescueTech,Model-150,10,3,13952.55,12.67,6,52.40265062740293,High Risk,Failure,Failure,41.0,27.0,32.0,41.0,Inspect Immediately
MD01256,MRI Scanner,ImagingTech,Model-400,2,2,12759.73,6.1,5,28.419836380486053,Medium Risk,Failure,Failure,40.67,34.67,24.67,40.67,Inspect Immediately
MD00894,Infusion Pump,ScanPro,Model-250,6,2,14807.69,12.09,2,35.21720764941284,Medium Risk,Risk to Failure,Failure,40.67,28.0,31.33,40.67,Inspect Immediately
MD04514,Infusion Pump,MedEquip,Model-350,3,2,10372.1,6.23,2,21.118622412061463,Low Risk,Risk to Failure,Risk to Failure,20.67,38.67,40.67,40.67,Schedule Preventive Maintenance
MD03172,Defibrillator,ImagingTech,Model-550,2,3,11248.3,6.82,2,20.483732839673813,Low Risk,Risk to Failure,Risk to Failure,38.0,21.33,40.67,40.67,Schedule Preventive Maintenance
MD01774,CT Scanner,MedEquip,Model-650,1,2,11487.13,7.17,3,21.66282266316339,Low Risk,Risk to Failure,Risk to Failure,35.33,24.33,40.33,40.33,Schedule Preventive Maintenance
MD00799,X-Ray Machine,CardioSync,Model-150,6,1,14996.89,6.77,2,30.44125318223631,Medium Risk,Risk to Failure,Risk to Failure,31.0,28.67,40.33,40.33,Schedule Preventive Maintenance
MD02443,PET Scanner,MedEquip,Model-400,6,2,15928.88,8.86,3,35.55065832120976,Medium Risk,Risk to Failure,Failure,40.33,25.0,34.67,40.33,Inspect Immediately
MD02919,CT Scanner,MedEquip,Model-550,8,1,13196.32,14.59,3,42.48874672512112,Medium Risk,Risk to Failure,Risk to Failure,23.33,36.33,40.33,40.33,Schedule Preventive Maintenance
MD02340,MRI Scanner,RescueTech,Model-250,9,4,10502.5,6.15,1,29.5488225315294,Medium Risk,Normal,Risk to Failure,25.0,34.67,40.33,40.33,Schedule Preventive Maintenance
MD04101,Infusion Pump,MedEquip,Model-100,10,1,11298.94,14.74,1,39.88135128377817,Medium Risk,Normal,Risk to Failure,28.33,31.33,40.33,40.33,Schedule Preventive Maintenance
MD01550,X-Ray Machine,RescueTech,Model-450,7,5,6011.05,15.77,4,39.02575275874508,Medium Risk,Failure,Risk to Failure,25.0,34.67,40.33,40.33,Schedule Preventive Maintenance
MD02762,Defibrillator,ScanPro,Model-300,12,5,15223.33,9.39,0,38.93526407335855,Medium Risk,Normal,Normal,20.0,40.33,39.67,40.33,Routine Monitoring
MD03973,X-Ray Machine,MedEquip,Model-550,11,2,14845.5,7.0,3,42.13430793175277,Medium Risk,Risk to Failure,Normal,21.67,40.33,38.0,40.33,Routine Monitoring
MD02181,PET Scanner,ImagingTech,Model-400,6,2,6176.07,15.35,3,34.43986258978855,Medium Risk,Risk to Failure,Risk to Failure,20.33,39.33,40.33,40.33,Schedule Preventive Maintenance
MD00586,MRI Scanner,ScanPro,Model-550,6,1,7011.0,14.98,1,29.70638872925627,Medium Risk,Normal,Risk to Failure,27.33,32.33,40.33,40.33,Schedule Preventive Maintenance
MD05125,Infusion Pump,ImagingTech,Model-600,10,2,6480.01,14.6,2,38.741286501905215,Medium Risk,Risk to Failure,Risk to Failure,22.33,37.33,40.33,40.33,Schedule Preventive Maintenance
MD04420,Infusion Pump,CardioSync,Model-300,9,1,14430.67,9.09,2,37.626145247769,Medium Risk,Risk to Failure,Risk to Failure,31.0,29.0,40.0,40.0,Schedule Preventive Maintenance
MD04446,MRI Scanner,UltraMed,Model-200,12,1,15151.96,8.19,1,40.27489421623249,Medium Risk,Normal,Risk to Failure,31.33,28.67,40.0,40.0,Schedule Preventive Maintenance
MD01197,PET Scanner,CardioSync,Model-550,9,4,9281.86,6.08,3,33.594889594957365,Medium Risk,Risk to Failure,Risk to Failure,28.67,31.33,40.0,40.0,Schedule Preventive Maintenance
MD02333,CT Scanner,UltraMed,Model-550,6,4,9929.24,14.14,2,33.556563773999244,Medium Risk,Risk to Failure,Failure,40.0,25.0,35.0,40.0,Inspect Immediately
MD04482,X-Ray Machine,CardioSync,Model-150,3,3,12560.21,9.15,1,22.90977931792775,Low Risk,Normal,Failure,40.0,20.0,40.0,40.0,Inspect Immediately
MD01433,Defibrillator,CardioSync,Model-600,4,1,13215.82,7.92,1,24.06951158003737,Low Risk,Normal,Normal,30.67,40.0,29.33,40.0,Routine Monitoring
MD04236,CT Scanner,UltraMed,Model-450,9,4,14933.17,6.55,1,33.146174478689176,Medium Risk,Normal,Risk to Failure,29.67,30.33,40.0,40.0,Schedule Preventive Maintenance
MD02287,X-Ray Machine,ImagingTech,Model-200,4,2,15916.21,7.87,1,25.99065529183856,Low Risk,Normal,Failure,40.0,25.0,35.0,40.0,Inspect Immediately
MD01952,MRI Scanner,MedEquip,Model-500,2,4,7049.45,14.18,1,21.722757333376897,Low Risk,Normal,Risk to Failure,37.67,22.67,39.67,39.67,Schedule Preventive Maintenance
MD03325,X-Ray Machine,MedEquip,Model-600,6,4,9302.26,8.66,1,25.538211160494612,Low Risk,Normal,Risk to Failure,36.33,24.0,39.67,39.67,Schedule Preventive Maintenance
MD02452,CT Scanner,ImagingTech,Model-550,9,5,10956.17,11.36,3,39.69152867786065,Medium Risk,Risk to Failure,Failure,39.67,35.0,25.33,39.67,Inspect Immediately
MD00488,PET Scanner,ScanPro,Model-650,9,1,15174.75,7.65,1,34.33818357905882,Medium Risk,Normal,Risk to Failure,27.0,33.33,39.67,39.67,Schedule Preventive Maintenance
MD05315,Defibrillator,MedEquip,Model-350,6,5,15271.09,7.09,2,30.93658371253082,Medium Risk,Risk to Failure,Risk to Failure,31.0,29.33,39.67,39.67,Schedule Preventive Maintenance
MD02065,MRI Scanner,MedEquip,Model-600,9,3,6644.02,8.8,1,29.185448690930052,Medium Risk,Normal,Risk to Failure,24.33,36.0,39.67,39.67,Schedule Preventive Maintenance
MD04287,Infusion Pump,RescueTech,Model-150,4,4,13340.77,14.73,0,27.950566536172023,Medium Risk,Normal,Normal,23.33,39.33,37.33,39.33,Routine Monitoring
MD00756,Infusion Pump,RescueTech,Model-600,3,2,15012.96,12.32,7,42.62464679645933,Medium Risk,Failure,Risk to Failure,36.33,24.33,39.33,39.33,Schedule Preventive Maintenance
MD01798,CT Scanner,ScanPro,Model-200,12,3,13968.41,12.57,2,45.95820428127789,Medium Risk,Risk to Failure,Risk to Failure,26.0,34.67,39.33,39.33,Schedule Preventive Maintenance
MD05450,Infusion Pump,RescueTech,Model-250,11,2,15816.21,9.74,2,42.872291366044806,Medium Risk,Risk to Failure,Normal,34.33,39.33,26.33,39.33,Routine Monitoring
MD01844,PET Scanner,ScanPro,Model-100,3,5,14265.4,12.01,0,24.293693856440825,Low Risk,Normal,Normal,33.0,39.33,27.67,39.33,Routine Monitoring
MD03423,Infusion Pump,ImagingTech,Model-450,3,4,12633.54,9.7,2,25.9712076436017,Low Risk,Risk to Failure,Risk to Failure,34.33,26.33,39.33,39.33,Schedule Preventive Maintenance
MD05184,Infusion Pump,UltraMed,Model-150,2,2,9886.17,13.56,5,33.21674425538737,Medium Risk,Failure,Risk to Failure,39.0,21.67,39.33,39.33,Schedule Preventive Maintenance
MD01493,X-Ray Machine,ScanPro,Model-650,4,5,13272.03,11.27,2,29.7046742998689,Medium Risk,Risk to Failure,Normal,22.33,39.33,38.33,39.33,Routine Monitoring
MD04196,MRI Scanner,CardioSync,Model-150,3,3,12425.15,7.82,1,21.582935237547385,Low Risk,Normal,Failure,39.33,27.0,33.67,39.33,Inspect Immediately
MD00129,Infusion Pump,MedEquip,Model-600,3,2,9155.01,14.36,1,25.24116739687034,Low Risk,Normal,Risk to Failure,28.0,32.67,39.33,39.33,Schedule Preventive Maintenance
MD01314,PET Scanner,ScanPro,Model-100,10,3,10273.31,11.38,0,33.53069666267622,Medium Risk,Normal,Risk to Failure,38.67,22.0,39.33,39.33,Schedule Preventive Maintenance
MD03200,Infusion Pump,ScanPro,Model-200,10,1,9933.47,14.36,2,41.03557471606749,Medium Risk,Risk to Failure,Risk to Failure,37.33,23.33,39.33,39.33,Schedule Preventive Maintenance
MD05276,PET Scanner,ScanPro,Model-400,2,2,9838.85,9.01,0,16.479683818742515,Low Risk,Normal,Risk to Failure,24.67,36.33,39.0,39.0,Schedule Preventive Maintenance
MD01667,CT Scanner,CardioSync,Model-300,10,5,7554.4,15.64,2,40.484607298884754,Medium Risk,Risk to Failure,Risk to Failure,29.0,32.0,39.0,39.0,Schedule Preventive Maintenance
MD04586,MRI Scanner,ScanPro,Model-450,8,5,11860.77,7.19,2,32.1807777474562,Medium Risk,Risk to Failure,Risk to Failure,38.67,22.33,39.0,39.0,Schedule Preventive Maintenance
MD04128,X-Ray Machine,ImagingTech,Model-550,2,3,10133.05,9.1,4,26.77714660575869,Low Risk,Failure,Failure,39.0,28.33,32.67,39.0,Inspect Immediately
MD00372,Infusion Pump,ImagingTech,Model-400,3,1,11598.66,12.89,6,38.16369093012065,Medium Risk,Failure,Failure,39.0,26.0,35.0,39.0,Inspect Immediately
MD00346,Infusion Pump,MedEquip,Model-300,9,2,12631.34,13.15,3,42.56527213253205,Medium Risk,Risk to Failure,Risk to Failure,25.67,35.33,39.0,39.0,Schedule Preventive Maintenance
MD03252,Defibrillator,ImagingTech,Model-150,9,4,6998.93,15.59,1,35.71556442352043,Medium Risk,Normal,Risk to Failure,24.67,36.33,39.0,39.0,Schedule Preventive Maintenance
MD00238,CT Scanner,UltraMed,Model-450,2,2,14085.83,6.54,4,27.29234928310614,Medium Risk,Failure,Normal,29.67,39.0,31.33,39.0,Routine Monitoring
MD04064,Infusion Pump,MedEquip,Model-400,12,3,7243.71,11.53,2,40.0984404350775,Medium Risk,Risk to Failure,Normal,31.67,38.67,29.67,38.67,Routine Monitoring
MD03388,PET Scanner,ImagingTech,Model-100,6,2,10668.46,6.43,1,24.47380527232441,Low Risk,Normal,Risk to Failure,30.0,31.33,38.67,38.67,Schedule Preventive Maintenance
MD01975,PET Scanner,UltraMed,Model-250,6,4,14733.33,6.02,7,42.05650676621231,Medium Risk,Failure,Normal,24.0,38.67,37.33,38.67,Routine Monitoring
MD00190,Infusion Pump,CardioSync,Model-600,9,5,14261.11,13.34,1,38.92810763045509,Medium Risk,Normal,Risk to Failure,35.33,26.0,38.67,38.67,Schedule Preventive Maintenance
MD01620,PET Scanner,ScanPro,Model-550,5,3,10914.36,9.12,5,35.319375880584815,Medium Risk,Failure,Risk to Failure,24.67,36.67,38.67,38.67,Schedule Preventive Maintenance
MD03352,MRI Scanner,MedEquip,Model-450,5,5,6057.56,9.0,1,21.67019442184089,Low Risk,Normal,Risk to Failure,23.33,38.0,38.67,38.67,Schedule Preventive Maintenance
MD00592,X-Ray Machine,CardioSync,Model-500,7,3,6018.89,9.47,1,25.71249894820756,Low Risk,Normal,Risk to Failure,32.67,28.67,38.67,38.67,Schedule Preventive Maintenance
MD03618,MRI Scanner,CardioSync,Model-450,9,3,13192.91,15.44,3,45.08954276446785,Medium Risk,Risk to Failure,Risk to Failure,26.0,35.67,38.33,38.33,Schedule Preventive Maintenance
MD03270,CT Scanner,MedEquip,Model-600,5,1,9767.67,12.83,1,27.910697345014555,Medium Risk,Normal,Risk to Failure,37.67,24.0,38.33,38.33,Schedule Preventive Maintenance
MD05324,PET Scanner,RescueTech,Model-450,3,4,13014.2,14.32,0,25.515772782337,Low Risk,Normal,Failure,38.33,23.33,38.33,38.33,Inspect Immediately
MD01424,CT Scanner,RescueTech,Model-250,1,5,11741.57,10.8,6,32.70102337110753,Medium Risk,Failure,Risk to Failure,28.0,33.67,38.33,38.33,Schedule Preventive Maintenance
MD02267,MRI Scanner,CardioSync,Model-200,3,2,13868.71,7.28,1,22.13584933216971,Low Risk,Normal,Risk to Failure,30.0,31.67,38.33,38.33,Schedule Preventive Maintenance
MD01292,X-Ray Machine,UltraMed,Model-350,7,1,7769.13,7.72,1,25.371229018138912,Low Risk,Normal,Normal,32.67,38.33,29.0,38.33,Routine Monitoring
MD00699,CT Scanner,RescueTech,Model-100,10,4,10770.99,6.34,0,29.23810105913534,Medium Risk,Normal,Normal,24.33,38.33,37.33,38.33,Routine Monitoring
MD05069,X-Ray Machine,CardioSync,Model-200,5,1,12794.7,6.55,0,21.815499063741864,Low Risk,Normal,Risk to Failure,31.0,30.67,38.33,38.33,Schedule Preventive Maintenance
MD03504,X-Ray Machine,RescueTech,Model-550,12,1,10494.76,9.53,3,43.11965031503884,Medium Risk,Risk to Failure,Risk to Failure,31.33,30.33,38.33,38.33,Schedule Preventive Maintenance
MD04583,X-Ray Machine,ImagingTech,Model-550,3,2,9673.06,9.74,1,21.351343065765995,Low Risk,Normal,Risk to Failure,24.67,37.0,38.33,38.33,Schedule Preventive Maintenance
MD00086,PET Scanner,ImagingTech,Model-150,1,1,20113.67,6.55,9,42.37489041529466,Medium Risk,Failure,Failure,38.33,33.0,28.67,38.33,Inspect Immediately
MD01813,CT Scanner,ScanPro,Model-600,6,3,13122.09,6.65,1,26.46456016621086,Low Risk,Normal,Risk to Failure,37.0,25.0,38.0,38.0,Schedule Preventive Maintenance
MD02026,X-Ray Machine,ImagingTech,Model-200,4,3,15298.44,6.22,2,26.516574052997612,Low Risk,Risk to Failure,Risk to Failure,28.33,33.67,38.0,38.0,Schedule Preventive Maintenance
MD00204,Defibrillator,ScanPro,Model-250,11,1,11102.57,10.79,2,40.40807186199835,Medium Risk,Risk to Failure,Normal,30.0,38.0,32.0,38.0,Routine Monitoring
MD03003,Infusion Pump,ImagingTech,Model-600,1,5,8948.85,6.33,1,14.037737266101484,Low Risk,Normal,Normal,24.33,38.0,37.67,38.0,Routine Monitoring
MD00418,CT Scanner,MedEquip,Model-650,9,2,11782.65,9.03,2,35.64155387728711,Medium Risk,Risk to Failure,Risk to Failure,37.33,24.67,38.0,38.0,Schedule Preventive Maintenance
MD00867,MRI Scanner,MedEquip,Model-550,5,1,8474.12,9.66,1,24.040346500553817,Low Risk,Normal,Failure,38.0,37.0,25.0,38.0,Inspect Immediately
MD02894,PET Scanner,RescueTech,Model-650,6,4,10851.38,6.05,4,31.75608349328604,Medium Risk,Failure,Normal,24.33,38.0,37.67,38.0,Routine Monitoring
MD00507,Defibrillator,RescueTech,Model-150,9,4,7342.21,8.47,2,31.88930090153653,Medium Risk,Risk to Failure,Risk to Failure,28.33,33.67,38.0,38.0,Schedule Preventive Maintenance
MD03758,Defibrillator,RescueTech,Model-400,10,1,6240.61,10.9,2,35.149387773183264,Medium Risk,Risk to Failure,Normal,25.0,37.67,37.33,37.67,Routine Monitoring
MD01285,PET Scanner,ImagingTech,Model-500,8,1,12546.62,6.21,1,29.27527039014816,Medium Risk,Normal,Risk to Failure,27.33,35.0,37.67,37.67,Schedule Preventive Maintenance
MD01702,CT Scanner,MedEquip,Model-300,2,4,10912.99,6.13,3,22.10213282704505,Low Risk,Risk to Failure,Risk to Failure,33.0,29.33,37.67,37.67,Schedule Preventive Maintenance
MD02124,MRI Scanner,UltraMed,Model-450,12,2,11999.5,7.49,2,39.83166814060822,Medium Risk,Risk to Failure,Risk to Failure,25.33,37.0,37.67,37.67,Schedule Preventive Maintenance
MD01579,MRI Scanner,CardioSync,Model-150,1,4,14507.68,8.58,2,22.665735993767065,Low Risk,Risk to Failure,Risk to Failure,32.0,30.33,37.67,37.67,Schedule Preventive Maintenance
MD03982,PET Scanner,CardioSync,Model-150,11,2,14878.09,12.78,2,44.9967208061497,Medium Risk,Risk to Failure,Risk to Failure,31.67,30.67,37.67,37.67,Schedule Preventive Maintenance
MD05085,PET Scanner,ScanPro,Model-200,2,3,10225.0,10.09,2,22.75854417574101,Low Risk,Risk to Failure,Normal,31.0,37.33,31.67,37.33,Routine Monitoring
MD05258,PET Scanner,ScanPro,Model-450,4,4,10951.49,9.83,1,24.184032707844207,Low Risk,Normal,Risk to Failure,30.67,32.0,37.33,37.33,Schedule Preventive Maintenance
MD00332,MRI Scanner,MedEquip,Model-400,2,4,11101.64,15.1,2,28.024669291774188,Medium Risk,Risk to Failure,Risk to Failure,32.33,30.67,37.0,37.0,Schedule Preventive Maintenance
MD00936,X-Ray Machine,CardioSync,Model-300,9,3,9188.77,11.5,2,36.03322799865718,Medium Risk,Risk to Failure,Risk to Failure,32.0,31.0,37.0,37.0,Schedule Preventive Maintenance
MD00074,PET Scanner,RescueTech,Model-150,3,1,11596.72,12.0,1,24.840233239149683,Low Risk,Normal,Normal,27.0,37.0,36.0,37.0,Routine Monitoring
MD01081,MRI Scanner,MedEquip,Model-400,9,3,7011.0,15.36,4,43.0119194054766,Medium Risk,Failure,Normal,26.67,36.67,36.67,36.67,Routine Monitoring
MD04126,Defibrillator,ImagingTech,Model-600,6,1,15076.12,6.26,1,27.527915819209657,Medium Risk,Normal,Failure,36.67,35.67,27.67,36.67,Inspect Immediately
MD02981,PET Scanner,MedEquip,Model-100,9,3,9796.17,9.45,3,37.082266654998776,Medium Risk,Risk to Failure,Failure,36.67,27.33,36.0,36.67,Inspect Immediately
MD03712,MRI Scanner,ScanPro,Model-200,2,2,11297.1,9.24,1,20.25450697464612,Low Risk,Normal,Risk to Failure,33.0,30.33,36.67,36.67,Schedule Preventive Maintenance
MD00948,PET Scanner,RescueTech,Model-250,3,1,12683.53,15.22,3,33.60614922666668,Medium Risk,Risk to Failure,Risk to Failure,33.33,30.0,36.67,36.67,Schedule Preventive Maintenance
MD02171,X-Ray Machine,ScanPro,Model-550,9,4,8777.84,15.54,2,39.46537860809284,Medium Risk,Risk to Failure,Normal,28.0,36.67,35.33,36.67,Routine Monitoring
MD03036,Infusion Pump,CardioSync,Model-400,2,1,7011.0,17.9,4,32.63070579150436,Medium Risk,Failure,Failure,36.67,32.67,30.67,36.67,Inspect Immediately
MD05391,Infusion Pump,ScanPro,Model-600,9,5,15622.65,11.69,0,35.896021059473654,Medium Risk,Normal,Failure,36.33,27.67,36.0,36.33,Inspect Immediately
MD03912,X-Ray Machine,MedEquip,Model-650,8,4,9973.9,8.22,0,26.75748344405587,Low Risk,Normal,Failure,36.33,28.67,35.0,36.33,Inspect Immediately
MD02324,X-Ray Machine,ImagingTech,Model-550,10,5,14058.89,9.74,3,42.2738421467369,Medium Risk,Risk to Failure,Risk to Failure,29.0,35.0,36.0,36.0,Schedule Preventive Maintenance
MD04502,PET Scanner,RescueTech,Model-600,12,3,15964.98,8.07,4,48.25636950540742,High Risk,Failure,Failure,36.0,29.33,34.67,36.0,Inspect Immediately
MD03872,Defibrillator,CardioSync,Model-400,10,2,14270.66,7.0,1,34.89733561846288,Medium Risk,Normal,Risk to Failure,34.33,30.0,35.67,35.67,Schedule Preventive Maintenance
MD02587,PET Scanner,ScanPro,Model-100,12,5,15660.37,6.1,4,46.21486947728978,Medium Risk,Failure,Risk to Failure,30.33,34.0,35.67,35.67,Schedule Preventive Maintenance
MD02442,PET Scanner,ScanPro,Model-100,2,5,9366.71,11.12,0,18.084605392934705,Low Risk,Normal,Risk to Failure,30.0,34.67,35.33,35.33,Schedule Preventive Maintenance
MD01264,X-Ray Machine,ImagingTech,Model-150,4,4,13641.05,7.71,1,24.185340583418785,Low Risk,Normal,Normal,32.33,35.33,32.33,35.33,Routine Monitoring
MD03785,PET Scanner,CardioSync,Model-650,9,1,15691.76,6.77,1,33.90203507011234,Medium Risk,Normal,Risk to Failure,33.67,31.0,35.33,35.33,Schedule Preventive Maintenance
MD03118,Defibrillator,MedEquip,Model-500,4,2,15121.85,6.29,4,31.45257740311105,Medium Risk,Failure,Failure,35.33,33.0,31.67,35.33,Inspect Immediately
MD01780,PET Scanner,ScanPro,Model-300,8,2,10319.54,14.71,0,33.00375207023704,Medium Risk,Normal,Risk to Failure,31.33,33.33,35.33,35.33,Schedule Preventive Maintenance
MD02431,CT Scanner,ScanPro,Model-150,5,5,15550.29,6.12,0,23.425872631681077,Low Risk,Normal,Risk to Failure,33.33,31.67,35.0,35.0,Schedule Preventive Maintenance
MD02092,MRI Scanner,RescueTech,Model-200,2,2,12878.17,14.78,5,36.52336532892973,Medium Risk,Failure,Failure,35.0,32.0,33.0,35.0,Inspect Immediately
MD00228,CT Scanner,ScanPro,Model-600,5,4,9639.25,6.55,1,22.01664639554066,Low Risk,Normal,Normal,31.0,34.67,34.33,34.67,Routine Monitoring
MD02062,CT Scanner,ScanPro,Model-250,2,5,7578.53,8.23,1,16.612520456632886,Low Risk,Normal,Risk to Failure,33.33,32.33,34.33,34.33,Schedule Preventive Maintenance
